id_estudiante,nombres,apellidos,correo,semestre,tipo_vulnerabilidad,riesgo_desercion,tipo_participante,riesgo_spadies,fecha_ingreso_programa,nivel_riesgo,requiere_tutoria,fecha_asignacion,tipo_intervencion,fecha_atencion,condicion_socioeconomica,fecha_solicitud,aprobado
540571,Noland,Revey,nrevey0@yolasite.com,1,Múltiple,Medio,Nuevo,Bajo,2/21/2022,Alto,true,9/11/2010,Asesoría grupal,12/5/2022,Múltiple,3/4/2010,true
38585,Isiahi,Fullwood,ifullwood1@sbwire.com,9,Múltiple,Medio,Admitido,Bajo,7/28/2008,Alto,true,7/29/2007,Talleres psicosociales,4/25/2022,Académica,10/13/2012,true
131493,Wrennie,Aspling,waspling2@ovh.net,3,Psicosocial,Muy bajo,Admitido,Bajo,5/5/2010,Alto,true,9/5/2020,Asesoría grupal,5/4/2003,Económica,8/9/2008,true
290452,Ricki,Onslow,ronslow3@sitemeter.com,4,Académica,Bajo,Media académica,Bajo,1/15/2013,Medio,true,5/27/2020,Otro,12/16/2008,Económica,12/7/2012,false
412911,Adriena,Bagniuk,abagniuk4@spotify.com,9,Académica,Muy alto,Media académica,Bajo,1/2/2013,Medio,true,9/16/2000,Otro,11/6/2010,Psicosocial,3/10/2016,false
723219,Pauletta,Herche,pherche5@fda.gov,2,Múltiple,Bajo,Nuevo,Medio,8/2/2022,Muy Bajo,true,5/4/2006,Asesoría grupal,6/7/2018,Múltiple,2/20/2009,true
92388,Barney,Dorre,bdorre6@loc.gov,1,Económica,Alto,Media académica,Alto,,Medio,false,12/5/2019,Terapia individual,1/6/2005,Psicosocial,1/14/2008,true
11317,Jasmin,Mews,jmews7@mtv.com,7,Psicosocial,Muy alto,Admitido,Medio,11/24/2019,Medio,true,4/3/2008,Otro,3/21/2001,Académica,4/29/2001,true
395621,Hedvige,Hansmann,hhansmann8@ucla.edu,10,Académica,Alto,Nuevo,Bajo,10/7/2005,Alto,true,4/11/2017,Terapia individual,6/20/2003,Académica,1/16/2008,true
936055,Osbourne,Tesoe,otesoe9@desdev.cn,6,Múltiple,Muy alto,Nuevo,Medio,6/6/2009,Bajo,true,4/5/2015,Asesoría grupal,8/30/2019,Académica,8/24/2001,false
366145,Gabbie,Marrett,gmarretta@furl.net,7,Múltiple,Alto,Nuevo,Bajo,3/25/2001,Alto,false,8/13/2005,Asesoría grupal,12/25/2002,Académica,5/30/2017,false
463484,Stoddard,Silvers,ssilversb@narod.ru,3,Económica,Medio,Admitido,Alto,,Bajo,false,5/1/2008,Talleres psicosociales,3/27/2004,Académica,1/10/2016,true
393973,Murry,Pallent,mpallentc@privacy.gov.au,8,Económica,Alto,Nuevo,Alto,3/4/2007,Muy Bajo,true,7/13/2014,Otro,2/13/2011,Económica,12/2/2011,true
613077,Regan,Powles,rpowlesd@fda.gov,6,Económica,Bajo,Media académica,Medio,1/13/2022,Muy Bajo,true,10/16/2014,Asesoría grupal,9/14/2002,Psicosocial,1/14/2009,true
272736,Felice,Petworth,fpetworthe@theglobeandmail.com,4,Psicosocial,Muy alto,Admitido,Bajo,3/4/2022,Muy Bajo,false,6/19/2007,Asesoría grupal,3/8/2011,Psicosocial,9/11/2012,false
885666,Lauren,Clowney,lclowneyf@jiathis.com,7,Psicosocial,Medio,Nuevo,Bajo,8/7/2002,Alto,true,4/13/2020,Talleres psicosociales,10/25/2020,Múltiple,10/22/2021,false
349846,Ly,Pikhno,lpikhnog@craigslist.org,2,Económica,Muy bajo,Nuevo,Alto,,Medio,false,2/8/2015,Actividades de autocuidado,12/28/2003,Académica,5/20/2014,true
766667,Catina,Boyen,cboyenh@earthlink.net,9,Psicosocial,Muy alto,Nuevo,Bajo,12/24/2012,Medio,false,3/4/2008,Actividades de autocuidado,9/4/2011,Múltiple,7/21/2009,true
950289,Rik,Mariyushkin,rmariyushkini@tripadvisor.com,2,Psicosocial,Medio,Nuevo,Alto,3/20/2005,Medio,true,9/23/2010,Actividades de autocuidado,7/8/2020,Múltiple,11/30/2009,true
209637,Cole,Joice,cjoicej@zdnet.com,6,Económica,Alto,Nuevo,Bajo,3/4/2020,Muy Bajo,false,12/9/2016,Actividades de autocuidado,8/8/2013,Académica,10/2/2011,false
236584,Clemente,Bastistini,cbastistinik@ebay.co.uk,5,Económica,Muy alto,Admitido,Bajo,10/14/2015,Alto,false,8/22/2007,Otro,5/21/2017,Psicosocial,10/13/2017,false
620554,Nesta,Servis,nservisl@sphinn.com,7,Psicosocial,Alto,Media académica,Medio,3/3/2002,Bajo,true,8/26/2001,Terapia individual,11/3/2000,Psicosocial,12/11/2009,false
871365,Helyn,Vasyukov,hvasyukovm@usatoday.com,1,Económica,Bajo,Admitido,Medio,6/7/2008,Muy Bajo,false,4/9/2017,Otro,5/31/2002,Múltiple,10/31/2016,false
914849,Bearnard,Itzkowicz,bitzkowiczn@cpanel.net,8,Psicosocial,Medio,Admitido,Medio,1/25/2006,Alto,true,6/24/2020,Asesoría grupal,1/2/2000,Psicosocial,1/29/2008,false
676499,Sherm,Tomenson,stomensono@usgs.gov,3,Psicosocial,Alto,Admitido,Bajo,,Muy Bajo,false,11/5/2016,Asesoría grupal,3/22/2019,Psicosocial,12/14/2002,true
14808,Ronnie,Longfut,rlongfutp@oaic.gov.au,3,Académica,Bajo,Nuevo,Alto,1/25/2008,Muy Bajo,true,6/28/2004,Otro,9/4/2001,Económica,9/17/2007,false
169290,Faulkner,Jutson,fjutsonq@dagondesign.com,1,Psicosocial,Medio,Nuevo,Medio,,Muy Bajo,true,8/28/2011,Asesoría grupal,1/1/2012,Múltiple,8/10/2003,false
597233,Arlee,Kubista,akubistar@irs.gov,3,Múltiple,Medio,Nuevo,Medio,9/17/2006,Muy Bajo,true,6/18/2008,Talleres psicosociales,4/13/2017,Económica,9/24/2004,false
736672,Bearnard,Kleynermans,bkleynermanss@ifeng.com,1,Múltiple,Bajo,Nuevo,Alto,10/31/2008,Muy Bajo,false,5/11/2007,Otro,2/20/2022,Económica,10/13/2000,true
819008,Bekki,Tripean,btripeant@blinklist.com,3,Económica,Alto,Media académica,Bajo,3/11/2007,Muy Bajo,true,8/18/2020,Talleres psicosociales,12/23/2008,Múltiple,5/12/2009,false
699455,Marya,Dunkerly,mdunkerlyu@blog.com,8,Psicosocial,Alto,Media académica,Bajo,7/3/2001,Muy Bajo,false,4/28/2013,Otro,8/5/2011,Académica,11/23/2005,false
932802,Aubrey,Scanlan,ascanlanv@stanford.edu,5,Psicosocial,Muy alto,Admitido,Medio,7/15/2012,Bajo,true,5/6/2020,Talleres psicosociales,12/2/2009,Económica,1/13/2001,false
439731,Tedi,O'Cahsedy,tocahsedyw@fotki.com,6,Económica,Muy alto,Media académica,Medio,3/23/2014,Alto,false,12/30/2015,Talleres psicosociales,10/7/2002,Económica,7/2/2003,true
934639,Angeline,Rodda,aroddax@berkeley.edu,7,Académica,Bajo,Media académica,Alto,4/12/2011,Alto,true,11/21/2021,Asesoría grupal,12/18/2002,Múltiple,2/14/2003,false
304017,Winne,Pyner,wpynery@washington.edu,4,Académica,Bajo,Media académica,Alto,6/24/2013,Alto,false,1/3/2003,Actividades de autocuidado,10/25/2004,Múltiple,10/10/2009,false
403984,Herve,Dominico,hdominicoz@gmpg.org,1,Académica,Muy bajo,Nuevo,Alto,11/22/2001,Muy Bajo,true,9/8/2003,Terapia individual,10/15/2004,Económica,6/24/2019,true
137857,Anetta,Calliss,acalliss10@cdbaby.com,10,Múltiple,Alto,Media académica,Medio,7/17/2022,Bajo,false,8/21/2017,Terapia individual,10/21/2006,Psicosocial,1/5/2004,false
730558,Yoshiko,Wilsee,ywilsee11@theguardian.com,6,Psicosocial,Bajo,Admitido,Alto,9/15/2020,Alto,true,9/19/2008,Talleres psicosociales,3/30/2011,Académica,9/26/2001,true
960007,Fonz,Cosins,fcosins12@engadget.com,4,Académica,Medio,Nuevo,Medio,1/7/2004,Medio,true,10/1/2021,Terapia individual,10/13/2000,Psicosocial,10/28/2021,false
447365,Leoine,Mewes,lmewes13@arstechnica.com,8,Múltiple,Alto,Nuevo,Medio,10/19/2004,Bajo,true,5/4/2022,Asesoría grupal,10/13/2011,Académica,5/25/2007,false
668001,Corina,McClounan,cmcclounan14@fc2.com,4,Económica,Medio,Media académica,Alto,8/12/2004,Muy Bajo,true,10/3/2003,Otro,10/20/2014,Múltiple,11/1/2016,false
881839,Haslett,Orgill,horgill15@answers.com,2,Académica,Medio,Media académica,Medio,5/22/2016,Bajo,true,2/3/2015,Talleres psicosociales,2/13/2004,Económica,1/1/2004,true
680992,Kriste,Colquitt,kcolquitt16@friendfeed.com,4,Académica,Muy bajo,Media académica,Medio,10/11/2001,Alto,true,9/5/2006,Actividades de autocuidado,4/22/2011,Económica,7/6/2020,false
336277,Ardra,Ivanov,aivanov17@youtu.be,8,Múltiple,Muy alto,Admitido,Medio,10/27/2019,Medio,true,1/14/2010,Asesoría grupal,7/2/2013,Múltiple,3/19/2016,false
272798,Kara-lynn,Aberdalgy,kaberdalgy18@mail.ru,2,Económica,Muy bajo,Admitido,Alto,8/23/2008,Bajo,true,9/27/2012,Actividades de autocuidado,2/23/2022,Psicosocial,10/11/2020,true
811677,Roddy,Garnsworthy,rgarnsworthy19@about.com,3,Académica,Medio,Admitido,Bajo,1/31/2004,Medio,true,12/18/2010,Otro,4/23/2021,Psicosocial,9/9/2001,false
270225,Willa,Clohisey,wclohisey1a@wp.com,2,Académica,Medio,Media académica,Bajo,6/4/2009,Muy Bajo,false,8/25/2017,Asesoría grupal,5/7/2003,Psicosocial,10/3/2008,false
883568,Claudine,McCorkell,cmccorkell1b@pen.io,4,Psicosocial,Muy alto,Media académica,Bajo,3/6/2010,Alto,false,4/25/2001,Asesoría grupal,2/27/2011,Múltiple,6/1/2010,true
915022,Horatius,Johanssen,hjohanssen1c@opera.com,1,Múltiple,Medio,Nuevo,Bajo,8/30/2022,Medio,false,5/26/2009,Terapia individual,7/9/2019,Psicosocial,8/18/2010,false
626175,Lindsay,Geydon,lgeydon1d@bloglines.com,1,Psicosocial,Muy alto,Nuevo,Bajo,,Alto,false,4/7/2016,Actividades de autocuidado,4/30/2003,Económica,4/3/2018,false
261784,Mariana,Colafate,mcolafate1e@umich.edu,8,Psicosocial,Alto,Nuevo,Alto,10/18/2019,Alto,true,7/21/2000,Otro,1/15/2002,Múltiple,10/28/2014,true
437249,Nealson,Sundin,nsundin1f@posterous.com,2,Múltiple,Muy alto,Media académica,Medio,2/22/2015,Muy Bajo,true,12/1/2011,Terapia individual,5/27/2009,Múltiple,12/18/2011,true
111996,Shawnee,Seago,sseago1g@samsung.com,9,Académica,Alto,Admitido,Medio,8/17/2003,Alto,true,4/6/2000,Otro,6/12/2006,Económica,4/9/2015,false
387600,Ilysa,Epelett,iepelett1h@tinyurl.com,10,Económica,Medio,Media académica,Alto,8/5/2011,Muy Bajo,false,7/20/2000,Terapia individual,3/7/2005,Académica,5/4/2008,true
903521,Estel,Tattoo,etattoo1i@wix.com,9,Académica,Alto,Nuevo,Medio,5/12/2018,Bajo,true,3/6/2013,Actividades de autocuidado,10/20/2014,Económica,12/2/2019,false
194002,Marcos,Casper,mcasper1j@vinaora.com,5,Económica,Muy alto,Media académica,Bajo,11/11/2018,Bajo,false,7/10/2007,Terapia individual,9/4/2015,Económica,5/6/2017,false
166701,Vania,Riddoch,vriddoch1k@usa.gov,10,Académica,Bajo,Media académica,Medio,11/17/2006,Medio,false,7/14/2005,Asesoría grupal,7/8/2008,Económica,1/29/2000,false
622222,Gregory,Bolter,gbolter1l@pagesperso-orange.fr,4,Psicosocial,Medio,Nuevo,Medio,12/27/2005,Medio,true,6/19/2017,Otro,2/2/2013,Académica,3/31/2006,false
799308,Dolorita,Mackerel,dmackerel1m@prlog.org,1,Económica,Muy bajo,Nuevo,Alto,4/12/2003,Alto,false,7/29/2001,Terapia individual,5/13/2013,Económica,6/25/2004,false
158114,Bridget,Polson,bpolson1n@miibeian.gov.cn,9,Psicosocial,Medio,Nuevo,Bajo,,Bajo,false,6/14/2012,Terapia individual,6/13/2022,Académica,4/8/2008,true
344734,Viviana,Brennon,vbrennon1o@google.es,6,Académica,Muy bajo,Nuevo,Alto,7/5/2022,Bajo,true,11/13/2004,Terapia individual,4/14/2000,Psicosocial,8/2/2001,true
860919,Leah,Hadlow,lhadlow1p@domainmarket.com,3,Múltiple,Alto,Nuevo,Medio,2/7/2006,Medio,true,9/13/2014,Otro,7/17/2010,Económica,5/3/2019,true
616976,Regine,Bruhn,rbruhn1q@friendfeed.com,4,Psicosocial,Muy alto,Media académica,Bajo,7/24/2003,Bajo,true,9/4/2001,Terapia individual,8/25/2010,Académica,2/15/2019,false
719634,Aindrea,Goss,agoss1r@de.vu,3,Múltiple,Alto,Admitido,Medio,10/26/2006,Alto,false,6/19/2002,Otro,8/10/2014,Psicosocial,12/11/2010,false
884277,Claudell,Syme,csyme1s@tuttocitta.it,10,Múltiple,Muy bajo,Admitido,Medio,1/4/2008,Alto,true,9/1/2010,Terapia individual,2/7/2021,Psicosocial,7/30/2009,false
990437,Melisandra,Cowper,mcowper1t@cam.ac.uk,5,Múltiple,Medio,Nuevo,Alto,4/12/2009,Alto,true,5/17/2011,Actividades de autocuidado,7/5/2020,Económica,10/5/2008,false
974795,Benedetta,Lister,blister1u@amazon.co.uk,9,Académica,Bajo,Admitido,Bajo,,Bajo,false,8/23/2021,Talleres psicosociales,10/25/2004,Académica,1/21/2011,false
573598,Martainn,MacGiolla,mmacgiolla1v@usnews.com,8,Múltiple,Alto,Nuevo,Bajo,8/21/2001,Alto,true,11/18/2019,Talleres psicosociales,3/15/2019,Económica,12/20/2014,false
223407,Hastings,MacMickan,hmacmickan1w@discovery.com,1,Académica,Muy alto,Admitido,Bajo,2/6/2013,Alto,true,12/30/2016,Terapia individual,3/5/2005,Psicosocial,7/28/2014,false
422279,Maryjo,Scarsbrooke,mscarsbrooke1x@soup.io,3,Académica,Muy alto,Admitido,Bajo,12/30/2014,Bajo,false,3/23/2018,Actividades de autocuidado,1/28/2011,Psicosocial,3/9/2019,false
198096,Jamil,Vizor,jvizor1y@unicef.org,10,Psicosocial,Medio,Media académica,Bajo,3/23/2017,Muy Bajo,true,4/26/2002,Otro,7/12/2018,Psicosocial,12/2/2007,true
674327,Barrie,Kliemchen,bkliemchen1z@msn.com,10,Económica,Alto,Admitido,Medio,6/14/2020,Muy Bajo,true,4/6/2006,Asesoría grupal,10/19/2006,Académica,9/26/2013,true
517178,Savina,Sidgwick,ssidgwick20@blogs.com,2,Psicosocial,Alto,Admitido,Bajo,10/8/2021,Muy Bajo,true,8/29/2018,Terapia individual,1/24/2012,Académica,9/30/2014,true
884344,Maxi,Lubeck,mlubeck21@google.fr,2,Académica,Bajo,Media académica,Medio,6/15/2013,Muy Bajo,true,2/11/2000,Actividades de autocuidado,5/27/2019,Múltiple,5/14/2014,false
899276,Bernie,Hought,bhought22@admin.ch,9,Psicosocial,Medio,Nuevo,Bajo,5/31/2005,Muy Bajo,true,5/18/2009,Asesoría grupal,11/3/2007,Académica,9/5/2006,false
583159,Janelle,Soppett,jsoppett23@alibaba.com,6,Económica,Medio,Nuevo,Medio,11/12/2001,Medio,false,10/8/2018,Talleres psicosociales,4/7/2021,Múltiple,2/21/2008,false
830046,Price,Widocks,pwidocks24@whitehouse.gov,5,Económica,Medio,Media académica,Medio,8/9/2020,Alto,true,12/15/2022,Talleres psicosociales,8/8/2003,Psicosocial,3/14/2015,true
286667,Darsie,Jachimak,djachimak25@de.vu,9,Económica,Bajo,Admitido,Bajo,8/4/2000,Medio,true,5/30/2001,Asesoría grupal,5/7/2019,Académica,6/12/2018,false
622507,Erastus,Grundy,egrundy26@craigslist.org,4,Económica,Muy alto,Media académica,Alto,,Muy Bajo,true,4/17/2003,Otro,11/6/2012,Académica,4/4/2019,true
445426,Dion,Trank,dtrank27@stanford.edu,5,Académica,Bajo,Admitido,Bajo,10/5/2015,Muy Bajo,false,7/1/2012,Terapia individual,4/12/2000,Múltiple,10/1/2006,true
624772,Ardys,Boundley,aboundley28@macromedia.com,6,Psicosocial,Alto,Admitido,Medio,3/22/2002,Muy Bajo,true,5/29/2001,Talleres psicosociales,6/16/2000,Económica,11/27/2000,true
576864,Jeanna,Crowley,jcrowley29@plala.or.jp,8,Académica,Medio,Media académica,Alto,10/18/2016,Bajo,false,2/11/2018,Otro,8/28/2022,Psicosocial,7/29/2007,true
817070,Gabe,Reynolds,greynolds2a@alexa.com,1,Múltiple,Bajo,Admitido,Bajo,8/15/2015,Bajo,false,1/2/2011,Asesoría grupal,10/12/2012,Psicosocial,6/17/2011,false
553865,Veda,MacDermott,vmacdermott2b@boston.com,9,Psicosocial,Bajo,Admitido,Alto,5/16/2019,Bajo,false,1/20/2013,Talleres psicosociales,4/8/2007,Económica,2/17/2003,true
138517,Marius,McTiernan,mmctiernan2c@tripod.com,4,Psicosocial,Alto,Media académica,Medio,10/16/2011,Bajo,true,9/12/2018,Terapia individual,11/17/2015,Múltiple,6/18/2021,false
53054,Dacey,Emeney,demeney2d@dagondesign.com,4,Psicosocial,Muy bajo,Admitido,Medio,1/7/2014,Medio,true,10/24/2007,Actividades de autocuidado,5/20/2014,Múltiple,11/13/2021,false
865503,Corabella,Tortoishell,ctortoishell2e@hibu.com,3,Psicosocial,Alto,Nuevo,Bajo,6/29/2009,Muy Bajo,false,1/30/2017,Asesoría grupal,3/12/2014,Académica,5/6/2009,false
827132,Ogdan,Dullard,odullard2f@so-net.ne.jp,4,Psicosocial,Bajo,Media académica,Bajo,2/20/2004,Alto,false,9/21/2015,Actividades de autocuidado,2/3/2022,Económica,4/25/2007,false
126904,Kirk,Burston,kburston2g@tumblr.com,1,Múltiple,Bajo,Nuevo,Medio,5/25/2003,Alto,false,12/20/2020,Otro,8/18/2004,Múltiple,3/25/2011,false
751248,Billy,MacCallum,bmaccallum2h@go.com,10,Académica,Alto,Nuevo,Bajo,9/11/2000,Medio,false,12/7/2020,Asesoría grupal,2/19/2021,Académica,2/25/2004,true
349956,Anthiathia,Londing,alonding2i@wsj.com,2,Psicosocial,Bajo,Media académica,Medio,1/17/2015,Medio,false,3/23/2010,Asesoría grupal,1/8/2016,Económica,1/29/2015,false
323644,Jacquelin,Beecroft,jbeecroft2j@arstechnica.com,10,Psicosocial,Medio,Nuevo,Bajo,2/18/2014,Medio,true,1/4/2002,Talleres psicosociales,7/20/2011,Académica,10/2/2007,true
987656,Randal,Slorach,rslorach2k@mapquest.com,10,Económica,Muy bajo,Admitido,Bajo,,Alto,false,10/12/2001,Otro,5/20/2020,Múltiple,11/19/2012,false
992439,Lucila,Blunden,lblunden2l@sogou.com,2,Múltiple,Muy bajo,Admitido,Bajo,,Bajo,false,1/4/2009,Otro,6/5/2002,Múltiple,11/10/2001,true
484334,Alric,Keepin,akeepin2m@hc360.com,9,Económica,Medio,Admitido,Medio,7/27/2004,Alto,false,3/22/2005,Asesoría grupal,6/18/2005,Académica,1/12/2001,false
443239,Orren,Shuxsmith,oshuxsmith2n@yellowbook.com,9,Académica,Muy alto,Nuevo,Bajo,6/19/2017,Medio,false,1/18/2018,Otro,7/7/2008,Académica,4/11/2019,false
667122,Kay,Kenson,kkenson2o@drupal.org,2,Psicosocial,Bajo,Admitido,Bajo,4/8/2008,Alto,false,10/3/2011,Terapia individual,2/22/2011,Económica,2/18/2010,false
614236,Terrance,Godsmark,tgodsmark2p@networksolutions.com,9,Académica,Muy alto,Admitido,Alto,8/19/2006,Muy Bajo,true,1/14/2004,Asesoría grupal,4/7/2019,Económica,8/5/2020,false
786675,Danica,Fanton,dfanton2q@xing.com,9,Económica,Alto,Nuevo,Medio,6/27/2000,Alto,false,3/3/2012,Otro,3/14/2011,Múltiple,5/25/2007,false
373187,Evanne,Allenson,eallenson2r@washingtonpost.com,4,Psicosocial,Alto,Admitido,Alto,2/7/2019,Bajo,true,9/8/2000,Asesoría grupal,7/20/2007,Psicosocial,5/19/2020,true
882798,Tatiana,Leverett,tleverett2s@unc.edu,2,Múltiple,Alto,Nuevo,Medio,11/8/2016,Medio,false,9/6/2012,Asesoría grupal,2/8/2021,Psicosocial,9/9/2003,true
316961,Kassie,Benediktsson,kbenediktsson2t@cmu.edu,8,Económica,Muy bajo,Media académica,Bajo,12/12/2004,Medio,true,4/27/2007,Terapia individual,8/19/2009,Psicosocial,1/31/2016,false
944512,Lazar,Petrello,lpetrello2u@privacy.gov.au,7,Económica,Bajo,Media académica,Bajo,2/15/2017,Muy Bajo,true,1/16/2004,Terapia individual,9/6/2008,Psicosocial,9/24/2009,false
512032,Karina,Waye,kwaye2v@elegantthemes.com,8,Económica,Muy bajo,Media académica,Bajo,7/9/2014,Bajo,false,3/11/2018,Terapia individual,4/26/2008,Múltiple,9/21/2002,false
731345,Donica,Jillard,djillard2w@engadget.com,9,Académica,Muy alto,Media académica,Medio,8/2/2015,Bajo,true,7/29/2002,Talleres psicosociales,10/2/2018,Económica,4/7/2010,true
561876,Joshua,Ould,jould2x@irs.gov,4,Psicosocial,Muy bajo,Media académica,Bajo,3/2/2020,Alto,true,6/3/2022,Terapia individual,7/5/2003,Económica,6/4/2006,true
953409,Marvin,Hubane,mhubane2y@trellian.com,2,Económica,Muy bajo,Nuevo,Medio,12/26/2011,Medio,true,2/28/2001,Talleres psicosociales,10/26/2005,Psicosocial,9/24/2006,false
373957,Ira,Denys,idenys2z@google.com.au,10,Múltiple,Alto,Media académica,Bajo,11/9/2019,Medio,false,3/4/2000,Actividades de autocuidado,2/20/2007,Académica,1/8/2012,false
339169,Natalie,Daw,ndaw30@privacy.gov.au,8,Múltiple,Medio,Media académica,Alto,6/22/2011,Alto,true,12/15/2002,Talleres psicosociales,4/29/2014,Múltiple,7/5/2017,true
633181,Fenelia,Antley,fantley31@list-manage.com,7,Académica,Alto,Admitido,Alto,10/18/2022,Alto,true,10/22/2009,Terapia individual,1/11/2021,Económica,8/16/2002,true
74222,Kevyn,Dey,kdey32@freewebs.com,7,Académica,Bajo,Nuevo,Alto,4/7/2007,Muy Bajo,true,12/11/2006,Terapia individual,5/27/2019,Psicosocial,3/6/2015,false
196283,Imogene,Vallis,ivallis33@unc.edu,7,Múltiple,Muy alto,Media académica,Bajo,4/19/2013,Alto,true,7/12/2010,Actividades de autocuidado,10/23/2013,Académica,12/29/2019,true
995247,Joyous,Hardiman,jhardiman34@java.com,4,Psicosocial,Medio,Nuevo,Bajo,11/6/2005,Bajo,false,8/18/2001,Actividades de autocuidado,11/22/2020,Económica,4/10/2019,true
756165,Benson,Guillard,bguillard35@cdc.gov,6,Psicosocial,Bajo,Admitido,Alto,8/22/2004,Alto,true,4/7/2019,Actividades de autocuidado,3/24/2019,Académica,5/27/2019,true
705936,Randal,Hagley,rhagley36@nifty.com,9,Múltiple,Bajo,Media académica,Alto,6/18/2022,Muy Bajo,true,10/10/2007,Terapia individual,1/5/2011,Económica,3/17/2020,true
112668,Ag,Hutchason,ahutchason37@opera.com,8,Psicosocial,Medio,Admitido,Bajo,10/16/2012,Alto,false,3/22/2020,Terapia individual,3/17/2004,Académica,12/19/2008,false
96721,Vonni,Flanaghan,vflanaghan38@auda.org.au,4,Económica,Alto,Media académica,Alto,7/28/2002,Muy Bajo,true,9/8/2007,Actividades de autocuidado,4/6/2010,Psicosocial,8/13/2008,true
296327,Ondrea,Surgeoner,osurgeoner39@nytimes.com,6,Económica,Muy bajo,Admitido,Medio,5/3/2012,Medio,true,10/14/2015,Terapia individual,10/12/2003,Psicosocial,12/11/2019,false
175930,Wilie,Garfitt,wgarfitt3a@networksolutions.com,5,Psicosocial,Alto,Media académica,Medio,3/2/2018,Medio,false,3/12/2007,Talleres psicosociales,9/8/2007,Económica,7/1/2004,false
656859,Oberon,Gavin,ogavin3b@bluehost.com,9,Económica,Bajo,Nuevo,Medio,6/17/2004,Medio,false,8/17/2000,Otro,12/5/2009,Económica,4/24/2011,false
46473,Mord,Turpey,mturpey3c@twitpic.com,3,Múltiple,Medio,Admitido,Medio,3/7/2013,Muy Bajo,true,3/21/2016,Talleres psicosociales,8/8/2015,Psicosocial,10/12/2014,false
614267,Jeanelle,Mellenby,jmellenby3d@photobucket.com,3,Múltiple,Muy alto,Nuevo,Bajo,3/23/2016,Alto,false,7/10/2012,Terapia individual,6/8/2015,Psicosocial,3/15/2022,false
189880,Ermanno,Noddings,enoddings3e@dedecms.com,10,Académica,Medio,Nuevo,Bajo,9/21/2022,Medio,true,10/30/2013,Terapia individual,10/10/2005,Psicosocial,7/2/2006,true
434032,Rachele,Allberry,rallberry3f@usnews.com,8,Académica,Bajo,Nuevo,Bajo,9/14/2013,Medio,false,7/19/2005,Otro,8/22/2002,Múltiple,4/19/2019,false
15133,Aggy,Kenwood,akenwood3g@europa.eu,4,Múltiple,Alto,Nuevo,Alto,8/15/2009,Muy Bajo,true,3/20/2021,Otro,1/1/2007,Académica,1/19/2005,true
866512,Ruthie,Zute,rzute3h@virginia.edu,4,Económica,Muy bajo,Nuevo,Medio,12/3/2020,Bajo,false,9/28/2022,Terapia individual,7/18/2004,Económica,8/22/2004,false
11720,Tally,Juza,tjuza3i@instagram.com,3,Económica,Alto,Media académica,Bajo,4/28/2006,Bajo,true,9/20/2004,Otro,6/16/2005,Económica,1/10/2006,true
903557,Ulrica,Fenix,ufenix3j@dailymotion.com,7,Psicosocial,Bajo,Media académica,Bajo,7/29/2016,Alto,false,8/25/2002,Terapia individual,10/9/2015,Múltiple,12/22/2012,false
466264,Thorny,Kybbye,tkybbye3k@mediafire.com,3,Psicosocial,Muy bajo,Admitido,Bajo,5/18/2001,Medio,true,2/27/2008,Terapia individual,8/28/2016,Económica,3/22/2013,false
274742,Gregg,Janjic,gjanjic3l@linkedin.com,1,Múltiple,Alto,Media académica,Medio,3/28/2006,Bajo,false,9/30/2014,Terapia individual,11/2/2006,Económica,6/28/2006,true
42991,Matt,Nuttey,mnuttey3m@prnewswire.com,9,Psicosocial,Muy bajo,Nuevo,Alto,3/30/2004,Muy Bajo,false,8/12/2020,Asesoría grupal,4/23/2012,Múltiple,9/24/2016,false
585775,Keri,Mussilli,kmussilli3n@google.nl,9,Académica,Bajo,Nuevo,Alto,7/22/2007,Muy Bajo,true,10/17/2022,Otro,10/9/2017,Económica,3/19/2014,false
379992,Frayda,Pucker,fpucker3o@dropbox.com,6,Psicosocial,Medio,Admitido,Bajo,1/11/2001,Alto,true,8/11/2013,Actividades de autocuidado,6/25/2018,Psicosocial,1/30/2001,false
629171,Paulie,MacCurtain,pmaccurtain3p@bloglovin.com,8,Psicosocial,Muy bajo,Media académica,Alto,4/11/2021,Muy Bajo,true,1/31/2008,Talleres psicosociales,1/8/2011,Psicosocial,12/15/2009,true
190860,Karina,Rawlcliffe,krawlcliffe3q@latimes.com,2,Académica,Bajo,Nuevo,Bajo,1/7/2013,Muy Bajo,false,1/19/2008,Terapia individual,3/14/2012,Económica,2/22/2000,false
798822,Cornie,Crevy,ccrevy3r@va.gov,3,Económica,Bajo,Media académica,Alto,8/4/2020,Muy Bajo,true,12/25/2004,Otro,12/4/2003,Psicosocial,6/27/2009,false
958777,Devy,Van den Bosch,dvandenbosch3s@ameblo.jp,4,Múltiple,Medio,Media académica,Medio,9/14/2011,Bajo,true,5/12/2008,Talleres psicosociales,3/5/2007,Académica,4/3/2012,true
305466,Vito,Greenhowe,vgreenhowe3t@live.com,7,Académica,Medio,Admitido,Alto,8/13/2007,Alto,true,11/14/2001,Otro,5/2/2014,Psicosocial,2/10/2004,true
365568,Win,Parry,wparry3u@a8.net,6,Múltiple,Muy bajo,Media académica,Bajo,11/6/2013,Muy Bajo,false,1/20/2012,Terapia individual,12/5/2003,Múltiple,7/24/2005,false
453005,Karl,Zimmerman,kzimmerman3v@hao123.com,6,Psicosocial,Muy alto,Nuevo,Bajo,5/27/2000,Bajo,true,11/1/2006,Terapia individual,1/7/2008,Psicosocial,10/26/2006,false
489945,Lem,Cheetham,lcheetham3w@zimbio.com,9,Académica,Bajo,Nuevo,Alto,5/24/2021,Muy Bajo,true,4/22/2000,Actividades de autocuidado,5/5/2000,Académica,3/16/2009,true
497877,Ollie,Muckian,omuckian3x@microsoft.com,4,Económica,Bajo,Nuevo,Alto,5/21/2019,Alto,true,5/3/2017,Asesoría grupal,4/3/2011,Múltiple,8/14/2019,true
840295,Jeanine,Coop,jcoop3y@skype.com,10,Psicosocial,Bajo,Nuevo,Medio,12/15/2008,Muy Bajo,false,6/7/2015,Talleres psicosociales,10/21/2006,Económica,2/24/2020,false
471922,Esther,Eastcott,eeastcott3z@t-online.de,1,Múltiple,Bajo,Nuevo,Medio,10/10/2004,Muy Bajo,false,9/17/2018,Asesoría grupal,11/2/2016,Psicosocial,8/20/2011,true
390772,Nana,McMonies,nmcmonies40@taobao.com,7,Académica,Muy bajo,Media académica,Alto,10/9/2012,Bajo,false,7/14/2002,Otro,10/15/2008,Académica,3/4/2008,false
490250,Nessy,Clynman,nclynman41@digg.com,9,Académica,Muy bajo,Admitido,Medio,4/5/2016,Muy Bajo,true,7/22/2017,Otro,10/22/2012,Económica,3/22/2022,false
706689,Roobbie,Sinderson,rsinderson42@artisteer.com,1,Psicosocial,Alto,Media académica,Alto,8/26/2001,Medio,false,1/21/2021,Talleres psicosociales,1/11/2007,Psicosocial,7/18/2016,true
502987,Georgetta,Ciementini,gciementini43@blogger.com,6,Múltiple,Alto,Admitido,Medio,12/16/2010,Muy Bajo,false,2/9/2020,Otro,4/16/2019,Múltiple,11/2/2019,false
136886,Edythe,Fairfull,efairfull44@cafepress.com,2,Académica,Alto,Media académica,Alto,10/11/2002,Medio,false,11/27/2004,Talleres psicosociales,8/9/2010,Económica,1/12/2009,true
634249,Cyndy,Petofi,cpetofi45@themeforest.net,4,Económica,Medio,Nuevo,Medio,5/27/2018,Alto,true,7/31/2002,Otro,3/26/2003,Psicosocial,6/26/2021,true
327397,Syman,Bartolomieu,sbartolomieu46@telegraph.co.uk,3,Académica,Medio,Media académica,Medio,12/15/2003,Alto,false,5/5/2013,Asesoría grupal,2/16/2010,Múltiple,8/11/2006,true
677112,Joelie,Filipchikov,jfilipchikov47@sitemeter.com,10,Académica,Muy bajo,Nuevo,Alto,4/18/2004,Alto,true,12/17/2013,Talleres psicosociales,6/10/2004,Múltiple,1/27/2013,false
565926,Christa,Stonbridge,cstonbridge48@blogtalkradio.com,5,Económica,Muy alto,Nuevo,Medio,4/20/2002,Medio,true,6/18/2005,Actividades de autocuidado,1/23/2010,Múltiple,5/11/2010,true
243715,Scarface,Coppens,scoppens49@google.ru,8,Psicosocial,Muy alto,Media académica,Alto,2/21/2018,Medio,true,4/8/2011,Actividades de autocuidado,3/7/2003,Económica,7/24/2010,false
473580,Tobin,Pargiter,tpargiter4a@nytimes.com,4,Psicosocial,Alto,Admitido,Medio,12/10/2021,Bajo,false,9/23/2004,Terapia individual,8/15/2010,Psicosocial,8/18/2005,true
636346,Hetti,MacAne,hmacane4b@amazon.co.uk,8,Económica,Muy alto,Admitido,Alto,,Muy Bajo,false,12/11/2002,Terapia individual,11/10/2005,Múltiple,11/13/2001,false
281416,Anatole,Jesty,ajesty4c@oracle.com,7,Académica,Muy alto,Nuevo,Alto,2/11/2009,Medio,true,9/21/2019,Talleres psicosociales,9/14/2011,Económica,8/16/2000,true
804950,Dannel,Lalor,dlalor4d@oaic.gov.au,8,Múltiple,Muy alto,Admitido,Bajo,7/9/2012,Medio,false,5/2/2015,Terapia individual,5/29/2005,Múltiple,11/7/2016,true
274197,Wyatt,Krates,wkrates4e@engadget.com,7,Económica,Muy alto,Nuevo,Alto,9/23/2017,Alto,false,7/5/2016,Talleres psicosociales,11/15/2000,Psicosocial,1/28/2021,false
91312,Rebe,Viger,rviger4f@washington.edu,6,Múltiple,Alto,Media académica,Bajo,9/3/2012,Bajo,false,5/23/2000,Asesoría grupal,5/8/2003,Económica,11/20/2003,true
475654,Cross,Nance,cnance4g@reverbnation.com,6,Económica,Muy alto,Nuevo,Alto,4/4/2022,Alto,false,11/7/2021,Otro,7/21/2004,Múltiple,12/22/2004,true
277254,Ernesto,MacCole,emaccole4h@tuttocitta.it,7,Académica,Alto,Nuevo,Medio,4/18/2008,Alto,true,12/10/2021,Actividades de autocuidado,5/27/2017,Múltiple,2/10/2014,true
20030,Job,Eaglestone,jeaglestone4i@flickr.com,4,Múltiple,Medio,Media académica,Bajo,6/30/2014,Bajo,true,9/25/2016,Otro,8/11/2008,Psicosocial,10/18/2019,false
250322,Bonni,Whiting,bwhiting4j@tamu.edu,10,Múltiple,Medio,Admitido,Medio,9/25/2007,Medio,true,3/13/2018,Otro,10/24/2020,Económica,12/9/2001,false
721406,Patricio,Ferrant,pferrant4k@zdnet.com,6,Psicosocial,Medio,Media académica,Bajo,10/8/2014,Medio,false,12/8/2020,Otro,6/18/2008,Múltiple,3/20/2004,true
638735,Clari,Shardlow,cshardlow4l@ask.com,3,Académica,Muy bajo,Media académica,Medio,9/29/2021,Medio,false,8/27/2016,Actividades de autocuidado,7/7/2011,Múltiple,1/25/2013,true
340413,Beckie,Niblock,bniblock4m@so-net.ne.jp,1,Económica,Alto,Admitido,Bajo,10/20/2010,Medio,true,10/8/2000,Terapia individual,11/11/2008,Psicosocial,8/17/2019,false
468886,Hildegarde,Dalyell,hdalyell4n@walmart.com,3,Económica,Muy bajo,Admitido,Medio,3/26/2010,Alto,false,5/21/2016,Otro,8/12/2010,Económica,2/8/2012,false
499782,Laurel,Maffy,lmaffy4o@blog.com,4,Múltiple,Muy alto,Media académica,Alto,5/19/2016,Muy Bajo,false,12/20/2006,Asesoría grupal,12/23/2018,Económica,3/30/2020,false
676000,Carlie,Tick,ctick4p@ycombinator.com,9,Académica,Bajo,Admitido,Bajo,5/6/2021,Bajo,true,6/22/2016,Terapia individual,2/12/2003,Académica,11/15/2021,false
647000,Kipper,Rontree,krontree4q@businessinsider.com,7,Económica,Bajo,Nuevo,Medio,10/28/2011,Muy Bajo,false,5/13/2019,Asesoría grupal,5/23/2006,Académica,5/19/2000,false
627119,Osborne,Morman,omorman4r@discuz.net,1,Económica,Bajo,Admitido,Medio,9/22/2018,Alto,false,4/20/2011,Asesoría grupal,3/14/2005,Psicosocial,6/11/2013,false
33773,Nevsa,Bruffell,nbruffell4s@gov.uk,1,Económica,Bajo,Admitido,Medio,4/15/2009,Alto,false,7/27/2002,Actividades de autocuidado,12/8/2000,Múltiple,11/14/2010,true
861076,Sandy,Mayling,smayling4t@soundcloud.com,3,Académica,Bajo,Admitido,Alto,2/14/2019,Alto,true,11/13/2010,Talleres psicosociales,2/26/2004,Múltiple,11/3/2009,true
676884,Konstantine,Attwill,kattwill4u@senate.gov,9,Económica,Bajo,Nuevo,Alto,4/7/2000,Muy Bajo,true,10/13/2000,Terapia individual,9/11/2011,Psicosocial,7/25/2019,false
23507,Mabelle,Iacofo,miacofo4v@mapquest.com,9,Psicosocial,Bajo,Media académica,Bajo,5/3/2018,Alto,false,7/26/2013,Talleres psicosociales,1/21/2021,Académica,1/18/2004,false
853174,Jackelyn,Siccombe,jsiccombe4w@discovery.com,7,Psicosocial,Muy bajo,Media académica,Alto,7/13/2018,Muy Bajo,true,8/14/2014,Terapia individual,11/1/2010,Económica,12/17/2002,false
850505,Ruttger,Emslie,remslie4x@accuweather.com,10,Académica,Muy bajo,Media académica,Alto,8/12/2000,Medio,false,1/21/2004,Actividades de autocuidado,11/22/2004,Psicosocial,1/25/2014,true
991060,Coleman,Caskey,ccaskey4y@irs.gov,6,Económica,Muy alto,Media académica,Bajo,8/15/2017,Bajo,false,12/25/2013,Talleres psicosociales,3/18/2021,Múltiple,10/29/2010,true
678162,Doralynne,Juleff,djuleff4z@netlog.com,7,Múltiple,Muy bajo,Admitido,Medio,4/2/2000,Bajo,false,11/26/2010,Actividades de autocuidado,1/21/2008,Académica,8/31/2008,true
14496,Jennifer,Gaenor,jgaenor50@yahoo.com,10,Múltiple,Bajo,Admitido,Alto,7/14/2006,Muy Bajo,false,10/23/2004,Talleres psicosociales,5/17/2006,Académica,9/15/2021,true
197636,Hughie,Huckabe,hhuckabe51@meetup.com,10,Académica,Medio,Media académica,Bajo,12/25/2018,Alto,false,5/7/2012,Asesoría grupal,3/14/2018,Psicosocial,4/21/2022,false
359285,Nyssa,Bogays,nbogays52@odnoklassniki.ru,10,Académica,Muy bajo,Media académica,Medio,2/21/2004,Bajo,false,7/30/2016,Actividades de autocuidado,6/3/2005,Económica,9/21/2001,true
237230,Mitchell,Livingston,mlivingston53@whitehouse.gov,4,Psicosocial,Muy alto,Nuevo,Bajo,11/24/2004,Alto,true,3/1/2014,Otro,3/30/2022,Académica,3/6/2001,false
458139,Nikos,Wiggington,nwiggington54@hubpages.com,7,Económica,Medio,Media académica,Bajo,9/17/2008,Muy Bajo,true,12/3/2019,Terapia individual,7/3/2001,Económica,5/31/2011,false
385782,Lynnell,Delea,ldelea55@cbsnews.com,10,Académica,Muy alto,Nuevo,Medio,2/17/2020,Alto,false,2/17/2002,Otro,10/31/2015,Múltiple,3/13/2018,false
574026,Calley,MacPhaden,cmacphaden56@ask.com,4,Psicosocial,Bajo,Media académica,Medio,10/17/2002,Bajo,true,5/8/2014,Terapia individual,1/28/2017,Académica,3/13/2003,false
635714,Miller,Bathurst,mbathurst57@sohu.com,3,Psicosocial,Muy bajo,Nuevo,Medio,4/29/2007,Alto,true,2/9/2012,Otro,2/22/2005,Académica,9/23/2017,true
632417,Lorinda,O'Logan,lologan58@pbs.org,3,Múltiple,Muy bajo,Media académica,Medio,12/7/2007,Muy Bajo,true,1/28/2003,Otro,12/20/2019,Psicosocial,4/2/2003,false
851017,Krystle,Rake,krake59@psu.edu,6,Psicosocial,Muy bajo,Nuevo,Medio,3/3/2020,Alto,true,5/5/2013,Otro,5/23/2016,Económica,4/20/2015,false
776386,Afton,Bernli,abernli5a@imageshack.us,2,Académica,Muy bajo,Nuevo,Medio,5/8/2019,Alto,true,10/17/2007,Terapia individual,5/28/2014,Académica,1/23/2022,false
758889,Nikkie,Hargitt,nhargitt5b@samsung.com,2,Académica,Bajo,Admitido,Medio,9/22/2012,Bajo,false,3/8/2011,Actividades de autocuidado,9/29/2014,Múltiple,3/10/2012,false
156666,Lacie,Karadzas,lkaradzas5c@upenn.edu,10,Económica,Medio,Media académica,Medio,7/23/2009,Medio,true,8/12/2018,Talleres psicosociales,5/17/2006,Académica,11/11/2002,true
842560,Bryanty,Towe,btowe5d@netscape.com,4,Económica,Muy alto,Media académica,Bajo,,Muy Bajo,true,12/29/2010,Actividades de autocuidado,10/1/2018,Económica,9/12/2008,true
7165,Shayna,Creser,screser5e@buzzfeed.com,2,Académica,Bajo,Media académica,Bajo,7/7/2003,Alto,true,9/29/2017,Actividades de autocuidado,8/4/2013,Académica,2/24/2006,false
831198,Hana,Croci,hcroci5f@devhub.com,1,Múltiple,Muy alto,Nuevo,Alto,12/18/2019,Alto,true,7/29/2001,Asesoría grupal,7/9/2013,Económica,8/19/2020,false
627748,Creighton,Harring,charring5g@netlog.com,1,Psicosocial,Muy bajo,Media académica,Bajo,5/11/2016,Alto,true,10/7/2019,Talleres psicosociales,11/23/2022,Psicosocial,4/16/2014,true
677639,Tallou,Marikhin,tmarikhin5h@stumbleupon.com,8,Múltiple,Muy alto,Nuevo,Alto,4/7/2014,Medio,false,4/7/2017,Otro,9/6/2000,Económica,9/8/2018,true
240766,Francyne,Romagnosi,fromagnosi5i@dedecms.com,3,Académica,Muy bajo,Nuevo,Alto,,Bajo,false,10/15/2004,Actividades de autocuidado,8/17/2000,Académica,6/13/2013,false
900611,Brandy,MacCrackan,bmaccrackan5j@usnews.com,3,Académica,Medio,Nuevo,Medio,,Bajo,false,12/14/2001,Talleres psicosociales,8/26/2011,Académica,9/23/2007,true
820120,Veradis,Haberfield,vhaberfield5k@thetimes.co.uk,1,Académica,Muy bajo,Media académica,Bajo,12/22/2001,Medio,false,10/23/2020,Terapia individual,3/19/2007,Económica,5/16/2009,false
847133,Elly,Lyver,elyver5l@wired.com,4,Psicosocial,Medio,Admitido,Bajo,,Alto,false,11/19/2017,Otro,6/3/2005,Académica,7/24/2022,false
97796,Fletch,Omond,fomond5m@mac.com,1,Económica,Bajo,Admitido,Medio,3/5/2021,Alto,false,1/22/2003,Otro,2/13/2007,Académica,3/11/2021,true
541929,Goddart,Drewet,gdrewet5n@fastcompany.com,5,Psicosocial,Medio,Nuevo,Bajo,9/20/2007,Muy Bajo,false,1/15/2022,Talleres psicosociales,4/14/2021,Psicosocial,10/29/2008,false
182778,Ade,Crandon,acrandon5o@trellian.com,5,Académica,Muy alto,Media académica,Medio,10/30/2022,Bajo,true,9/12/2005,Talleres psicosociales,7/5/2019,Económica,8/5/2022,false
5290,Cherianne,Dundon,cdundon5p@rediff.com,4,Económica,Bajo,Admitido,Alto,1/3/2013,Muy Bajo,false,5/15/2016,Otro,5/22/2015,Múltiple,12/1/2000,true
968517,Enrica,Samme,esamme5q@sitemeter.com,10,Académica,Muy alto,Nuevo,Alto,6/10/2022,Bajo,false,4/18/2000,Actividades de autocuidado,5/10/2016,Académica,4/6/2004,true
138764,Cassandry,Garn,cgarn5r@dailymotion.com,6,Económica,Alto,Admitido,Medio,,Bajo,false,6/22/2001,Otro,4/30/2016,Psicosocial,7/17/2017,true
828073,Halette,Perazzo,hperazzo5s@reference.com,6,Académica,Muy bajo,Media académica,Alto,1/7/2013,Bajo,true,2/5/2007,Terapia individual,10/2/2002,Académica,1/28/2004,false
42463,Budd,Veschambre,bveschambre5t@europa.eu,10,Múltiple,Muy bajo,Admitido,Bajo,9/30/2006,Medio,false,4/19/2002,Terapia individual,4/25/2016,Académica,11/9/2018,false
220882,Kiri,Grafhom,kgrafhom5u@istockphoto.com,10,Económica,Muy bajo,Media académica,Bajo,8/16/2016,Bajo,true,10/19/2014,Otro,12/12/2007,Académica,8/28/2020,true
639092,Hadley,Dunan,hdunan5v@flickr.com,1,Académica,Medio,Media académica,Medio,9/4/2004,Alto,true,8/22/2021,Asesoría grupal,10/26/2013,Económica,12/12/2006,false
768656,Ruthi,Benza,rbenza5w@shareasale.com,3,Económica,Bajo,Media académica,Alto,5/4/2003,Medio,true,3/15/2011,Terapia individual,7/9/2009,Económica,11/30/2001,false
608330,Stillman,Cully,scully5x@examiner.com,4,Múltiple,Medio,Nuevo,Alto,6/4/2020,Alto,false,5/6/2020,Actividades de autocuidado,4/23/2003,Múltiple,6/13/2012,true
831043,Amie,Winsley,awinsley5y@senate.gov,9,Económica,Bajo,Media académica,Bajo,7/20/2001,Muy Bajo,false,5/18/2010,Talleres psicosociales,11/29/2018,Académica,10/12/2010,false
315584,Innis,Summerhayes,isummerhayes5z@blinklist.com,9,Múltiple,Bajo,Media académica,Bajo,6/8/2015,Bajo,true,6/20/2014,Terapia individual,1/10/2001,Múltiple,3/2/2015,true
528039,Hubert,Cathrall,hcathrall60@123-reg.co.uk,8,Académica,Muy alto,Media académica,Bajo,3/16/2005,Muy Bajo,true,8/1/2015,Asesoría grupal,12/9/2005,Múltiple,12/19/2013,false
321081,Constantina,Segeswoeth,csegeswoeth61@twitpic.com,2,Psicosocial,Bajo,Admitido,Alto,10/26/2009,Muy Bajo,true,8/17/2007,Asesoría grupal,4/6/2012,Académica,9/29/2001,false
186716,Bald,Apedaile,bapedaile62@canalblog.com,1,Académica,Medio,Nuevo,Medio,6/21/2003,Medio,false,3/16/2015,Terapia individual,6/28/2019,Económica,11/12/2010,false
862840,Elmer,Reder,ereder63@ucsd.edu,2,Económica,Muy alto,Admitido,Alto,11/21/2003,Bajo,true,12/21/2011,Otro,8/25/2017,Académica,8/29/2008,false
578463,Davine,Bruckental,dbruckental64@auda.org.au,5,Económica,Bajo,Nuevo,Bajo,8/29/2016,Muy Bajo,false,1/5/2015,Talleres psicosociales,2/19/2016,Psicosocial,1/9/2020,false
840728,Gene,Barendtsen,gbarendtsen65@jiathis.com,2,Económica,Bajo,Admitido,Bajo,12/28/2015,Bajo,true,2/5/2018,Talleres psicosociales,6/9/2008,Múltiple,12/26/2011,true
248557,Ogdon,Kedslie,okedslie66@ebay.com,3,Múltiple,Muy bajo,Nuevo,Bajo,12/7/2006,Alto,false,11/25/2000,Otro,12/9/2012,Múltiple,12/8/2021,false
211688,Kev,Scrase,kscrase67@tiny.cc,8,Psicosocial,Muy alto,Admitido,Medio,,Muy Bajo,false,11/29/2009,Talleres psicosociales,3/17/2008,Múltiple,10/23/2018,true
174907,Waite,Colvin,wcolvin68@instagram.com,2,Psicosocial,Muy alto,Nuevo,Medio,8/24/2006,Medio,true,4/22/2009,Terapia individual,3/12/2002,Múltiple,5/4/2010,true
346326,Livvyy,Stenyng,lstenyng69@360.cn,8,Económica,Muy alto,Media académica,Medio,5/25/2013,Alto,true,10/27/2014,Talleres psicosociales,1/20/2007,Económica,9/12/2013,true
133052,Artus,Micklewicz,amicklewicz6a@blogs.com,3,Académica,Bajo,Media académica,Alto,9/14/2001,Bajo,true,2/13/2013,Otro,11/12/2020,Psicosocial,8/20/2000,true
715683,Honoria,Kinkade,hkinkade6b@mail.ru,6,Psicosocial,Alto,Media académica,Medio,1/22/2008,Alto,true,9/6/2013,Actividades de autocuidado,8/15/2010,Múltiple,11/5/2002,true
310596,Donn,Bridgen,dbridgen6c@cornell.edu,10,Múltiple,Bajo,Admitido,Bajo,2/10/2010,Muy Bajo,false,8/1/2007,Actividades de autocuidado,2/19/2008,Económica,9/6/2019,true
985396,Everard,Haldene,ehaldene6d@mac.com,7,Económica,Muy bajo,Admitido,Medio,2/22/2010,Medio,false,7/3/2006,Terapia individual,6/7/2021,Académica,1/30/2005,true
964884,Blancha,Causnett,bcausnett6e@163.com,7,Económica,Muy bajo,Media académica,Alto,10/12/2007,Muy Bajo,true,5/27/2001,Asesoría grupal,3/19/2003,Múltiple,10/27/2018,false
61003,Kara-lynn,McGillreich,kmcgillreich6f@typepad.com,3,Psicosocial,Medio,Nuevo,Bajo,10/23/2017,Bajo,true,7/23/2014,Actividades de autocuidado,6/10/2021,Psicosocial,12/20/2001,true
569206,Madelena,Landsberg,mlandsberg6g@live.com,7,Múltiple,Bajo,Media académica,Medio,1/22/2022,Medio,true,8/10/2018,Actividades de autocuidado,11/25/2010,Académica,1/31/2007,false
959668,Gale,Goodboddy,ggoodboddy6h@washingtonpost.com,6,Múltiple,Muy bajo,Nuevo,Alto,7/26/2015,Alto,false,4/29/2004,Talleres psicosociales,3/8/2011,Múltiple,12/7/2002,true
247798,Abbye,Hawe,ahawe6i@latimes.com,10,Académica,Alto,Nuevo,Bajo,8/24/2020,Muy Bajo,false,1/24/2004,Terapia individual,8/10/2010,Académica,12/27/2000,true
807530,Lorraine,Bendixen,lbendixen6j@ebay.co.uk,6,Económica,Muy alto,Admitido,Alto,,Bajo,false,2/26/2013,Otro,12/7/2015,Económica,10/15/2018,false
600801,Berny,Dizlie,bdizlie6k@example.com,4,Psicosocial,Bajo,Nuevo,Bajo,5/30/2014,Bajo,true,9/12/2005,Actividades de autocuidado,9/16/2001,Psicosocial,1/30/2003,true
494828,Cory,Halsall,chalsall6l@discovery.com,5,Múltiple,Bajo,Nuevo,Alto,7/25/2011,Bajo,false,7/28/2021,Otro,1/6/2012,Múltiple,9/18/2016,true
361101,Celestyn,Weth,cweth6m@list-manage.com,3,Múltiple,Muy bajo,Media académica,Bajo,,Medio,false,4/24/2014,Terapia individual,12/24/2015,Múltiple,6/11/2014,true
587762,Vale,Rentilll,vrentilll6n@mail.ru,10,Múltiple,Muy alto,Media académica,Bajo,6/17/2016,Muy Bajo,false,8/30/2004,Otro,5/29/2013,Múltiple,8/22/2010,true
619774,Lanita,Sporton,lsporton6o@ucsd.edu,3,Académica,Muy bajo,Admitido,Bajo,3/7/2020,Muy Bajo,false,5/27/2003,Terapia individual,7/26/2010,Económica,6/20/2002,true
714049,Aylmar,Aaronsohn,aaaronsohn6p@icq.com,10,Académica,Muy alto,Admitido,Medio,9/9/2011,Muy Bajo,false,5/23/2016,Terapia individual,3/19/2015,Académica,6/30/2009,true
966301,Riva,Klaiser,rklaiser6q@businesswire.com,7,Psicosocial,Bajo,Admitido,Bajo,11/26/2019,Muy Bajo,true,4/7/2009,Asesoría grupal,3/3/2016,Académica,12/2/2017,false
846703,Packston,Harsnep,pharsnep6r@apache.org,10,Múltiple,Muy bajo,Media académica,Bajo,5/24/2018,Medio,false,6/12/2005,Otro,2/6/2017,Psicosocial,4/26/2010,false
733757,Tess,Chamley,tchamley6s@princeton.edu,10,Psicosocial,Muy bajo,Nuevo,Bajo,4/9/2017,Muy Bajo,true,5/10/2012,Otro,3/29/2004,Económica,1/9/2011,false
949297,Aldrich,Wedmore.,awedmore6t@princeton.edu,1,Psicosocial,Muy bajo,Admitido,Medio,9/1/2003,Bajo,false,9/4/2019,Terapia individual,7/8/2021,Múltiple,4/29/2013,false
232708,Arda,Glasscott,aglasscott6u@jiathis.com,2,Múltiple,Medio,Nuevo,Medio,7/11/2004,Alto,false,1/18/2000,Talleres psicosociales,3/31/2010,Múltiple,5/13/2021,false
215072,Tanney,Stollsteimer,tstollsteimer6v@rakuten.co.jp,9,Múltiple,Medio,Admitido,Bajo,3/14/2022,Bajo,true,2/12/2016,Terapia individual,10/24/2015,Múltiple,12/14/2013,true
743535,Burk,Adao,badao6w@w3.org,5,Psicosocial,Bajo,Admitido,Alto,6/12/2000,Alto,true,10/1/2005,Terapia individual,11/27/2004,Múltiple,12/17/2015,false
711991,Rosene,McCunn,rmccunn6x@people.com.cn,6,Múltiple,Muy alto,Admitido,Medio,12/4/2022,Medio,true,10/9/2012,Talleres psicosociales,9/1/2011,Académica,1/17/2015,false
423663,Justina,Croome,jcroome6y@ameblo.jp,1,Académica,Muy alto,Nuevo,Alto,12/23/2008,Bajo,false,10/11/2005,Asesoría grupal,2/20/2015,Psicosocial,1/12/2005,true
497586,Veda,Grayling,vgrayling6z@gov.uk,5,Académica,Bajo,Admitido,Alto,5/25/2021,Muy Bajo,false,12/8/2002,Asesoría grupal,12/16/2021,Psicosocial,11/8/2011,true
333731,Silvie,Dufaire,sdufaire70@4shared.com,8,Múltiple,Bajo,Admitido,Medio,2/5/2014,Medio,false,2/17/2019,Otro,9/19/2019,Económica,3/19/2003,true
809156,Gayler,Fairfoul,gfairfoul71@netlog.com,7,Económica,Bajo,Media académica,Alto,5/27/2008,Muy Bajo,false,8/22/2020,Actividades de autocuidado,12/26/2016,Psicosocial,12/8/2010,true
241953,Sianna,Meneyer,smeneyer72@amazon.com,1,Psicosocial,Bajo,Admitido,Bajo,6/18/2003,Bajo,true,5/21/2007,Otro,6/18/2021,Académica,11/24/2001,true
704600,Dale,Gravell,dgravell73@google.fr,1,Psicosocial,Bajo,Admitido,Medio,3/30/2017,Muy Bajo,true,3/1/2014,Talleres psicosociales,3/28/2012,Académica,8/7/2000,false
279305,Hermon,Sidsaff,hsidsaff74@joomla.org,2,Económica,Medio,Media académica,Alto,12/12/2004,Muy Bajo,false,4/4/2021,Actividades de autocuidado,5/10/2016,Múltiple,12/14/2011,true
105652,Brynne,Brodhead,bbrodhead75@360.cn,5,Económica,Alto,Media académica,Medio,,Bajo,false,9/3/2004,Asesoría grupal,4/3/2000,Psicosocial,10/31/2012,true
452029,Brannon,Perrett,bperrett76@cbslocal.com,7,Económica,Bajo,Nuevo,Bajo,10/3/2021,Alto,false,2/8/2008,Actividades de autocuidado,9/29/2021,Académica,1/18/2022,true
34548,Marijo,Salterne,msalterne77@earthlink.net,3,Psicosocial,Muy bajo,Media académica,Medio,,Medio,false,5/10/2021,Asesoría grupal,7/31/2013,Múltiple,5/20/2022,false
118225,Kirsti,Pendleberry,kpendleberry78@weibo.com,2,Económica,Bajo,Nuevo,Bajo,8/10/2012,Medio,true,4/17/2004,Otro,5/26/2004,Económica,7/20/2017,true
994643,Emmalee,Hale,ehale79@yandex.ru,8,Académica,Alto,Admitido,Medio,,Muy Bajo,false,8/4/2019,Actividades de autocuidado,5/8/2003,Psicosocial,5/4/2020,true
212109,Dewey,Gillam,dgillam7a@sina.com.cn,1,Múltiple,Muy alto,Admitido,Medio,4/17/2020,Medio,true,9/12/2013,Otro,11/15/2021,Múltiple,2/25/2019,true
912648,Ferdy,Keel,fkeel7b@usa.gov,4,Económica,Medio,Nuevo,Bajo,8/9/2016,Muy Bajo,false,7/3/2005,Terapia individual,5/23/2013,Académica,6/17/2019,true
596270,Boycey,Tomasi,btomasi7c@dot.gov,7,Económica,Alto,Admitido,Alto,10/14/2010,Bajo,false,8/11/2013,Otro,10/14/2004,Múltiple,8/31/2008,false
53642,Pebrook,Arundel,parundel7d@toplist.cz,3,Múltiple,Muy alto,Nuevo,Alto,10/3/2018,Muy Bajo,false,3/20/2007,Otro,7/4/2001,Psicosocial,2/20/2018,true
446415,Ronni,Greeve,rgreeve7e@github.io,10,Psicosocial,Medio,Media académica,Alto,1/22/2000,Muy Bajo,true,2/3/2004,Asesoría grupal,3/15/2020,Académica,4/2/2012,false
390595,Davina,Tollett,dtollett7f@twitter.com,1,Económica,Bajo,Admitido,Alto,12/14/2005,Medio,true,4/21/2004,Terapia individual,3/9/2000,Múltiple,4/28/2020,true
660187,Henriette,Fazan,hfazan7g@moonfruit.com,4,Económica,Medio,Media académica,Bajo,8/1/2014,Medio,true,9/14/2005,Terapia individual,5/29/2021,Múltiple,9/1/2004,false
597229,Leda,Grolle,lgrolle7h@amazon.de,2,Académica,Alto,Media académica,Alto,9/2/2005,Alto,false,6/5/2015,Otro,7/1/2015,Múltiple,7/31/2011,false
614990,Josey,Godthaab,jgodthaab7i@nydailynews.com,3,Económica,Alto,Admitido,Alto,11/10/2016,Medio,false,1/13/2004,Talleres psicosociales,1/13/2017,Económica,12/15/2004,false
636358,Bidget,Cawley,bcawley7j@discovery.com,6,Económica,Medio,Admitido,Medio,3/13/2003,Muy Bajo,true,3/9/2013,Asesoría grupal,5/20/2013,Académica,9/14/2009,false
967389,Park,Pellamont,ppellamont7k@pagesperso-orange.fr,4,Académica,Bajo,Admitido,Alto,5/26/2004,Muy Bajo,false,6/18/2007,Talleres psicosociales,1/16/2022,Económica,2/19/2008,false
103577,Pierette,Lafford,plafford7l@boston.com,3,Académica,Muy alto,Media académica,Bajo,5/10/2006,Muy Bajo,false,3/9/2012,Actividades de autocuidado,7/30/2010,Psicosocial,7/17/2021,false
342239,Mikol,Copper,mcopper7m@wiley.com,3,Psicosocial,Muy bajo,Media académica,Alto,6/28/2002,Bajo,false,7/7/2001,Otro,2/7/2020,Múltiple,7/27/2004,true
881361,Charo,Ellingsworth,cellingsworth7n@cafepress.com,6,Psicosocial,Muy alto,Media académica,Medio,1/24/2022,Bajo,true,8/3/2006,Talleres psicosociales,2/16/2019,Económica,7/9/2013,true
369600,Nettle,Lidgerton,nlidgerton7o@nasa.gov,7,Múltiple,Medio,Nuevo,Alto,12/2/2020,Muy Bajo,false,1/2/2005,Otro,11/28/2003,Académica,11/6/2014,true
973883,Nara,McLurg,nmclurg7p@gmpg.org,4,Psicosocial,Alto,Admitido,Bajo,3/19/2002,Alto,true,12/20/2013,Talleres psicosociales,6/18/2009,Psicosocial,10/30/2012,false
242095,Iorgos,Heustace,iheustace7q@unblog.fr,9,Psicosocial,Muy bajo,Admitido,Alto,3/13/2005,Medio,false,1/17/2009,Terapia individual,6/13/2015,Múltiple,3/12/2002,true
217183,Emelia,MacGahy,emacgahy7r@trellian.com,2,Múltiple,Medio,Nuevo,Medio,1/23/2009,Alto,false,10/1/2009,Actividades de autocuidado,7/17/2020,Psicosocial,1/13/2014,false
866894,Maude,Delucia,mdelucia7s@flavors.me,8,Económica,Alto,Media académica,Medio,3/16/2004,Muy Bajo,false,12/3/2018,Talleres psicosociales,12/23/2022,Múltiple,2/11/2013,true
306776,Shandy,Fever,sfever7t@odnoklassniki.ru,10,Académica,Bajo,Media académica,Medio,3/10/2004,Medio,false,3/1/2004,Talleres psicosociales,11/9/2019,Múltiple,1/14/2004,false
887605,Tiff,Bearcock,tbearcock7u@gov.uk,1,Psicosocial,Alto,Admitido,Alto,12/1/2006,Muy Bajo,false,9/7/2001,Terapia individual,5/19/2004,Académica,7/22/2015,true
169110,Janaye,Carrel,jcarrel7v@spiegel.de,8,Económica,Alto,Admitido,Bajo,9/26/2020,Medio,false,5/21/2000,Terapia individual,8/10/2018,Académica,10/1/2015,false
666701,Buck,Blaise,bblaise7w@skyrock.com,8,Múltiple,Medio,Nuevo,Bajo,9/7/2008,Muy Bajo,true,11/25/2013,Asesoría grupal,7/24/2010,Económica,10/5/2022,false
409710,Hugo,Bonick,hbonick7x@walmart.com,10,Académica,Muy alto,Media académica,Medio,10/29/2004,Alto,true,8/5/2000,Terapia individual,1/3/2010,Académica,9/15/2015,false
808605,Judi,Hanaby,jhanaby7y@indiegogo.com,8,Académica,Alto,Media académica,Medio,3/21/2018,Alto,false,8/24/2003,Asesoría grupal,6/3/2016,Económica,12/7/2019,true
648495,Stormy,Lygoe,slygoe7z@de.vu,10,Económica,Alto,Nuevo,Bajo,3/24/2010,Medio,true,10/31/2006,Actividades de autocuidado,10/31/2021,Psicosocial,8/25/2020,false
423911,Maxi,Fulloway,mfulloway80@usatoday.com,7,Académica,Medio,Nuevo,Bajo,10/28/2011,Medio,true,12/1/2017,Terapia individual,11/2/2003,Económica,7/1/2012,false
956691,Ruby,Guite,rguite81@nasa.gov,2,Múltiple,Alto,Nuevo,Bajo,3/27/2005,Bajo,false,10/27/2022,Talleres psicosociales,4/28/2022,Económica,5/31/2021,false
820783,Virge,Ambler,vambler82@admin.ch,6,Académica,Bajo,Media académica,Alto,12/6/2006,Muy Bajo,true,11/1/2007,Otro,11/22/2000,Económica,4/12/2000,false
118718,Dacia,Bisp,dbisp83@bandcamp.com,1,Psicosocial,Bajo,Nuevo,Medio,9/3/2009,Bajo,false,8/17/2014,Otro,8/6/2011,Económica,4/24/2009,true
127206,Andriette,Casement,acasement84@archive.org,2,Psicosocial,Bajo,Media académica,Medio,2/5/2016,Alto,true,10/26/2004,Asesoría grupal,7/29/2019,Múltiple,1/3/2018,true
290635,Reuven,O'Flynn,roflynn85@technorati.com,2,Académica,Muy alto,Media académica,Alto,6/28/2021,Alto,false,1/4/2016,Talleres psicosociales,12/7/2013,Académica,11/10/2000,true
611628,Romola,Wiley,rwiley86@hc360.com,6,Económica,Bajo,Admitido,Alto,6/8/2009,Alto,false,5/15/2011,Actividades de autocuidado,9/10/2020,Múltiple,6/24/2018,false
486724,Timi,Wellington,twellington87@pcworld.com,7,Múltiple,Muy bajo,Nuevo,Medio,,Medio,false,12/24/2013,Talleres psicosociales,4/23/2009,Psicosocial,5/21/2021,true
261284,Brigham,Jude,bjude88@macromedia.com,5,Psicosocial,Bajo,Admitido,Alto,6/18/2010,Medio,false,2/6/2000,Terapia individual,9/12/2016,Psicosocial,4/21/2015,true
298719,Hebert,Pourveer,hpourveer89@go.com,3,Psicosocial,Medio,Admitido,Alto,10/26/2008,Medio,true,9/12/2016,Actividades de autocuidado,9/12/2004,Psicosocial,9/9/2016,false
497277,Corenda,Madsen,cmadsen8a@canalblog.com,8,Múltiple,Bajo,Nuevo,Alto,5/20/2012,Alto,false,11/26/2020,Actividades de autocuidado,8/1/2003,Psicosocial,4/16/2013,true
355131,Hamid,Jevons,hjevons8b@domainmarket.com,10,Psicosocial,Bajo,Admitido,Alto,2/19/2000,Muy Bajo,false,11/14/2005,Talleres psicosociales,10/27/2007,Académica,10/19/2017,false
428207,Leona,Ledekker,lledekker8c@yelp.com,4,Académica,Bajo,Nuevo,Alto,12/16/2009,Bajo,true,7/12/2022,Otro,10/7/2009,Psicosocial,12/25/2007,false
846343,Faustina,Malatalant,fmalatalant8d@dion.ne.jp,4,Psicosocial,Medio,Nuevo,Bajo,11/28/2013,Bajo,true,9/17/2003,Actividades de autocuidado,4/8/2005,Académica,10/6/2017,false
13043,Robinia,Whitington,rwhitington8e@skyrock.com,5,Económica,Medio,Nuevo,Bajo,12/23/2022,Muy Bajo,true,2/3/2006,Asesoría grupal,7/19/2005,Académica,12/7/2006,false
906914,Daile,Shedden,dshedden8f@bandcamp.com,8,Psicosocial,Medio,Admitido,Alto,6/15/2017,Medio,false,2/25/2003,Actividades de autocuidado,6/14/2013,Académica,11/22/2015,false
811540,Johann,Eim,jeim8g@oakley.com,1,Psicosocial,Alto,Media académica,Medio,11/1/2022,Alto,true,1/27/2014,Otro,11/9/2012,Económica,1/21/2017,true
839658,Evelyn,Denyukhin,edenyukhin8h@skyrock.com,2,Psicosocial,Bajo,Nuevo,Bajo,9/10/2006,Alto,true,7/7/2021,Asesoría grupal,4/29/2017,Psicosocial,12/8/2001,true
307201,Celestine,Sylvester,csylvester8i@berkeley.edu,10,Académica,Medio,Nuevo,Alto,5/3/2016,Alto,false,4/10/2009,Otro,1/12/2015,Psicosocial,6/4/2010,false
790355,Donica,Grob,dgrob8j@yellowbook.com,1,Económica,Muy alto,Admitido,Bajo,3/25/2013,Muy Bajo,true,12/27/2018,Talleres psicosociales,5/10/2004,Económica,5/13/2017,true
459196,Cullie,Houseman,chouseman8k@msn.com,1,Psicosocial,Muy bajo,Nuevo,Medio,9/28/2017,Medio,false,11/22/2021,Terapia individual,11/30/2011,Académica,6/16/2003,false
846295,Thorsten,Elegood,telegood8l@npr.org,5,Académica,Bajo,Admitido,Alto,5/8/2003,Medio,false,10/2/2017,Actividades de autocuidado,12/20/2004,Múltiple,2/13/2011,true
767270,Cami,Wrintmore,cwrintmore8m@nbcnews.com,1,Económica,Alto,Media académica,Alto,12/20/2014,Medio,false,1/25/2011,Talleres psicosociales,11/28/2006,Económica,11/5/2002,true
200368,Ingeborg,Eastope,ieastope8n@gravatar.com,10,Académica,Muy bajo,Media académica,Bajo,8/24/2008,Bajo,false,9/18/2006,Asesoría grupal,9/25/2014,Académica,5/19/2017,true
665188,Margarethe,Feek,mfeek8o@ed.gov,6,Psicosocial,Muy bajo,Admitido,Alto,12/5/2009,Medio,true,3/6/2000,Actividades de autocuidado,9/24/2015,Psicosocial,10/30/2006,true
974143,Bertine,Ruller,bruller8p@tripadvisor.com,3,Académica,Muy bajo,Media académica,Medio,1/14/2007,Medio,false,9/2/2005,Asesoría grupal,3/11/2010,Psicosocial,12/9/2020,true
94312,Lenard,Andrivot,landrivot8q@newyorker.com,7,Psicosocial,Bajo,Admitido,Alto,9/12/2022,Medio,true,10/1/2009,Asesoría grupal,5/11/2003,Múltiple,12/29/2010,false
109682,Delcina,Goshawke,dgoshawke8r@fotki.com,2,Académica,Alto,Nuevo,Medio,2/24/2007,Alto,true,8/6/2006,Talleres psicosociales,10/24/2007,Múltiple,6/19/2013,false
353589,Hyatt,Hovey,hhovey8s@jugem.jp,9,Académica,Muy bajo,Nuevo,Medio,4/2/2000,Muy Bajo,true,9/19/2013,Terapia individual,10/13/2021,Psicosocial,11/19/2000,false
9343,Keely,Gook,kgook8t@icio.us,1,Académica,Muy bajo,Nuevo,Bajo,,Medio,true,7/17/2012,Asesoría grupal,10/11/2011,Académica,8/20/2019,true
260644,Julius,Errichi,jerrichi8u@samsung.com,4,Psicosocial,Muy alto,Admitido,Alto,2/25/2009,Muy Bajo,false,3/3/2015,Asesoría grupal,3/21/2005,Académica,12/30/2017,true
636247,Joanna,Bassilashvili,jbassilashvili8v@w3.org,5,Económica,Medio,Admitido,Alto,11/15/2002,Medio,true,4/18/2005,Actividades de autocuidado,11/22/2018,Múltiple,11/25/2005,false
256344,Ahmed,Larner,alarner8w@patch.com,5,Económica,Muy bajo,Admitido,Alto,3/24/2000,Medio,false,9/1/2022,Terapia individual,7/12/2018,Económica,1/18/2001,true
688933,Ara,Bayless,abayless8x@baidu.com,1,Económica,Muy bajo,Admitido,Alto,12/2/2016,Medio,true,1/7/2011,Actividades de autocuidado,10/10/2019,Múltiple,5/4/2013,false
181999,Eve,Grigori,egrigori8y@live.com,10,Académica,Muy alto,Media académica,Alto,5/7/2013,Muy Bajo,true,10/30/2003,Otro,10/2/2013,Psicosocial,7/20/2021,true
855152,Jack,Hindes,jhindes8z@hatena.ne.jp,3,Académica,Muy bajo,Media académica,Alto,11/8/2014,Bajo,false,6/20/2013,Terapia individual,6/12/2016,Académica,2/26/2012,true
538162,Nadya,Pealing,npealing90@intel.com,3,Económica,Medio,Media académica,Bajo,11/24/2001,Muy Bajo,true,3/31/2013,Terapia individual,12/29/2011,Psicosocial,1/8/2019,true
738170,Oralia,Hedan,ohedan91@imageshack.us,9,Académica,Muy bajo,Admitido,Medio,7/7/2000,Bajo,false,7/22/2016,Otro,11/28/2006,Psicosocial,3/20/2011,false
589181,Nobie,Uttley,nuttley92@harvard.edu,8,Psicosocial,Alto,Admitido,Medio,5/20/2006,Alto,true,11/17/2021,Terapia individual,1/21/2010,Múltiple,4/25/2018,false
642143,Palmer,Garman,pgarman93@ask.com,1,Psicosocial,Bajo,Admitido,Medio,1/9/2009,Muy Bajo,true,1/25/2017,Actividades de autocuidado,10/4/2015,Múltiple,3/21/2019,false
925248,Tammy,Kelso,tkelso94@squarespace.com,9,Múltiple,Muy alto,Nuevo,Medio,9/16/2021,Bajo,true,1/10/2005,Terapia individual,9/13/2020,Económica,9/6/2002,false
554857,Vallie,Antonio,vantonio95@yelp.com,10,Económica,Medio,Nuevo,Bajo,4/25/2002,Muy Bajo,false,9/22/2000,Talleres psicosociales,7/23/2012,Académica,10/26/2010,false
820150,Hobart,Pococke,hpococke96@blogspot.com,4,Múltiple,Bajo,Media académica,Alto,5/24/2003,Muy Bajo,false,12/3/2015,Terapia individual,7/27/2016,Económica,4/12/2011,true
893288,Donica,Pendall,dpendall97@oaic.gov.au,10,Académica,Bajo,Nuevo,Medio,6/27/2020,Muy Bajo,true,4/25/2007,Talleres psicosociales,3/24/2010,Psicosocial,11/8/2012,true
9411,Cesar,Jerratsch,cjerratsch98@nytimes.com,7,Múltiple,Medio,Admitido,Medio,10/24/2021,Alto,true,9/27/2004,Actividades de autocuidado,12/21/2021,Múltiple,2/14/2017,false
292149,Madlen,Tipple,mtipple99@quantcast.com,5,Académica,Bajo,Media académica,Alto,9/20/2020,Bajo,false,9/5/2004,Asesoría grupal,9/8/2002,Psicosocial,2/8/2008,true
681875,Byram,Gutch,bgutch9a@squidoo.com,7,Económica,Muy bajo,Admitido,Alto,5/18/2005,Muy Bajo,true,10/10/2020,Otro,5/19/2011,Académica,7/5/2016,true
591451,Silvester,Ashplant,sashplant9b@list-manage.com,10,Múltiple,Medio,Media académica,Alto,11/8/2001,Alto,false,6/26/2005,Otro,3/3/2011,Múltiple,1/28/2016,false
394786,Florina,Newstead,fnewstead9c@hc360.com,6,Psicosocial,Medio,Media académica,Bajo,5/24/2006,Bajo,false,4/4/2011,Terapia individual,2/22/2002,Psicosocial,4/17/2005,false
172243,Dagmar,O'Scanlon,doscanlon9d@senate.gov,7,Psicosocial,Muy bajo,Media académica,Bajo,10/13/2020,Medio,false,2/22/2001,Otro,9/26/2006,Psicosocial,2/3/2008,true
527684,Lowell,Flook,lflook9e@icio.us,2,Académica,Medio,Media académica,Bajo,7/12/2012,Alto,true,9/25/2002,Terapia individual,1/24/2008,Económica,7/31/2017,true
567554,Lura,Redemile,lredemile9f@pagesperso-orange.fr,3,Académica,Muy bajo,Media académica,Medio,8/26/2005,Alto,false,4/1/2019,Otro,2/11/2017,Psicosocial,9/12/2003,false
115033,Mickie,Goldhill,mgoldhill9g@wiley.com,10,Psicosocial,Alto,Admitido,Alto,9/29/2000,Muy Bajo,true,6/19/2014,Terapia individual,7/27/2009,Psicosocial,11/1/2005,true
101225,Mill,MacRanald,mmacranald9h@homestead.com,10,Académica,Bajo,Nuevo,Alto,2/1/2003,Alto,false,11/3/2007,Talleres psicosociales,10/16/2018,Múltiple,3/26/2022,true
76281,Esme,Element,eelement9i@ed.gov,5,Múltiple,Muy bajo,Media académica,Bajo,9/2/2001,Bajo,true,2/18/2017,Actividades de autocuidado,10/9/2017,Académica,10/12/2003,true
557350,Lauri,Broomer,lbroomer9j@tinypic.com,10,Académica,Bajo,Admitido,Alto,12/2/2019,Medio,false,5/25/2005,Asesoría grupal,10/10/2003,Múltiple,12/5/2008,true
145847,Nicolais,Raddan,nraddan9k@blogspot.com,8,Económica,Bajo,Admitido,Medio,3/3/2008,Alto,true,8/13/2016,Otro,8/1/2016,Múltiple,11/20/2002,false
384142,Zebulon,O'Dea,zodea9l@twitpic.com,4,Académica,Muy bajo,Media académica,Alto,8/25/2000,Alto,false,7/30/2000,Otro,12/2/2020,Múltiple,8/2/2004,false
410873,Dusty,Collins,dcollins9m@oaic.gov.au,3,Psicosocial,Alto,Nuevo,Alto,11/24/2017,Alto,false,2/20/2010,Otro,10/17/2005,Económica,9/6/2020,true
120603,Zaria,Justun,zjustun9n@umn.edu,4,Psicosocial,Bajo,Nuevo,Alto,10/19/2012,Alto,true,2/14/2015,Otro,11/17/2007,Psicosocial,8/12/2021,false
973078,Timmi,Grinnikov,tgrinnikov9o@nydailynews.com,6,Psicosocial,Alto,Media académica,Medio,12/5/2009,Alto,false,12/27/2010,Otro,8/29/2010,Económica,10/23/2001,false
997319,Kayne,Blondel,kblondel9p@buzzfeed.com,5,Múltiple,Muy alto,Nuevo,Bajo,4/24/2020,Muy Bajo,true,12/18/2017,Talleres psicosociales,9/29/2014,Múltiple,9/14/2003,true
617211,Fawnia,Jerg,fjerg9q@hostgator.com,1,Psicosocial,Medio,Admitido,Medio,9/2/2022,Bajo,true,6/26/2016,Terapia individual,6/25/2008,Psicosocial,11/29/2008,false
479337,Ezmeralda,Patchett,epatchett9r@360.cn,3,Económica,Medio,Admitido,Bajo,9/17/2000,Muy Bajo,true,10/20/2015,Terapia individual,6/25/2013,Múltiple,1/4/2013,false
159939,Amelia,Belchamber,abelchamber9s@eventbrite.com,7,Múltiple,Medio,Media académica,Bajo,8/11/2007,Medio,false,6/23/2016,Talleres psicosociales,8/29/2007,Múltiple,12/20/2020,false
985325,Pryce,Di Biasi,pdibiasi9t@a8.net,10,Múltiple,Muy alto,Nuevo,Bajo,5/11/2001,Bajo,false,2/19/2002,Talleres psicosociales,6/18/2003,Psicosocial,4/13/2004,true
420232,Minnie,Claremont,mclaremont9u@blogger.com,6,Psicosocial,Medio,Admitido,Medio,4/13/2003,Medio,true,7/14/2012,Actividades de autocuidado,11/1/2022,Múltiple,8/3/2011,false
382622,Pedro,Eustes,peustes9v@virginia.edu,1,Económica,Muy alto,Nuevo,Medio,4/7/2009,Muy Bajo,false,4/4/2016,Actividades de autocuidado,5/29/2011,Económica,8/16/2013,true
305372,Darnell,Fourcade,dfourcade9w@virginia.edu,3,Múltiple,Bajo,Admitido,Medio,8/27/2020,Bajo,false,10/6/2012,Otro,4/8/2002,Psicosocial,2/9/2004,true
933248,Julee,Freschi,jfreschi9x@un.org,6,Psicosocial,Alto,Admitido,Alto,9/17/2010,Bajo,false,11/3/2008,Talleres psicosociales,6/2/2013,Psicosocial,3/13/2017,true
455020,Dunn,Wewell,dwewell9y@nps.gov,3,Económica,Bajo,Admitido,Bajo,1/30/2022,Medio,false,3/6/2007,Asesoría grupal,11/1/2001,Económica,4/24/2013,false
69642,Giacomo,Gathercoal,ggathercoal9z@baidu.com,10,Económica,Muy alto,Nuevo,Alto,9/8/2008,Muy Bajo,false,12/8/2017,Terapia individual,8/20/2010,Psicosocial,10/4/2000,false
297723,Alyse,Laye,alayea0@unc.edu,1,Psicosocial,Medio,Admitido,Bajo,4/24/2007,Muy Bajo,true,10/31/2012,Otro,8/3/2013,Económica,1/1/2017,true
279332,Mella,Cattini,mcattinia1@columbia.edu,2,Psicosocial,Muy bajo,Media académica,Bajo,3/16/2002,Medio,true,6/1/2010,Terapia individual,10/27/2013,Académica,7/10/2003,false
475783,Joshia,Freckingham,jfreckinghama2@tripod.com,1,Académica,Alto,Admitido,Bajo,1/11/2010,Muy Bajo,false,10/17/2006,Asesoría grupal,11/23/2007,Múltiple,8/12/2000,true
286351,Consuela,Lawton,clawtona3@youku.com,10,Económica,Muy alto,Admitido,Alto,3/23/2009,Muy Bajo,false,10/18/2012,Otro,11/8/2012,Económica,4/23/2017,false
905513,Alec,Ricart,aricarta4@ow.ly,10,Múltiple,Alto,Admitido,Medio,2/25/2019,Alto,false,6/14/2020,Terapia individual,10/14/2013,Múltiple,3/9/2015,false
371965,Merralee,Pearman,mpearmana5@bloglines.com,9,Académica,Bajo,Admitido,Medio,10/16/2004,Muy Bajo,false,5/31/2011,Terapia individual,2/20/2006,Académica,2/11/2003,false
275801,Kerry,Duddle,kduddlea6@com.com,10,Psicosocial,Muy bajo,Media académica,Bajo,10/20/2003,Medio,false,6/14/2009,Actividades de autocuidado,12/7/2013,Psicosocial,4/3/2016,true
328430,Carmel,McSkeagan,cmcskeagana7@cbc.ca,4,Múltiple,Bajo,Media académica,Medio,12/2/2016,Bajo,true,12/27/2022,Talleres psicosociales,5/13/2019,Psicosocial,7/12/2015,false
798863,Margarethe,Ponceford,mponceforda8@rediff.com,9,Psicosocial,Medio,Nuevo,Alto,11/21/2016,Medio,true,6/9/2010,Actividades de autocuidado,10/20/2010,Económica,5/6/2021,false
973577,Hana,Treend,htreenda9@state.gov,7,Psicosocial,Muy bajo,Admitido,Bajo,10/6/2006,Alto,false,3/12/2001,Asesoría grupal,10/18/2012,Psicosocial,2/5/2013,true
863035,Farly,Seiter,fseiteraa@canalblog.com,2,Múltiple,Muy bajo,Media académica,Medio,3/20/2018,Muy Bajo,true,3/6/2011,Asesoría grupal,4/16/2006,Económica,1/29/2014,false
584057,Ted,Aiston,taistonab@jalbum.net,10,Económica,Alto,Admitido,Alto,6/4/2012,Muy Bajo,true,3/28/2015,Actividades de autocuidado,4/30/2015,Económica,12/21/2000,true
651468,Graig,Perrone,gperroneac@springer.com,9,Psicosocial,Muy bajo,Media académica,Bajo,5/6/2021,Alto,true,1/23/2001,Asesoría grupal,12/7/2000,Académica,7/14/2018,true
81080,Tades,Whitebread,twhitebreadad@canalblog.com,10,Académica,Alto,Media académica,Medio,7/29/2011,Medio,false,3/15/2018,Terapia individual,7/2/2021,Múltiple,3/24/2000,true
347633,Aurelea,Beckey,abeckeyae@w3.org,5,Múltiple,Alto,Nuevo,Medio,4/15/2014,Alto,false,5/28/2013,Talleres psicosociales,10/19/2013,Psicosocial,12/12/2003,true
256380,Stavro,Duffett,sduffettaf@devhub.com,10,Académica,Alto,Media académica,Alto,9/22/2019,Alto,false,6/25/2004,Actividades de autocuidado,6/30/2006,Múltiple,11/27/2010,true
941112,Tamarra,Raeside,traesideag@digg.com,6,Académica,Muy bajo,Nuevo,Bajo,11/14/2011,Bajo,true,7/9/2007,Otro,6/7/2012,Psicosocial,11/16/2017,false
903652,Slade,McKimmie,smckimmieah@zdnet.com,1,Psicosocial,Alto,Admitido,Alto,10/9/2009,Bajo,false,2/18/2014,Talleres psicosociales,8/14/2010,Psicosocial,12/1/2002,false
908372,Jimmy,MacDougall,jmacdougallai@cnet.com,6,Psicosocial,Bajo,Admitido,Alto,12/16/2009,Muy Bajo,true,7/23/2007,Terapia individual,1/4/2011,Académica,9/2/2012,true
200766,Darryl,Stiegar,dstiegaraj@china.com.cn,9,Económica,Muy alto,Media académica,Medio,3/20/2001,Bajo,true,12/3/2010,Otro,5/24/2000,Psicosocial,6/4/2006,true
43544,Inge,Duffin,iduffinak@4shared.com,8,Económica,Muy alto,Nuevo,Alto,6/10/2006,Alto,false,9/19/2000,Talleres psicosociales,1/2/2014,Económica,9/7/2007,false
298454,Lion,Strut,lstrutal@lulu.com,8,Múltiple,Muy bajo,Admitido,Medio,10/30/2013,Medio,true,3/5/2021,Asesoría grupal,10/4/2010,Psicosocial,1/30/2018,true
72747,Donnie,Wadhams,dwadhamsam@macromedia.com,6,Económica,Muy bajo,Admitido,Bajo,4/7/2022,Alto,true,3/3/2003,Actividades de autocuidado,6/2/2007,Económica,6/9/2009,false
535966,Chiquita,Guyton,cguytonan@nymag.com,10,Psicosocial,Muy bajo,Nuevo,Medio,12/5/2019,Medio,false,12/22/2011,Terapia individual,8/11/2010,Académica,12/1/2003,false
865780,Norris,Klimt,nklimtao@utexas.edu,5,Económica,Muy bajo,Nuevo,Alto,9/19/2012,Muy Bajo,false,7/22/2009,Actividades de autocuidado,4/14/2006,Psicosocial,7/12/2004,true
209903,Raffarty,Schurig,rschurigap@altervista.org,10,Económica,Bajo,Nuevo,Medio,8/9/2000,Muy Bajo,true,8/7/2002,Actividades de autocuidado,1/2/2011,Académica,4/24/2008,false
188201,Clovis,Durdan,cdurdanaq@mozilla.org,7,Psicosocial,Bajo,Media académica,Alto,9/13/2001,Alto,false,9/3/2009,Terapia individual,6/17/2011,Académica,2/16/2013,true
793422,Allyn,Shoebridge,ashoebridgear@parallels.com,3,Psicosocial,Muy alto,Media académica,Medio,3/22/2022,Alto,false,7/18/2000,Talleres psicosociales,5/21/2008,Psicosocial,3/15/2006,false
512653,Lynde,Tolman,ltolmanas@google.com.br,8,Académica,Muy bajo,Admitido,Bajo,1/18/2010,Muy Bajo,true,4/7/2022,Talleres psicosociales,5/5/2005,Económica,7/23/2014,true
867664,Galvan,Scandred,gscandredat@stanford.edu,8,Económica,Muy alto,Media académica,Bajo,8/8/2021,Muy Bajo,false,12/24/2010,Asesoría grupal,11/23/2004,Múltiple,1/11/2005,true
421956,Holly-anne,Loudyan,hloudyanau@businesswire.com,8,Académica,Muy alto,Admitido,Alto,6/5/2013,Alto,true,8/6/2003,Asesoría grupal,1/2/2008,Económica,10/7/2010,true
878516,Rossy,Featherstonehaugh,rfeatherstonehaughav@jimdo.com,10,Psicosocial,Alto,Media académica,Medio,7/10/2020,Bajo,false,3/28/2007,Talleres psicosociales,5/5/2010,Psicosocial,10/3/2007,false
556160,Barnaby,Netting,bnettingaw@usda.gov,5,Múltiple,Medio,Media académica,Bajo,,Alto,true,9/19/2016,Otro,2/13/2011,Múltiple,2/21/2002,true
626650,Marty,Free,mfreeax@gravatar.com,1,Múltiple,Bajo,Admitido,Medio,8/15/2012,Alto,true,4/29/2013,Talleres psicosociales,11/26/2012,Múltiple,1/16/2005,true
53706,Willa,Schrieves,wschrievesay@paginegialle.it,2,Psicosocial,Alto,Admitido,Medio,5/11/2003,Medio,false,1/24/2001,Actividades de autocuidado,5/7/2010,Económica,11/13/2013,true
806152,Arnie,Claus,aclausaz@wordpress.com,4,Múltiple,Bajo,Media académica,Bajo,11/23/2001,Medio,true,8/12/2011,Terapia individual,4/26/2008,Psicosocial,4/21/2018,true
787733,Ingaborg,Muschette,imuschetteb0@harvard.edu,9,Académica,Medio,Media académica,Medio,9/22/2009,Medio,false,4/9/2013,Otro,8/14/2015,Múltiple,4/11/2005,true
311453,Alley,Thicking,athickingb1@ca.gov,9,Psicosocial,Bajo,Nuevo,Medio,10/27/2020,Medio,false,4/11/2013,Actividades de autocuidado,6/25/2020,Académica,8/24/2020,true
535614,Pedro,Josefer,pjoseferb2@aol.com,8,Académica,Bajo,Media académica,Medio,1/14/2020,Muy Bajo,false,3/13/2009,Terapia individual,2/28/2001,Académica,9/1/2007,true
497567,Johnathan,Scothorn,jscothornb3@cbsnews.com,4,Psicosocial,Medio,Media académica,Medio,6/2/2015,Alto,false,3/18/2022,Otro,5/13/2011,Múltiple,10/21/2013,false
363088,Danya,Aughtie,daughtieb4@furl.net,6,Múltiple,Alto,Media académica,Alto,11/8/2021,Alto,true,9/2/2017,Terapia individual,7/22/2007,Económica,6/2/2016,false
904641,Stacee,Barkworth,sbarkworthb5@noaa.gov,2,Psicosocial,Muy alto,Media académica,Alto,5/25/2004,Medio,false,2/20/2021,Asesoría grupal,4/30/2011,Académica,9/3/2007,true
583275,Christine,Maryott,cmaryottb6@cafepress.com,1,Académica,Muy alto,Media académica,Bajo,7/25/2017,Medio,false,10/23/2004,Otro,3/10/2022,Económica,2/15/2017,false
130374,Gregorio,Theze,gthezeb7@nba.com,1,Múltiple,Bajo,Nuevo,Bajo,11/24/2009,Alto,true,6/2/2021,Terapia individual,3/16/2006,Múltiple,11/16/2005,false
554133,Dougy,Kennifick,dkennifickb8@marriott.com,5,Económica,Muy alto,Media académica,Medio,9/19/2000,Muy Bajo,true,7/21/2000,Otro,10/19/2005,Académica,5/21/2018,false
835891,Elladine,Mighele,emigheleb9@epa.gov,3,Múltiple,Muy alto,Nuevo,Alto,6/23/2021,Bajo,true,6/19/2005,Otro,3/28/2008,Académica,1/21/2006,false
437485,Darius,Hellyar,dhellyarba@artisteer.com,6,Académica,Muy bajo,Media académica,Bajo,6/2/2006,Muy Bajo,false,5/17/2002,Terapia individual,11/23/2005,Psicosocial,7/29/2021,false
761348,Cirilo,Lamzed,clamzedbb@vkontakte.ru,5,Económica,Medio,Nuevo,Medio,11/24/2013,Muy Bajo,true,10/21/2005,Otro,1/19/2003,Académica,12/8/2020,true
732726,Cordelie,Uebel,cuebelbc@msu.edu,3,Académica,Medio,Admitido,Medio,12/30/2016,Medio,true,1/27/2012,Terapia individual,3/23/2010,Múltiple,8/22/2002,true
252850,Kylie,Jelly,kjellybd@cyberchimps.com,6,Múltiple,Alto,Media académica,Alto,4/15/2014,Medio,false,8/13/2019,Talleres psicosociales,4/22/2001,Económica,11/9/2002,true
79032,Norry,Effaunt,neffauntbe@elpais.com,7,Múltiple,Muy bajo,Nuevo,Alto,8/8/2006,Medio,true,4/19/2011,Terapia individual,2/10/2020,Múltiple,12/14/2010,true
789379,Danella,Ewbanck,dewbanckbf@google.co.uk,2,Psicosocial,Medio,Admitido,Medio,5/27/2005,Alto,false,10/19/2022,Actividades de autocuidado,11/13/2010,Económica,6/28/2009,true
141802,Yorgo,Trotter,ytrotterbg@howstuffworks.com,9,Económica,Bajo,Nuevo,Alto,4/18/2019,Alto,true,2/28/2018,Actividades de autocuidado,8/16/2017,Académica,5/16/2022,false
400742,Dewey,Batterbee,dbatterbeebh@facebook.com,9,Psicosocial,Alto,Media académica,Medio,1/30/2018,Alto,false,1/16/2008,Terapia individual,3/6/2010,Múltiple,7/3/2008,false
913741,Belva,Croxall,bcroxallbi@godaddy.com,10,Múltiple,Alto,Nuevo,Medio,12/21/2019,Medio,false,11/13/2002,Asesoría grupal,3/22/2022,Psicosocial,9/1/2001,true
970316,Natka,Stuckey,nstuckeybj@hibu.com,5,Psicosocial,Muy alto,Admitido,Alto,2/11/2000,Alto,false,8/19/2022,Actividades de autocuidado,4/17/2008,Económica,6/26/2011,true
218638,Judon,Ties,jtiesbk@thetimes.co.uk,6,Múltiple,Muy bajo,Admitido,Bajo,4/13/2001,Alto,true,4/21/2010,Terapia individual,10/20/2021,Múltiple,8/6/2016,false
275824,Annemarie,Littley,alittleybl@rediff.com,2,Económica,Medio,Media académica,Bajo,6/18/2011,Medio,false,3/7/2003,Otro,5/1/2001,Académica,11/11/2009,false
715442,Jeremy,Todman,jtodmanbm@sogou.com,2,Económica,Muy alto,Nuevo,Medio,6/19/2004,Medio,false,12/21/2013,Otro,8/9/2012,Académica,2/20/2013,true
321176,Crissie,Aizikowitz,caizikowitzbn@hibu.com,4,Económica,Medio,Media académica,Bajo,7/30/2019,Bajo,false,6/28/2006,Asesoría grupal,8/12/2000,Económica,10/13/2017,false
626102,Jefferson,Giorgi,jgiorgibo@nasa.gov,4,Académica,Muy bajo,Media académica,Bajo,10/28/2004,Medio,true,6/15/2015,Actividades de autocuidado,3/24/2019,Psicosocial,3/5/2020,true
148118,Hans,Rizziello,hrizziellobp@bigcartel.com,2,Económica,Alto,Media académica,Bajo,2/20/2012,Alto,false,5/29/2012,Asesoría grupal,5/30/2004,Académica,4/3/2004,true
899904,Cally,Hailey,chaileybq@goo.ne.jp,8,Psicosocial,Medio,Media académica,Medio,12/16/2009,Alto,false,12/12/2008,Asesoría grupal,10/7/2006,Económica,8/13/2004,true
985889,Nikolia,Corssen,ncorssenbr@noaa.gov,2,Económica,Bajo,Media académica,Bajo,6/18/2000,Alto,false,8/16/2016,Actividades de autocuidado,9/6/2018,Económica,11/16/2007,false
344880,Janene,Sebert,jsebertbs@columbia.edu,6,Económica,Bajo,Media académica,Alto,,Alto,true,5/25/2005,Terapia individual,2/15/2015,Psicosocial,11/13/2020,true
46619,Augy,Hayley,ahayleybt@harvard.edu,2,Económica,Bajo,Nuevo,Alto,4/30/2018,Medio,true,7/8/2018,Talleres psicosociales,9/1/2002,Múltiple,11/19/2000,false
550532,Kain,Alton,kaltonbu@google.com,2,Académica,Alto,Nuevo,Medio,8/6/2019,Bajo,true,1/8/2014,Asesoría grupal,11/6/2020,Económica,1/1/2009,true
520413,Collin,Ind,cindbv@answers.com,4,Económica,Bajo,Nuevo,Alto,5/3/2014,Medio,false,9/24/2006,Actividades de autocuidado,3/25/2010,Económica,7/7/2015,true
438174,Martie,Brightwell,mbrightwellbw@vimeo.com,6,Psicosocial,Medio,Nuevo,Bajo,9/21/2015,Bajo,false,8/10/2015,Asesoría grupal,1/9/2021,Psicosocial,4/25/2015,true
159681,Kamilah,Stile,kstilebx@icio.us,3,Académica,Medio,Media académica,Medio,2/23/2018,Medio,false,12/29/2020,Otro,3/11/2001,Múltiple,11/15/2004,true
331141,Inger,Adam,iadamby@wsj.com,6,Múltiple,Muy alto,Admitido,Medio,12/20/2022,Bajo,false,5/19/2002,Actividades de autocuidado,1/14/2011,Múltiple,3/6/2004,true
754218,Celeste,Shuttleworth,cshuttleworthbz@comcast.net,8,Psicosocial,Medio,Admitido,Bajo,5/15/2003,Alto,false,12/19/2017,Actividades de autocuidado,6/1/2018,Académica,7/9/2004,false
719469,Duffy,Dymidowski,ddymidowskic0@google.nl,7,Económica,Alto,Nuevo,Medio,10/9/2009,Medio,true,10/26/2022,Terapia individual,8/17/2002,Académica,10/7/2019,true
47792,Sharlene,Duck,sduckc1@webmd.com,1,Múltiple,Alto,Nuevo,Alto,5/13/2017,Alto,false,4/6/2021,Actividades de autocuidado,12/22/2017,Múltiple,1/22/2007,true
751815,Goldina,Curreen,gcurreenc2@stanford.edu,1,Psicosocial,Muy bajo,Admitido,Alto,8/22/2012,Muy Bajo,false,11/28/2010,Otro,10/25/2015,Múltiple,10/20/2005,false
517527,Lesley,Keyzor,lkeyzorc3@jigsy.com,5,Psicosocial,Muy bajo,Nuevo,Bajo,8/12/2000,Muy Bajo,true,5/14/2007,Asesoría grupal,9/13/2015,Académica,9/12/2004,true
235189,Max,Firk,mfirkc4@forbes.com,6,Académica,Muy alto,Nuevo,Bajo,1/11/2004,Bajo,false,10/30/2012,Talleres psicosociales,5/13/2009,Económica,2/9/2009,false
447183,Leeann,Halloran,lhalloranc5@hud.gov,1,Académica,Muy bajo,Admitido,Bajo,11/26/2012,Bajo,true,3/17/2000,Actividades de autocuidado,4/21/2010,Múltiple,7/10/2018,false
518496,Forest,Sandry,fsandryc6@google.ca,10,Académica,Bajo,Media académica,Alto,11/18/2017,Medio,true,6/6/2013,Actividades de autocuidado,10/8/2015,Múltiple,4/29/2018,true
727011,Benedicto,Westrope,bwestropec7@xinhuanet.com,3,Económica,Medio,Nuevo,Bajo,4/22/2019,Alto,false,9/28/2005,Otro,10/25/2009,Psicosocial,12/24/2013,false
355813,Retha,Covey,rcoveyc8@usda.gov,5,Económica,Muy bajo,Admitido,Bajo,11/17/2019,Bajo,true,2/6/2013,Actividades de autocuidado,11/30/2014,Psicosocial,1/17/2021,true
148871,Keir,Bazylets,kbazyletsc9@latimes.com,5,Académica,Muy alto,Media académica,Alto,10/17/2001,Muy Bajo,true,5/17/2006,Talleres psicosociales,2/28/2017,Académica,6/24/2008,false
904632,Joseph,Neilands,jneilandsca@addtoany.com,3,Académica,Muy bajo,Media académica,Medio,7/31/2015,Bajo,true,3/27/2014,Terapia individual,4/11/2017,Psicosocial,4/6/2002,true
948734,Nelie,Benedito,nbeneditocb@squarespace.com,1,Académica,Alto,Admitido,Alto,8/3/2016,Alto,false,10/26/2019,Terapia individual,11/26/2002,Académica,6/27/2014,false
410630,Ofelia,Brogi,obrogicc@deviantart.com,9,Académica,Medio,Nuevo,Alto,5/20/2006,Medio,false,5/31/2006,Talleres psicosociales,2/26/2022,Económica,1/9/2021,true
458594,Felice,Folke,ffolkecd@epa.gov,4,Múltiple,Bajo,Admitido,Bajo,,Medio,false,1/20/2004,Asesoría grupal,8/31/2021,Económica,9/17/2013,true
341916,Rhodia,Levensky,rlevenskyce@pbs.org,6,Académica,Alto,Nuevo,Medio,1/30/2001,Muy Bajo,true,7/9/2009,Asesoría grupal,4/17/2015,Psicosocial,4/28/2013,true
3486,Demetris,Rosgen,drosgencf@army.mil,2,Múltiple,Muy alto,Nuevo,Medio,3/25/2022,Medio,true,7/1/2003,Actividades de autocuidado,1/16/2006,Múltiple,8/25/2014,false
864626,Ann,Girard,agirardcg@oakley.com,1,Académica,Alto,Nuevo,Alto,4/25/2003,Medio,true,2/18/2015,Actividades de autocuidado,5/11/2009,Múltiple,5/12/2006,true
936566,Arielle,Aslin,aaslinch@wikipedia.org,4,Académica,Medio,Admitido,Bajo,10/9/2010,Medio,true,7/22/2021,Terapia individual,11/24/2015,Múltiple,4/18/2011,false
264844,Yankee,Gozney,ygozneyci@myspace.com,9,Académica,Muy alto,Admitido,Bajo,7/17/2000,Muy Bajo,true,7/8/2011,Otro,10/2/2004,Económica,6/4/2007,false
777930,Sianna,Spriggin,sspriggincj@rakuten.co.jp,9,Psicosocial,Muy alto,Nuevo,Bajo,,Medio,true,1/22/2019,Actividades de autocuidado,7/30/2005,Múltiple,8/10/2007,false
892777,Helga,Butt Gow,hbuttgowck@abc.net.au,8,Económica,Alto,Nuevo,Bajo,12/21/2012,Bajo,true,5/14/2014,Otro,12/1/2015,Económica,7/22/2011,true
115982,Tamqrah,Liggens,tliggenscl@jiathis.com,3,Psicosocial,Medio,Admitido,Alto,7/17/2011,Medio,true,12/13/2011,Talleres psicosociales,8/30/2010,Psicosocial,7/17/2009,true
958321,Margarete,Eley,meleycm@fda.gov,1,Académica,Bajo,Media académica,Medio,11/30/2017,Medio,true,12/9/2018,Terapia individual,8/16/2006,Psicosocial,5/25/2016,false
72352,Herbert,Exon,hexoncn@etsy.com,1,Múltiple,Bajo,Media académica,Alto,9/4/2008,Medio,false,2/2/2012,Actividades de autocuidado,5/3/2016,Psicosocial,10/19/2018,false
335216,Elnore,Maletratt,emaletrattco@oakley.com,8,Múltiple,Muy bajo,Nuevo,Bajo,6/7/2000,Alto,true,9/26/2014,Actividades de autocuidado,12/17/2006,Académica,6/27/2011,true
44186,Kalil,Cropper,kcroppercp@google.nl,10,Múltiple,Muy bajo,Admitido,Alto,5/25/2019,Muy Bajo,true,8/4/2014,Asesoría grupal,4/26/2013,Múltiple,12/20/2012,false
953732,Gaston,Minet,gminetcq@jimdo.com,8,Económica,Medio,Media académica,Bajo,6/10/2011,Medio,false,8/6/2009,Asesoría grupal,5/6/2013,Económica,9/24/2007,false
204643,Ladonna,Rouchy,lrouchycr@github.com,6,Psicosocial,Alto,Admitido,Medio,3/1/2021,Alto,false,6/16/2019,Asesoría grupal,12/18/2009,Económica,12/19/2010,false
306798,Felice,Anthiftle,fanthiftlecs@archive.org,7,Económica,Muy bajo,Admitido,Medio,11/5/2014,Alto,false,10/23/2022,Actividades de autocuidado,7/17/2005,Múltiple,11/5/2013,false
880601,Kimberly,Nesbeth,knesbethct@tiny.cc,4,Múltiple,Medio,Media académica,Medio,3/8/2021,Bajo,true,10/3/2010,Talleres psicosociales,1/3/2007,Psicosocial,11/7/2012,true
734558,Othella,Regglar,oregglarcu@sfgate.com,9,Económica,Bajo,Media académica,Alto,2/19/2013,Medio,true,9/9/2005,Terapia individual,2/20/2010,Psicosocial,11/9/2010,true
570274,Libbie,de Bullion,ldebullioncv@de.vu,2,Psicosocial,Muy bajo,Media académica,Medio,1/29/2015,Muy Bajo,false,4/29/2015,Actividades de autocuidado,4/13/2013,Múltiple,4/7/2019,true
900875,Nester,Vasilyev,nvasilyevcw@bloglines.com,8,Académica,Bajo,Media académica,Medio,9/18/2016,Bajo,true,9/13/2001,Terapia individual,11/15/2008,Psicosocial,10/17/2014,true
701382,Linell,Wyeld,lwyeldcx@ucoz.ru,6,Académica,Bajo,Nuevo,Medio,9/27/2006,Alto,true,8/9/2014,Talleres psicosociales,5/13/2000,Académica,3/29/2016,true
314386,Janet,Franke,jfrankecy@hexun.com,9,Múltiple,Alto,Admitido,Medio,11/29/2021,Bajo,true,1/12/2005,Asesoría grupal,8/24/2006,Académica,1/9/2019,true
910357,Catharine,Skeemer,cskeemercz@bloglovin.com,7,Múltiple,Alto,Nuevo,Medio,9/13/2001,Alto,false,4/13/2007,Actividades de autocuidado,7/3/2005,Económica,3/15/2021,true
168396,Mike,Seine,mseined0@cyberchimps.com,9,Psicosocial,Bajo,Admitido,Medio,11/18/2002,Medio,true,7/18/2003,Actividades de autocuidado,5/1/2017,Económica,10/23/2008,true
570772,Enid,Nisot,enisotd1@cornell.edu,4,Psicosocial,Bajo,Nuevo,Medio,2/12/2019,Muy Bajo,false,7/15/2005,Otro,11/16/2021,Económica,1/25/2018,true
496525,Lucia,Nannoni,lnannonid2@mtv.com,8,Psicosocial,Bajo,Admitido,Medio,11/14/2005,Bajo,false,3/5/2017,Otro,9/8/2019,Múltiple,2/19/2009,false
734818,Pavla,Sheering,psheeringd3@oaic.gov.au,4,Económica,Medio,Nuevo,Alto,4/2/2017,Alto,true,1/20/2003,Otro,10/1/2003,Múltiple,3/31/2021,false
281243,Brett,Collyear,bcollyeard4@go.com,1,Económica,Muy alto,Media académica,Medio,12/8/2004,Muy Bajo,true,1/5/2004,Otro,7/27/2001,Múltiple,1/15/2006,true
322179,Kay,Clitheroe,kclitheroed5@shinystat.com,8,Psicosocial,Muy alto,Nuevo,Bajo,12/1/2021,Alto,true,10/4/2013,Terapia individual,4/8/2020,Psicosocial,1/1/2009,false
34986,Zorine,Hollington,zhollingtond6@lulu.com,7,Psicosocial,Bajo,Nuevo,Bajo,11/5/2014,Bajo,true,8/5/2003,Actividades de autocuidado,3/9/2003,Psicosocial,6/14/2007,true
379969,Carin,Daelman,cdaelmand7@google.ca,2,Académica,Muy alto,Nuevo,Bajo,1/30/2004,Medio,true,6/26/2008,Actividades de autocuidado,6/6/2007,Múltiple,9/9/2000,true
592922,Lia,Tumini,ltuminid8@state.gov,1,Psicosocial,Alto,Nuevo,Alto,9/29/2014,Medio,true,3/19/2000,Terapia individual,3/5/2021,Múltiple,10/7/2007,false
204306,Andy,Code,acoded9@vistaprint.com,6,Académica,Muy bajo,Media académica,Medio,1/18/2007,Medio,true,11/17/2008,Terapia individual,4/21/2005,Académica,3/24/2018,false
281078,Xavier,Giacovazzo,xgiacovazzoda@wix.com,8,Académica,Alto,Media académica,Alto,9/8/2015,Alto,false,9/11/2015,Asesoría grupal,8/9/2011,Económica,8/27/2015,false
424747,Quinn,Delahunty,qdelahuntydb@cbsnews.com,5,Múltiple,Muy alto,Admitido,Alto,4/21/2012,Bajo,true,3/8/2002,Actividades de autocuidado,4/19/2015,Psicosocial,11/4/2008,false
901102,Ripley,Dineges,rdinegesdc@mozilla.com,5,Económica,Bajo,Nuevo,Bajo,4/21/2011,Muy Bajo,false,4/8/2016,Actividades de autocuidado,11/12/2018,Académica,12/12/2012,false
218803,Amie,Gutridge,agutridgedd@amazon.com,7,Psicosocial,Bajo,Admitido,Alto,7/5/2010,Bajo,false,1/12/2002,Talleres psicosociales,5/2/2011,Académica,12/6/2014,true
756323,Menard,Adamik,madamikde@blog.com,2,Múltiple,Muy alto,Nuevo,Bajo,5/2/2016,Medio,true,11/6/2010,Talleres psicosociales,11/6/2022,Académica,3/26/2016,false
768635,Ev,Rate,eratedf@topsy.com,5,Psicosocial,Muy alto,Admitido,Alto,4/10/2018,Muy Bajo,false,4/12/2022,Actividades de autocuidado,8/17/2020,Psicosocial,12/13/2012,true
145547,Twila,Goldes,tgoldesdg@time.com,9,Económica,Muy alto,Nuevo,Medio,10/21/2006,Alto,false,5/31/2017,Terapia individual,11/18/2019,Múltiple,10/1/2021,false
118599,Addi,Learmonth,alearmonthdh@nydailynews.com,5,Múltiple,Muy bajo,Media académica,Medio,1/29/2017,Alto,true,11/9/2014,Otro,6/15/2000,Múltiple,7/6/2004,false
22342,Joell,Cowley,jcowleydi@lulu.com,3,Psicosocial,Bajo,Media académica,Alto,3/17/2022,Muy Bajo,true,10/8/2007,Asesoría grupal,9/29/2011,Psicosocial,12/21/2002,true
353045,Henka,McAlister,hmcalisterdj@nsw.gov.au,8,Múltiple,Bajo,Media académica,Bajo,9/17/2018,Bajo,true,3/10/2011,Talleres psicosociales,5/5/2019,Múltiple,5/31/2006,true
31481,Mada,Jenner,mjennerdk@ycombinator.com,3,Múltiple,Muy bajo,Nuevo,Alto,3/30/2017,Alto,true,12/4/2017,Terapia individual,2/17/2011,Académica,6/30/2005,true
562787,Erma,Acton,eactondl@webs.com,8,Económica,Muy bajo,Media académica,Alto,2/21/2012,Alto,false,3/9/2003,Talleres psicosociales,12/30/2001,Económica,10/30/2017,true
643072,Nita,Umpleby,numplebydm@list-manage.com,9,Múltiple,Alto,Media académica,Bajo,4/17/2007,Medio,true,5/4/2020,Talleres psicosociales,8/31/2003,Múltiple,1/2/2021,true
866085,Nealon,Cockrell,ncockrelldn@lulu.com,2,Múltiple,Medio,Admitido,Medio,6/8/2007,Muy Bajo,true,1/5/2003,Actividades de autocuidado,4/19/2022,Múltiple,1/13/2017,false
455038,Cally,Diamond,cdiamonddo@intel.com,2,Psicosocial,Alto,Media académica,Medio,5/17/2009,Muy Bajo,false,9/29/2001,Actividades de autocuidado,3/3/2013,Psicosocial,1/24/2009,true
648447,Talbot,O'Daly,todalydp@cpanel.net,6,Psicosocial,Bajo,Admitido,Medio,5/11/2000,Alto,true,11/1/2001,Otro,4/28/2008,Psicosocial,5/31/2004,true
328024,Desiree,Matyashev,dmatyashevdq@360.cn,8,Psicosocial,Muy bajo,Media académica,Medio,6/8/2009,Alto,false,11/9/2000,Terapia individual,1/28/2006,Múltiple,5/26/2020,true
41510,Mariana,Eldin,meldindr@spiegel.de,5,Múltiple,Muy bajo,Media académica,Bajo,6/7/2019,Bajo,true,5/20/2016,Terapia individual,1/1/2007,Económica,12/17/2013,true
694183,Jeanna,Gyer,jgyerds@1688.com,1,Económica,Alto,Media académica,Alto,9/9/2001,Alto,false,9/30/2000,Otro,9/22/2015,Psicosocial,12/22/2001,false
363916,Corliss,McLucas,cmclucasdt@prlog.org,3,Múltiple,Alto,Admitido,Bajo,8/20/2022,Bajo,false,4/19/2018,Otro,7/4/2009,Psicosocial,2/7/2003,false
155317,Dalila,Mewha,dmewhadu@soup.io,6,Económica,Muy bajo,Media académica,Alto,12/27/2013,Medio,false,7/2/2004,Otro,6/6/2010,Psicosocial,2/13/2000,false
783666,Carlye,Lockier,clockierdv@sfgate.com,6,Académica,Medio,Admitido,Alto,4/2/2021,Bajo,true,3/10/2013,Terapia individual,3/25/2015,Económica,4/2/2021,true
632077,Reynold,Wisden,rwisdendw@latimes.com,9,Económica,Alto,Media académica,Bajo,,Alto,true,9/8/2018,Terapia individual,3/18/2007,Psicosocial,3/5/2006,false
891344,Ulrike,Brunke,ubrunkedx@fastcompany.com,10,Psicosocial,Medio,Nuevo,Medio,2/9/2013,Alto,true,12/25/2018,Otro,10/24/2012,Económica,3/23/2009,true
546813,Bax,Coffelt,bcoffeltdy@bloomberg.com,10,Psicosocial,Muy bajo,Admitido,Alto,6/12/2004,Alto,false,11/20/2012,Talleres psicosociales,9/18/2022,Académica,11/29/2011,false
234781,Kirk,Creevy,kcreevydz@quantcast.com,7,Económica,Muy alto,Nuevo,Alto,12/11/2018,Bajo,true,9/8/2010,Actividades de autocuidado,9/13/2006,Psicosocial,8/9/2019,false
803073,Bab,Climance,bclimancee0@latimes.com,2,Académica,Medio,Media académica,Medio,7/11/2021,Alto,false,6/1/2018,Otro,11/1/2013,Académica,11/11/2013,true
318648,Nessi,Springett,nspringette1@purevolume.com,5,Académica,Muy alto,Nuevo,Bajo,5/8/2016,Muy Bajo,true,10/19/2004,Otro,3/2/2004,Académica,6/2/2000,false
469126,Eada,Ivanyushin,eivanyushine2@ucsd.edu,3,Psicosocial,Muy alto,Nuevo,Bajo,5/27/2001,Muy Bajo,false,12/9/2013,Actividades de autocuidado,9/18/2018,Económica,8/23/2004,false
910927,Tova,Leaney,tleaneye3@cpanel.net,8,Múltiple,Muy bajo,Media académica,Medio,12/3/2007,Muy Bajo,true,2/17/2020,Asesoría grupal,3/9/2013,Académica,1/25/2018,true
104038,Brigg,Starmer,bstarmere4@disqus.com,8,Psicosocial,Muy alto,Nuevo,Bajo,12/28/2022,Alto,true,6/3/2000,Actividades de autocuidado,10/13/2017,Psicosocial,3/14/2012,false
752883,Riki,Fisbey,rfisbeye5@i2i.jp,7,Múltiple,Muy bajo,Media académica,Bajo,11/16/2004,Bajo,false,1/24/2013,Talleres psicosociales,11/5/2017,Psicosocial,11/5/2007,true
18034,Jason,Kasting,jkastinge6@cnn.com,5,Económica,Medio,Admitido,Medio,12/28/2021,Muy Bajo,false,7/9/2006,Talleres psicosociales,8/28/2004,Psicosocial,11/21/2001,true
683523,Harriett,Francom,hfrancome7@amazon.com,3,Económica,Alto,Nuevo,Bajo,11/8/2005,Muy Bajo,false,4/3/2004,Actividades de autocuidado,9/11/2010,Académica,11/6/2020,false
595535,Jeanie,Doxsey,jdoxseye8@netlog.com,1,Psicosocial,Alto,Admitido,Medio,2/19/2007,Muy Bajo,true,5/10/2001,Asesoría grupal,10/24/2001,Académica,4/2/2013,false
752710,Conny,Guiu,cguiue9@harvard.edu,6,Económica,Bajo,Media académica,Medio,,Alto,true,7/3/2000,Actividades de autocuidado,11/21/2012,Económica,8/6/2000,true
645384,Kath,Hefford,kheffordea@vinaora.com,9,Psicosocial,Medio,Media académica,Alto,7/29/2007,Medio,true,5/22/2008,Asesoría grupal,8/5/2005,Académica,8/24/2008,false
798665,Joana,Shyres,jshyreseb@purevolume.com,10,Académica,Muy bajo,Nuevo,Medio,6/7/2015,Alto,false,12/3/2000,Actividades de autocuidado,2/19/2006,Económica,1/5/2006,false
745728,Melissa,de Clerk,mdeclerkec@homestead.com,9,Múltiple,Bajo,Nuevo,Alto,3/26/2017,Medio,false,10/24/2015,Talleres psicosociales,8/17/2014,Psicosocial,7/14/2009,false
710254,Noland,Shutte,nshutteed@sohu.com,6,Académica,Medio,Admitido,Bajo,2/2/2014,Medio,false,8/11/2001,Actividades de autocuidado,5/13/2012,Académica,10/7/2011,true
15667,Lilian,McClean,lmccleanee@reuters.com,8,Psicosocial,Muy bajo,Media académica,Alto,8/1/2010,Alto,false,2/18/2012,Otro,4/21/2005,Académica,8/3/2015,false
694079,Dulcy,Vurley,dvurleyef@reuters.com,1,Psicosocial,Bajo,Nuevo,Bajo,2/19/2007,Bajo,false,8/18/2000,Otro,8/31/2001,Psicosocial,9/17/2008,false
209101,Parsifal,Fenning,pfenningeg@narod.ru,9,Económica,Muy bajo,Media académica,Bajo,4/12/2021,Medio,false,5/6/2009,Talleres psicosociales,5/12/2011,Económica,6/21/2005,false
478527,Rozalin,Farnin,rfarnineh@aol.com,9,Psicosocial,Bajo,Media académica,Bajo,6/23/2004,Muy Bajo,true,4/30/2004,Actividades de autocuidado,3/19/2017,Psicosocial,10/18/2013,true
638553,Jemimah,Saben,jsabenei@twitpic.com,1,Múltiple,Medio,Nuevo,Bajo,,Alto,false,2/26/2018,Otro,8/27/2018,Académica,12/5/2001,false
43,Den,Valde,dvaldeej@tamu.edu,9,Económica,Bajo,Media académica,Medio,7/24/2009,Alto,false,10/19/2016,Asesoría grupal,11/19/2020,Múltiple,8/30/2007,true
223080,Grace,Packman,gpackmanek@yolasite.com,5,Académica,Muy bajo,Media académica,Alto,5/9/2000,Muy Bajo,true,3/10/2015,Actividades de autocuidado,11/28/2018,Psicosocial,1/25/2000,true
690061,Gianna,Folder,gfolderel@stumbleupon.com,10,Académica,Muy alto,Media académica,Bajo,5/8/2001,Bajo,true,2/17/2017,Otro,7/5/2000,Múltiple,3/9/2009,false
117778,Kristopher,Penhaleurack,kpenhaleurackem@sun.com,9,Económica,Muy bajo,Nuevo,Medio,5/3/2006,Bajo,true,8/3/2006,Actividades de autocuidado,8/30/2006,Económica,4/15/2005,false
582264,Courtney,Domerq,cdomerqen@vk.com,2,Psicosocial,Medio,Media académica,Alto,7/8/2010,Alto,false,5/7/2004,Talleres psicosociales,10/2/2009,Psicosocial,10/22/2010,false
470667,Vevay,Farrance,vfarranceeo@wisc.edu,10,Múltiple,Muy alto,Admitido,Alto,4/20/2002,Alto,false,3/2/2011,Actividades de autocuidado,7/16/2017,Psicosocial,9/18/2020,false
830911,Mendie,Risbie,mrisbieep@nsw.gov.au,3,Económica,Medio,Admitido,Medio,3/29/2011,Muy Bajo,true,10/27/2011,Terapia individual,6/30/2001,Múltiple,12/20/2022,false
126339,Helenka,Valerius,hvaleriuseq@ocn.ne.jp,1,Psicosocial,Muy bajo,Nuevo,Bajo,10/2/2010,Muy Bajo,true,4/15/2022,Asesoría grupal,8/9/2009,Académica,5/18/2014,true
662108,Booth,Rozenbaum,brozenbaumer@macromedia.com,4,Psicosocial,Bajo,Media académica,Alto,4/17/2018,Muy Bajo,true,8/29/2021,Terapia individual,2/3/2009,Múltiple,8/6/2002,true
829814,Humfried,Harme,hharmees@storify.com,10,Psicosocial,Bajo,Admitido,Bajo,5/18/2012,Alto,false,6/26/2006,Asesoría grupal,8/11/2012,Psicosocial,6/22/2003,true
582398,Claudetta,Kenion,ckenionet@sciencedaily.com,10,Económica,Muy bajo,Admitido,Medio,6/19/2007,Alto,false,1/31/2020,Actividades de autocuidado,8/21/2009,Psicosocial,10/1/2002,true
881360,Trina,Tenaunt,ttenaunteu@patch.com,8,Múltiple,Muy alto,Admitido,Medio,2/11/2005,Muy Bajo,false,12/23/2016,Asesoría grupal,5/27/2000,Psicosocial,10/27/2003,false
522631,Lelia,Parker,lparkerev@sfgate.com,6,Múltiple,Bajo,Admitido,Medio,10/21/2011,Medio,false,1/25/2014,Actividades de autocuidado,11/23/2022,Psicosocial,12/2/2022,false
744767,Grata,Deniskevich,gdeniskevichew@blogs.com,4,Psicosocial,Muy bajo,Admitido,Medio,3/2/2019,Alto,true,4/20/2010,Talleres psicosociales,5/2/2019,Académica,3/18/2022,true
857131,Latrena,Buckles,lbucklesex@kickstarter.com,2,Económica,Muy bajo,Media académica,Medio,4/18/2013,Alto,false,11/6/2014,Otro,10/11/2012,Psicosocial,7/12/2021,false
934406,Ferdie,Dashkovich,fdashkovichey@e-recht24.de,4,Múltiple,Muy bajo,Media académica,Medio,5/9/2012,Medio,false,5/31/2007,Talleres psicosociales,4/10/2002,Psicosocial,2/10/2018,true
707684,Romain,Brusby,rbrusbyez@edublogs.org,8,Múltiple,Bajo,Admitido,Alto,1/28/2022,Alto,false,7/14/2017,Otro,8/11/2014,Económica,12/23/2008,true
943710,Amandy,Glassford,aglassfordf0@fda.gov,9,Múltiple,Bajo,Nuevo,Medio,12/9/2012,Alto,false,9/19/2009,Otro,6/19/2006,Económica,5/16/2000,false
194874,Lenka,Mingame,lmingamef1@mapy.cz,5,Económica,Medio,Media académica,Bajo,12/21/2003,Medio,true,10/24/2006,Actividades de autocuidado,9/5/2014,Económica,8/11/2004,false
1323,Roland,Duckham,rduckhamf2@posterous.com,4,Académica,Muy bajo,Nuevo,Alto,8/13/2010,Alto,true,6/8/2008,Talleres psicosociales,10/9/2000,Económica,3/7/2022,true
585382,Jody,Cleverley,jcleverleyf3@chron.com,6,Psicosocial,Bajo,Admitido,Medio,4/14/2011,Bajo,false,5/23/2005,Talleres psicosociales,9/6/2019,Académica,5/7/2018,false
918443,Hank,Dunbabin,hdunbabinf4@fastcompany.com,10,Académica,Alto,Admitido,Bajo,6/20/2014,Alto,false,4/22/2003,Terapia individual,10/24/2012,Múltiple,7/20/2013,false
825111,Moselle,Thompkins,mthompkinsf5@princeton.edu,1,Psicosocial,Muy bajo,Nuevo,Medio,8/19/2009,Alto,true,5/11/2004,Otro,3/25/2005,Psicosocial,1/24/2006,true
501979,Gifford,Rozec,grozecf6@cafepress.com,7,Múltiple,Medio,Admitido,Alto,12/22/2021,Medio,false,8/11/2007,Asesoría grupal,6/30/2022,Académica,12/4/2005,false
64786,Stephannie,McCree,smccreef7@imageshack.us,1,Académica,Medio,Nuevo,Medio,5/24/2006,Bajo,false,3/1/2009,Asesoría grupal,7/23/2019,Múltiple,5/12/2014,false
398959,Isaak,Denmead,idenmeadf8@alibaba.com,6,Académica,Muy alto,Media académica,Bajo,1/10/2020,Alto,false,1/30/2004,Terapia individual,5/20/2003,Académica,1/28/2006,false
430518,Porter,Loache,ploachef9@sourceforge.net,6,Psicosocial,Muy bajo,Nuevo,Alto,9/7/2014,Medio,false,4/29/2021,Otro,4/1/2007,Económica,4/30/2007,true
714946,Lian,Owers,lowersfa@cbslocal.com,8,Psicosocial,Alto,Media académica,Alto,7/16/2005,Bajo,false,10/15/2019,Actividades de autocuidado,11/5/2022,Múltiple,1/23/2006,true
418855,Kerrill,Derell,kderellfb@europa.eu,4,Múltiple,Muy bajo,Media académica,Bajo,6/15/2021,Muy Bajo,false,1/3/2008,Talleres psicosociales,12/2/2004,Económica,5/21/2001,true
97679,Dianemarie,Masham,dmashamfc@joomla.org,10,Académica,Alto,Nuevo,Medio,2/22/2020,Muy Bajo,true,11/8/2006,Actividades de autocuidado,12/11/2013,Económica,6/7/2003,true
591310,Griffin,Malletratt,gmalletrattfd@nih.gov,10,Académica,Muy bajo,Media académica,Bajo,9/23/2005,Medio,false,12/25/2016,Talleres psicosociales,7/29/2004,Económica,1/9/2018,true
154572,Moshe,Conyard,mconyardfe@acquirethisname.com,1,Académica,Muy alto,Media académica,Bajo,2/4/2009,Bajo,true,2/22/2008,Otro,1/9/2014,Psicosocial,6/5/2012,true
26600,Lilian,Brewett,lbrewettff@fotki.com,7,Económica,Muy bajo,Admitido,Medio,12/11/2007,Bajo,true,6/1/2008,Otro,2/12/2021,Económica,7/20/2022,true
419056,Bryna,Steaning,bsteaningfg@nhs.uk,1,Económica,Medio,Media académica,Medio,2/3/2012,Alto,true,5/20/2020,Asesoría grupal,9/28/2003,Económica,12/16/2009,false
972284,Cristen,Bernhardi,cbernhardifh@is.gd,4,Económica,Alto,Media académica,Alto,6/2/2007,Bajo,false,5/1/2004,Otro,6/1/2002,Múltiple,10/26/2019,false
541416,Gerri,Gribble,ggribblefi@nifty.com,10,Psicosocial,Alto,Nuevo,Bajo,5/9/2013,Medio,false,1/5/2005,Asesoría grupal,8/5/2012,Económica,6/4/2004,true
24296,Freedman,Rivitt,frivittfj@latimes.com,1,Psicosocial,Alto,Media académica,Alto,5/13/2014,Bajo,false,2/12/2020,Talleres psicosociales,9/26/2018,Psicosocial,5/5/2010,true
675642,Morna,Rushford,mrushfordfk@123-reg.co.uk,7,Académica,Medio,Admitido,Bajo,7/11/2008,Medio,false,4/28/2008,Asesoría grupal,6/10/2010,Económica,5/15/2015,false
711856,Justina,Gadd,jgaddfl@squidoo.com,1,Económica,Muy alto,Nuevo,Alto,12/21/2004,Muy Bajo,true,11/30/2000,Terapia individual,11/2/2012,Académica,8/16/2000,false
918428,Khalil,Fritchley,kfritchleyfm@admin.ch,4,Psicosocial,Medio,Admitido,Alto,12/21/2018,Bajo,false,8/19/2001,Asesoría grupal,4/20/2001,Múltiple,11/16/2018,false
416211,Guglielmo,Wiseman,gwisemanfn@ca.gov,10,Económica,Bajo,Admitido,Bajo,10/2/2015,Bajo,false,3/9/2006,Actividades de autocuidado,8/18/2020,Académica,10/31/2005,true
164946,Rivy,Joddens,rjoddensfo@unesco.org,3,Múltiple,Bajo,Media académica,Bajo,6/28/2010,Muy Bajo,true,3/1/2018,Terapia individual,7/14/2013,Psicosocial,5/16/2021,true
715974,Emmery,Niess,eniessfp@shareasale.com,2,Psicosocial,Medio,Admitido,Medio,2/15/2022,Medio,false,9/14/2003,Asesoría grupal,6/18/2016,Psicosocial,10/10/2011,true
251305,Rubina,Conklin,rconklinfq@adobe.com,10,Económica,Medio,Nuevo,Bajo,3/25/2017,Medio,false,9/18/2008,Otro,6/3/2019,Múltiple,8/15/2022,true
758236,Ephrayim,Fishbourne,efishbournefr@guardian.co.uk,7,Económica,Muy alto,Nuevo,Medio,12/7/2022,Alto,false,1/30/2018,Otro,1/8/2010,Múltiple,8/25/2013,false
600609,Reidar,Hucke,rhuckefs@tinyurl.com,4,Económica,Bajo,Media académica,Alto,7/15/2001,Alto,false,9/24/2021,Terapia individual,11/29/2009,Económica,8/5/2007,false
803278,Ulrike,Goodsall,ugoodsallft@vimeo.com,6,Múltiple,Alto,Media académica,Bajo,,Bajo,true,11/27/2013,Talleres psicosociales,8/9/2004,Académica,3/10/2020,true
563148,Lauree,Babb,lbabbfu@forbes.com,6,Múltiple,Muy alto,Admitido,Bajo,,Bajo,true,12/17/2008,Terapia individual,6/7/2020,Múltiple,11/15/2009,true
371735,Van,Frane,vfranefv@sohu.com,9,Académica,Medio,Nuevo,Medio,,Medio,false,11/28/2013,Actividades de autocuidado,4/17/2021,Académica,2/28/2008,false
959149,Moselle,Truin,mtruinfw@yellowpages.com,9,Académica,Muy bajo,Media académica,Medio,,Muy Bajo,false,4/30/2018,Asesoría grupal,4/13/2019,Múltiple,11/25/2017,false
668981,Illa,Calan,icalanfx@who.int,3,Económica,Alto,Admitido,Bajo,10/20/2015,Bajo,true,8/6/2012,Talleres psicosociales,8/27/2007,Académica,8/5/2021,true
771644,Grayce,Cisec,gcisecfy@miibeian.gov.cn,3,Múltiple,Bajo,Nuevo,Bajo,2/25/2000,Medio,false,7/25/2008,Terapia individual,9/11/2005,Económica,2/22/2004,false
4156,Boycey,Ovendon,bovendonfz@boston.com,4,Múltiple,Medio,Nuevo,Bajo,10/19/2016,Bajo,false,7/6/2008,Talleres psicosociales,12/15/2017,Psicosocial,10/8/2001,true
884825,Althea,Salvin,asalving0@independent.co.uk,2,Económica,Bajo,Media académica,Bajo,11/22/2006,Bajo,true,11/6/2017,Asesoría grupal,2/10/2022,Múltiple,4/18/2015,true
76772,Dixie,MacKowle,dmackowleg1@addtoany.com,6,Psicosocial,Muy alto,Media académica,Bajo,2/18/2008,Medio,false,5/19/2018,Otro,8/12/2005,Psicosocial,4/26/2002,false
645784,Rodney,Lawling,rlawlingg2@reddit.com,9,Académica,Muy alto,Admitido,Bajo,3/31/2004,Bajo,true,6/23/2016,Otro,3/18/2013,Múltiple,4/3/2007,true
665723,Sukey,Victory,svictoryg3@princeton.edu,1,Múltiple,Medio,Nuevo,Bajo,,Medio,false,11/4/2003,Terapia individual,12/24/2006,Económica,4/20/2016,true
877821,Alexi,Lindhe,alindheg4@tinypic.com,9,Académica,Medio,Media académica,Medio,5/8/2005,Alto,false,8/30/2020,Terapia individual,3/16/2009,Económica,11/8/2001,true
441020,Betteann,Jeppe,bjeppeg5@yandex.ru,10,Económica,Muy bajo,Admitido,Medio,2/23/2008,Medio,false,6/29/2010,Otro,12/13/2007,Psicosocial,8/17/2010,true
590613,Hugo,Belleny,hbellenyg6@arizona.edu,10,Múltiple,Medio,Admitido,Medio,12/9/2004,Medio,false,3/9/2016,Otro,4/16/2010,Económica,4/28/2003,true
486192,Jandy,Durward,jdurwardg7@liveinternet.ru,2,Económica,Medio,Media académica,Bajo,1/17/2021,Medio,true,11/11/2001,Terapia individual,4/7/2002,Psicosocial,7/3/2000,false
728521,Madelaine,Elkins,melkinsg8@dedecms.com,1,Académica,Muy alto,Nuevo,Bajo,10/24/2010,Bajo,true,11/5/2007,Otro,2/23/2007,Múltiple,2/15/2008,true
916676,Kirbee,Benedidick,kbenedidickg9@tamu.edu,8,Económica,Bajo,Media académica,Alto,4/25/2005,Medio,true,5/10/2017,Asesoría grupal,3/20/2006,Académica,4/6/2018,true
429434,Janeczka,Taffurelli,jtaffurelliga@trellian.com,1,Académica,Medio,Media académica,Bajo,12/10/2017,Medio,false,10/30/2018,Talleres psicosociales,8/14/2000,Múltiple,5/26/2008,true
689576,Bartholomeo,Baly,bbalygb@vk.com,8,Académica,Alto,Nuevo,Bajo,5/16/2005,Alto,false,12/13/2013,Talleres psicosociales,1/14/2008,Académica,9/6/2013,true
483850,Fay,Ramey,frameygc@admin.ch,8,Múltiple,Muy bajo,Media académica,Alto,7/29/2006,Medio,true,1/28/2016,Terapia individual,2/4/2010,Económica,5/13/2017,false
157328,Merl,Swalowe,mswalowegd@uiuc.edu,2,Económica,Bajo,Admitido,Alto,10/19/2008,Bajo,true,11/4/2021,Terapia individual,5/2/2014,Múltiple,4/22/2022,false
460140,Dominick,Gurwood,dgurwoodge@phoca.cz,2,Académica,Alto,Media académica,Medio,,Muy Bajo,true,2/7/2021,Otro,1/1/2019,Psicosocial,9/18/2002,false
228954,Dewain,Kilshall,dkilshallgf@desdev.cn,6,Múltiple,Muy bajo,Admitido,Alto,6/30/2001,Muy Bajo,false,7/20/2002,Talleres psicosociales,4/8/2017,Académica,11/20/2018,true
5283,Thedrick,Whyman,twhymangg@github.com,6,Psicosocial,Bajo,Media académica,Alto,2/25/2002,Medio,true,7/31/2005,Otro,7/7/2009,Económica,2/15/2003,true
374944,Lillis,Ivers,liversgh@deliciousdays.com,9,Económica,Alto,Nuevo,Medio,2/10/2004,Muy Bajo,true,8/11/2000,Otro,11/10/2004,Múltiple,11/16/2017,true
675790,Valeda,Danilewicz,vdanilewiczgi@umich.edu,6,Múltiple,Muy bajo,Admitido,Alto,7/20/2012,Medio,true,5/16/2014,Talleres psicosociales,7/23/2011,Múltiple,10/22/2011,false
187172,Sheffie,Miell,smiellgj@blogspot.com,4,Psicosocial,Muy bajo,Admitido,Alto,10/8/2017,Muy Bajo,true,11/23/2004,Terapia individual,9/21/2006,Psicosocial,9/17/2010,false
569067,Iorgo,Shorie,ishoriegk@about.com,3,Económica,Muy bajo,Nuevo,Medio,9/20/2001,Alto,true,12/27/2016,Talleres psicosociales,9/19/2022,Académica,6/18/2011,false
184576,Virginie,Kilban,vkilbangl@slashdot.org,9,Psicosocial,Alto,Admitido,Bajo,5/12/2016,Alto,false,9/11/2017,Terapia individual,4/21/2007,Académica,9/20/2020,true
755770,Paulo,Schult,pschultgm@jimdo.com,5,Académica,Muy alto,Admitido,Bajo,10/26/2013,Muy Bajo,false,10/16/2020,Actividades de autocuidado,12/14/2021,Académica,7/21/2014,true
42822,Nita,Peschet,npeschetgn@ycombinator.com,5,Económica,Muy bajo,Nuevo,Alto,12/11/2019,Medio,true,4/3/2009,Asesoría grupal,8/24/2014,Psicosocial,9/19/2003,false
339899,Pip,Twelvetrees,ptwelvetreesgo@cafepress.com,4,Psicosocial,Medio,Media académica,Alto,6/29/2014,Bajo,false,10/21/2001,Talleres psicosociales,7/8/2010,Académica,7/17/2009,true
381794,Graeme,Poyner,gpoynergp@domainmarket.com,8,Múltiple,Alto,Admitido,Medio,4/16/2007,Alto,true,2/4/2007,Terapia individual,5/31/2012,Académica,6/26/2007,true
540558,Vin,Fancett,vfancettgq@wp.com,10,Económica,Bajo,Nuevo,Alto,12/26/2017,Muy Bajo,false,2/25/2008,Actividades de autocuidado,11/27/2020,Académica,3/6/2021,true
79892,Gradey,Inns,ginnsgr@flickr.com,9,Económica,Muy bajo,Nuevo,Bajo,10/19/2022,Alto,true,9/1/2000,Terapia individual,6/21/2004,Académica,10/18/2002,false
805169,Stevana,Hawkslee,shawksleegs@cnet.com,9,Académica,Medio,Nuevo,Alto,10/8/2017,Muy Bajo,false,3/29/2012,Talleres psicosociales,3/24/2012,Económica,7/26/2004,true
819579,Marie-jeanne,Cantwell,mcantwellgt@webnode.com,8,Académica,Bajo,Media académica,Bajo,11/6/2012,Alto,false,4/18/2017,Asesoría grupal,9/8/2010,Múltiple,4/10/2004,true
671399,Torin,Dundridge,tdundridgegu@mlb.com,3,Psicosocial,Medio,Nuevo,Bajo,4/29/2013,Muy Bajo,true,3/19/2000,Talleres psicosociales,3/17/2004,Económica,2/20/2005,false
6694,Valentina,Kettles,vkettlesgv@cnn.com,10,Económica,Medio,Nuevo,Bajo,12/17/2006,Alto,false,4/11/2002,Otro,8/26/2017,Múltiple,7/23/2000,false
272168,Tabina,Dansken,tdanskengw@telegraph.co.uk,7,Múltiple,Muy alto,Media académica,Medio,1/15/2020,Muy Bajo,false,3/10/2012,Actividades de autocuidado,9/21/2013,Económica,6/12/2013,false
180513,Barnabe,Dawnay,bdawnaygx@twitter.com,5,Académica,Muy alto,Admitido,Medio,9/21/2011,Muy Bajo,true,2/3/2000,Actividades de autocuidado,8/18/2002,Económica,11/26/2008,true
141649,Brennen,Howood,bhowoodgy@wired.com,5,Psicosocial,Alto,Media académica,Alto,,Bajo,false,3/3/2018,Actividades de autocuidado,4/9/2017,Psicosocial,12/22/2013,false
827595,Mattheus,Tipple,mtipplegz@abc.net.au,5,Académica,Medio,Media académica,Bajo,,Medio,false,1/26/2021,Terapia individual,10/18/2018,Múltiple,12/2/2015,true
962611,Deane,Peasee,dpeaseeh0@biglobe.ne.jp,3,Psicosocial,Bajo,Nuevo,Alto,4/29/2005,Bajo,true,1/28/2018,Talleres psicosociales,8/18/2017,Múltiple,10/12/2015,true
21583,Blinni,Rizzardo,brizzardoh1@intel.com,8,Psicosocial,Muy bajo,Admitido,Alto,,Bajo,false,6/3/2001,Otro,1/24/2004,Psicosocial,12/9/2014,false
350390,Lainey,Ordelt,lordelth2@google.ru,4,Psicosocial,Muy bajo,Admitido,Bajo,2/16/2015,Medio,true,5/6/2019,Actividades de autocuidado,1/28/2012,Psicosocial,1/19/2015,false
202616,Kristan,Falconbridge,kfalconbridgeh3@howstuffworks.com,2,Psicosocial,Alto,Admitido,Alto,6/24/2012,Muy Bajo,false,11/3/2009,Actividades de autocuidado,12/14/2020,Académica,2/14/2020,true
1992,Doll,Aulton,daultonh4@cnn.com,6,Múltiple,Muy bajo,Admitido,Alto,6/10/2000,Medio,true,6/7/2021,Otro,7/17/2010,Económica,6/5/2022,true
947746,Gianna,Ganing,gganingh5@columbia.edu,10,Económica,Muy bajo,Nuevo,Bajo,5/29/2009,Bajo,false,5/22/2019,Otro,6/24/2022,Psicosocial,9/11/2017,true
882115,Jenn,Cable,jcableh6@about.com,4,Psicosocial,Medio,Nuevo,Bajo,5/13/2020,Medio,true,10/13/2003,Actividades de autocuidado,7/28/2018,Académica,9/5/2002,true
874636,Allene,Vinnick,avinnickh7@ucsd.edu,2,Múltiple,Muy alto,Nuevo,Medio,3/8/2017,Muy Bajo,true,2/4/2011,Terapia individual,1/28/2016,Académica,6/25/2015,true
129150,Carolynn,Perin,cperinh8@wsj.com,9,Psicosocial,Medio,Nuevo,Medio,10/20/2015,Bajo,false,7/17/2022,Terapia individual,5/7/2020,Múltiple,10/10/2019,true
81558,Mike,Aizikov,maizikovh9@soup.io,6,Múltiple,Medio,Nuevo,Bajo,10/3/2017,Medio,true,8/18/2001,Actividades de autocuidado,3/25/2015,Psicosocial,4/12/2011,true
742039,Kip,Waszczykowski,kwaszczykowskiha@bizjournals.com,8,Académica,Muy alto,Admitido,Medio,3/16/2006,Muy Bajo,true,8/14/2011,Talleres psicosociales,5/2/2018,Académica,11/24/2016,false
842308,Leela,Wiltshaw,lwiltshawhb@bandcamp.com,4,Académica,Muy bajo,Nuevo,Alto,6/14/2021,Medio,false,1/12/2006,Asesoría grupal,5/2/2012,Múltiple,8/16/2022,false
947554,Karlotta,Ruddock,kruddockhc@samsung.com,6,Múltiple,Muy bajo,Media académica,Alto,9/12/2020,Bajo,true,10/5/2001,Otro,12/16/2001,Psicosocial,2/17/2002,true
79947,Fleurette,Ivushkin,fivushkinhd@msn.com,8,Económica,Muy bajo,Media académica,Medio,4/13/2022,Alto,false,2/3/2005,Talleres psicosociales,1/31/2018,Académica,2/2/2019,true
91033,Bat,Dykes,bdykeshe@ning.com,1,Económica,Bajo,Media académica,Medio,4/30/2006,Medio,false,6/10/2020,Asesoría grupal,2/28/2019,Psicosocial,11/23/2018,true
750268,Imogen,Recher,irecherhf@goo.gl,5,Académica,Bajo,Admitido,Bajo,1/29/2013,Bajo,false,2/14/2009,Terapia individual,11/20/2008,Múltiple,9/25/2011,false
989071,Rebekah,Rivett,rrivetthg@woothemes.com,5,Múltiple,Muy bajo,Admitido,Bajo,4/23/2008,Bajo,false,2/12/2013,Asesoría grupal,3/23/2017,Múltiple,7/16/2009,true
227315,Lyndsay,Matis,lmatishh@smh.com.au,7,Académica,Alto,Media académica,Medio,6/13/2003,Medio,true,2/5/2005,Asesoría grupal,9/24/2019,Múltiple,3/11/2009,false
572371,Garv,Bithell,gbithellhi@squarespace.com,8,Académica,Bajo,Admitido,Alto,10/26/2008,Muy Bajo,true,3/11/2003,Talleres psicosociales,9/26/2007,Académica,5/19/2005,true
119561,Odille,Lackmann,olackmannhj@fda.gov,1,Académica,Medio,Media académica,Alto,12/19/2012,Muy Bajo,true,6/18/2001,Talleres psicosociales,1/11/2021,Económica,3/8/2022,true
375063,Willamina,Strange,wstrangehk@pcworld.com,4,Académica,Bajo,Admitido,Bajo,2/15/2017,Bajo,false,1/2/2012,Asesoría grupal,12/19/2013,Psicosocial,8/18/2007,true
61641,Moishe,Rable,mrablehl@ucsd.edu,5,Múltiple,Muy alto,Nuevo,Medio,3/28/2015,Bajo,true,2/14/2013,Terapia individual,2/15/2002,Académica,5/19/2014,false
166064,Joellyn,Sambrok,jsambrokhm@webeden.co.uk,1,Económica,Medio,Admitido,Alto,4/3/2017,Muy Bajo,false,3/17/2016,Actividades de autocuidado,11/29/2006,Psicosocial,5/17/2011,true
882209,Cordell,Akeherst,cakehersthn@hibu.com,6,Múltiple,Medio,Nuevo,Bajo,2/15/2019,Muy Bajo,false,5/14/2013,Terapia individual,8/11/2010,Múltiple,5/14/2006,false
268968,Pip,Yanov,pyanovho@ycombinator.com,9,Psicosocial,Bajo,Media académica,Alto,,Alto,false,6/22/2018,Otro,4/4/2009,Académica,3/24/2012,false
255249,Marje,Evens,mevenshp@nbcnews.com,4,Múltiple,Bajo,Admitido,Alto,2/3/2006,Muy Bajo,false,8/14/2006,Asesoría grupal,6/2/2012,Académica,5/16/2017,true
564277,Adey,Feast,afeasthq@irs.gov,9,Psicosocial,Alto,Admitido,Medio,2/26/2020,Muy Bajo,true,4/2/2015,Actividades de autocuidado,11/17/2003,Múltiple,11/30/2010,true
935941,Amil,Coyte,acoytehr@jugem.jp,7,Académica,Medio,Nuevo,Bajo,8/15/2018,Medio,true,4/7/2002,Otro,7/29/2020,Económica,11/10/2008,false
166701,Micaela,Elcombe,melcombehs@vinaora.com,1,Económica,Bajo,Nuevo,Medio,10/29/2006,Muy Bajo,true,4/13/2006,Asesoría grupal,6/5/2005,Psicosocial,5/25/2016,false
542469,Klarika,Pharaoh,kpharaohht@google.de,9,Económica,Bajo,Nuevo,Bajo,5/22/2003,Muy Bajo,false,9/24/2021,Asesoría grupal,11/26/2006,Psicosocial,12/16/2013,true
96456,Kennie,Warlawe,kwarlawehu@sciencedaily.com,8,Económica,Muy bajo,Media académica,Bajo,10/29/2007,Bajo,true,8/3/2008,Terapia individual,6/16/2002,Múltiple,10/5/2016,false
662333,Tomaso,Arnot,tarnothv@slashdot.org,6,Psicosocial,Medio,Nuevo,Medio,8/8/2005,Muy Bajo,false,6/14/2022,Talleres psicosociales,1/21/2005,Múltiple,7/27/2013,false
208316,Luis,Royall,lroyallhw@imdb.com,3,Múltiple,Muy alto,Nuevo,Bajo,10/27/2011,Alto,true,11/28/2017,Asesoría grupal,5/20/2013,Económica,3/7/2012,false
703064,Hermie,Yukhnov,hyukhnovhx@odnoklassniki.ru,6,Académica,Bajo,Media académica,Bajo,5/28/2010,Alto,false,9/26/2011,Actividades de autocuidado,7/6/2015,Psicosocial,9/13/2008,true
907182,Bailey,Vint,bvinthy@lulu.com,2,Psicosocial,Bajo,Admitido,Alto,6/2/2002,Alto,false,6/19/2004,Terapia individual,12/27/2008,Psicosocial,2/22/2021,false
278446,Giles,Givens,ggivenshz@ftc.gov,10,Económica,Bajo,Admitido,Alto,7/28/2001,Bajo,false,8/11/2008,Asesoría grupal,12/7/2022,Psicosocial,9/2/2019,true
397080,Tami,Torrans,ttorransi0@quantcast.com,1,Económica,Muy bajo,Admitido,Bajo,,Muy Bajo,true,10/6/2000,Otro,5/1/2017,Económica,1/3/2009,true
52626,Hallsy,Linner,hlinneri1@umn.edu,4,Múltiple,Bajo,Nuevo,Medio,11/16/2014,Medio,true,8/19/2017,Otro,11/20/2005,Psicosocial,5/28/2019,false
739000,Ray,Jowitt,rjowitti2@rambler.ru,9,Académica,Bajo,Admitido,Alto,9/8/2008,Medio,true,2/16/2008,Otro,2/20/2006,Psicosocial,6/18/2020,true
961728,Anastasie,Peiro,apeiroi3@foxnews.com,6,Psicosocial,Medio,Admitido,Medio,1/21/2020,Alto,true,11/23/2002,Otro,1/16/2017,Múltiple,6/11/2007,true
432606,Nels,Riha,nrihai4@fc2.com,4,Múltiple,Bajo,Nuevo,Medio,8/13/2006,Bajo,false,8/7/2001,Actividades de autocuidado,3/26/2013,Múltiple,11/19/2004,true
373433,Gussi,Dewane,gdewanei5@rakuten.co.jp,4,Múltiple,Muy alto,Media académica,Medio,2/13/2012,Muy Bajo,true,7/13/2022,Actividades de autocuidado,11/16/2021,Múltiple,6/25/2006,true
797290,Torrence,Catton,tcattoni6@boston.com,4,Múltiple,Muy alto,Media académica,Medio,,Medio,false,10/25/2002,Actividades de autocuidado,6/8/2009,Psicosocial,8/18/2007,true
655657,Veronique,Tordiffe,vtordiffei7@goo.gl,5,Académica,Bajo,Media académica,Medio,4/23/2012,Alto,true,3/3/2015,Talleres psicosociales,9/18/2014,Psicosocial,9/5/2010,true
776223,Gretchen,Kurton,gkurtoni8@wikia.com,10,Múltiple,Muy bajo,Nuevo,Bajo,3/25/2017,Alto,false,11/21/2018,Terapia individual,10/21/2012,Académica,1/24/2001,true
840680,Brennen,Murdy,bmurdyi9@seesaa.net,3,Económica,Bajo,Media académica,Alto,4/7/2003,Medio,true,8/10/2014,Terapia individual,7/9/2001,Psicosocial,4/22/2015,false
537315,Osborne,Cake,ocakeia@pbs.org,10,Múltiple,Bajo,Media académica,Bajo,3/1/2021,Alto,false,12/22/2019,Talleres psicosociales,6/11/2022,Múltiple,3/11/2001,true
843942,Broddy,Beneyto,bbeneytoib@dyndns.org,4,Académica,Muy bajo,Media académica,Alto,10/4/2021,Medio,true,5/4/2004,Terapia individual,3/7/2003,Múltiple,5/27/2016,false
136483,Carine,Ebdin,cebdinic@vkontakte.ru,2,Psicosocial,Bajo,Nuevo,Bajo,2/12/2014,Alto,false,1/5/2008,Talleres psicosociales,2/27/2002,Psicosocial,1/19/2016,false
627915,Justen,Cantos,jcantosid@ning.com,10,Económica,Medio,Media académica,Medio,3/6/2012,Bajo,false,5/29/2003,Otro,1/11/2015,Múltiple,12/3/2021,false
656891,Chris,Fowlie,cfowlieie@yolasite.com,3,Académica,Alto,Admitido,Medio,5/26/2016,Alto,false,3/8/2012,Asesoría grupal,2/4/2003,Psicosocial,11/17/2007,false
806596,Kellina,Hadingham,khadinghamif@joomla.org,1,Múltiple,Medio,Media académica,Medio,12/22/2014,Muy Bajo,true,9/27/2017,Talleres psicosociales,7/11/2013,Económica,11/21/2013,true
728299,Maurene,Tomisch,mtomischig@ning.com,6,Múltiple,Bajo,Nuevo,Medio,10/24/2016,Medio,false,3/23/2020,Otro,12/10/2007,Económica,12/6/2017,true
119234,Lonna,Hurl,lhurlih@dell.com,9,Económica,Muy bajo,Admitido,Bajo,11/19/2010,Muy Bajo,false,5/23/2012,Terapia individual,12/6/2010,Económica,7/18/2010,true
208932,Lorna,Hursthouse,lhursthouseii@loc.gov,6,Múltiple,Bajo,Media académica,Medio,,Muy Bajo,true,1/24/2008,Otro,11/29/2022,Psicosocial,2/1/2008,false
295710,Honor,Walczynski,hwalczynskiij@house.gov,6,Múltiple,Muy alto,Nuevo,Alto,10/17/2011,Alto,true,12/18/2000,Terapia individual,3/8/2002,Económica,7/4/2020,true
608759,Bartie,Malam,bmalamik@squarespace.com,2,Económica,Bajo,Media académica,Alto,,Bajo,true,1/28/2007,Actividades de autocuidado,2/17/2001,Académica,8/17/2002,true
236179,Albie,Thurlborn,athurlbornil@digg.com,7,Múltiple,Bajo,Nuevo,Medio,6/27/2019,Medio,true,2/5/2002,Otro,6/25/2010,Psicosocial,11/18/2012,true
135163,Merrile,Gawke,mgawkeim@ebay.com,4,Económica,Muy alto,Media académica,Medio,11/8/2018,Muy Bajo,true,7/3/2007,Terapia individual,12/14/2001,Múltiple,12/30/2017,false
344131,Mel,Callery,mcalleryin@topsy.com,3,Múltiple,Medio,Nuevo,Medio,5/20/2014,Bajo,false,9/22/2005,Talleres psicosociales,1/19/2022,Académica,9/16/2013,true
634612,Warde,McManamon,wmcmanamonio@homestead.com,6,Psicosocial,Bajo,Media académica,Bajo,4/21/2014,Muy Bajo,false,4/10/2011,Talleres psicosociales,5/23/2022,Económica,9/3/2014,false
648124,Tome,Stendell,tstendellip@buzzfeed.com,5,Psicosocial,Muy bajo,Admitido,Bajo,11/20/2010,Muy Bajo,true,4/22/2004,Actividades de autocuidado,5/1/2015,Múltiple,5/2/2008,true
739785,Emmi,Pyvis,epyvisiq@networkadvertising.org,4,Económica,Bajo,Nuevo,Medio,7/14/2018,Bajo,false,8/4/2020,Actividades de autocuidado,9/13/2021,Académica,3/1/2004,true
886226,Issiah,Macklin,imacklinir@mediafire.com,3,Económica,Muy bajo,Media académica,Alto,11/5/2016,Muy Bajo,true,1/29/2008,Terapia individual,6/17/2001,Múltiple,1/31/2012,true
16305,Cyrill,Mitford,cmitfordis@vimeo.com,1,Múltiple,Bajo,Media académica,Medio,1/29/2000,Medio,true,10/15/2016,Asesoría grupal,5/17/2003,Académica,7/18/2003,false
844237,Sile,Sutterby,ssutterbyit@narod.ru,9,Económica,Muy alto,Admitido,Bajo,6/8/2016,Bajo,true,7/10/2011,Talleres psicosociales,11/26/2001,Académica,2/8/2008,false
826094,Upton,Renbold,urenboldiu@yolasite.com,1,Múltiple,Bajo,Media académica,Bajo,,Muy Bajo,true,11/3/2014,Otro,1/2/2005,Psicosocial,2/25/2008,false
53657,Quincey,Ephgrave,qephgraveiv@ted.com,8,Múltiple,Bajo,Media académica,Alto,5/14/2002,Medio,true,5/11/2011,Actividades de autocuidado,9/23/2021,Académica,2/9/2018,false
469584,Isis,Gallifont,igallifontiw@earthlink.net,6,Económica,Medio,Media académica,Alto,11/1/2018,Alto,true,2/27/2016,Terapia individual,9/16/2013,Académica,1/9/2022,false
829965,Garv,McIlvoray,gmcilvorayix@cargocollective.com,4,Económica,Muy bajo,Admitido,Medio,9/7/2007,Muy Bajo,true,1/3/2003,Otro,8/7/2011,Múltiple,6/9/2022,true
619996,Nicole,Gyurkovics,ngyurkovicsiy@virginia.edu,5,Psicosocial,Muy bajo,Nuevo,Alto,5/8/2007,Bajo,true,5/11/2014,Talleres psicosociales,5/2/2012,Económica,6/30/2021,true
91633,Bowie,Iceton,bicetoniz@soup.io,5,Académica,Medio,Media académica,Alto,12/6/2018,Medio,true,8/16/2002,Asesoría grupal,2/13/2017,Múltiple,4/8/2009,false
57577,Teddie,Gally,tgallyj0@seattletimes.com,3,Psicosocial,Muy bajo,Media académica,Alto,5/28/2022,Muy Bajo,false,6/17/2017,Terapia individual,5/25/2018,Económica,10/3/2008,false
346692,Koo,Walshaw,kwalshawj1@bizjournals.com,5,Múltiple,Alto,Media académica,Medio,11/7/2022,Bajo,true,7/17/2007,Asesoría grupal,9/5/2013,Múltiple,9/4/2002,true
992925,Berton,Worthy,bworthyj2@miitbeian.gov.cn,8,Económica,Muy alto,Admitido,Medio,9/12/2016,Alto,true,4/16/2021,Otro,9/10/2019,Académica,9/16/2005,true
654985,Ramsay,Brockie,rbrockiej3@godaddy.com,10,Múltiple,Muy alto,Admitido,Alto,4/26/2016,Medio,false,10/11/2022,Terapia individual,5/19/2017,Múltiple,1/19/2020,true
913163,Benn,Fairweather,bfairweatherj4@cpanel.net,7,Múltiple,Medio,Admitido,Medio,4/28/2009,Medio,true,2/7/2000,Asesoría grupal,6/26/2000,Psicosocial,10/22/2010,true
418979,Ernst,Fladgate,efladgatej5@npr.org,10,Económica,Muy alto,Nuevo,Alto,4/28/2012,Medio,false,1/18/2008,Otro,1/23/2015,Económica,5/29/2018,false
416323,Roxie,Vasyunichev,rvasyunichevj6@buzzfeed.com,6,Múltiple,Alto,Nuevo,Alto,5/4/2003,Medio,true,3/28/2008,Asesoría grupal,10/28/2014,Psicosocial,10/6/2011,false
154701,Laverna,Shingler,lshinglerj7@nbcnews.com,4,Económica,Muy bajo,Media académica,Alto,8/30/2006,Muy Bajo,false,9/22/2008,Actividades de autocuidado,10/10/2022,Económica,5/31/2020,false
429328,Dagmar,Smaridge,dsmaridgej8@go.com,8,Académica,Muy alto,Admitido,Alto,1/1/2016,Alto,false,2/17/2001,Asesoría grupal,4/10/2004,Múltiple,5/24/2016,false
816323,Celie,Cashmore,ccashmorej9@foxnews.com,5,Psicosocial,Muy bajo,Admitido,Alto,1/25/2004,Alto,true,8/18/2021,Asesoría grupal,3/28/2001,Académica,12/30/2005,false
454674,Aidan,Gladwell,agladwellja@sciencedaily.com,6,Psicosocial,Bajo,Media académica,Medio,4/30/2014,Alto,false,8/9/2018,Otro,4/30/2005,Psicosocial,3/24/2020,true
816180,Eveline,Arckoll,earckolljb@chron.com,1,Múltiple,Medio,Media académica,Bajo,4/29/2021,Medio,false,8/4/2022,Otro,11/29/2022,Psicosocial,2/20/2022,true
414673,Ruperta,Strick,rstrickjc@bing.com,4,Económica,Muy bajo,Admitido,Medio,9/10/2001,Alto,true,1/4/2001,Terapia individual,1/25/2019,Económica,4/16/2015,false
634672,Willem,Alfwy,walfwyjd@gov.uk,1,Múltiple,Bajo,Admitido,Bajo,2/10/2019,Muy Bajo,false,9/24/2003,Otro,10/20/2022,Múltiple,1/6/2007,false
670349,Tanner,Fairbourne,tfairbourneje@nydailynews.com,4,Psicosocial,Bajo,Admitido,Medio,4/7/2006,Bajo,true,12/13/2015,Talleres psicosociales,4/7/2008,Psicosocial,12/16/2018,true
945556,Janaya,Linebarger,jlinebargerjf@spotify.com,6,Económica,Alto,Admitido,Alto,2/3/2021,Muy Bajo,false,4/26/2015,Asesoría grupal,4/15/2017,Múltiple,8/16/2018,true
871494,Karoline,Dudmesh,kdudmeshjg@oaic.gov.au,6,Económica,Muy bajo,Nuevo,Alto,3/18/2016,Bajo,true,11/12/2003,Actividades de autocuidado,4/21/2018,Académica,3/29/2020,true
774224,Sandy,Stannah,sstannahjh@cafepress.com,1,Múltiple,Medio,Media académica,Alto,4/22/2010,Alto,true,5/26/2021,Terapia individual,9/15/2022,Múltiple,8/11/2014,false
117608,Karissa,Staddom,kstaddomji@kickstarter.com,9,Psicosocial,Muy alto,Media académica,Medio,10/18/2018,Muy Bajo,false,3/18/2011,Actividades de autocuidado,9/23/2013,Múltiple,3/30/2000,false
785502,Marlowe,Marians,mmariansjj@baidu.com,2,Psicosocial,Alto,Nuevo,Medio,5/20/2017,Muy Bajo,true,2/28/2009,Terapia individual,9/8/2012,Múltiple,3/22/2020,true
189291,Tiebout,Paddock,tpaddockjk@un.org,9,Múltiple,Muy bajo,Admitido,Bajo,6/29/2006,Muy Bajo,false,9/19/2003,Asesoría grupal,10/8/2003,Académica,5/15/2012,true
385711,Elset,Duchan,educhanjl@google.ru,6,Psicosocial,Alto,Admitido,Bajo,11/22/2009,Bajo,false,1/26/2004,Asesoría grupal,9/25/2017,Múltiple,11/4/2001,true
137561,Alverta,Stronack,astronackjm@plala.or.jp,6,Académica,Bajo,Nuevo,Medio,2/8/2009,Muy Bajo,true,1/3/2017,Otro,9/9/2012,Económica,11/15/2010,false
430300,Nat,Fyers,nfyersjn@tuttocitta.it,2,Económica,Medio,Media académica,Bajo,11/30/2014,Alto,false,3/16/2002,Otro,11/10/2008,Académica,12/17/2021,false
569149,Shawn,Waine,swainejo@elegantthemes.com,2,Múltiple,Bajo,Media académica,Alto,10/28/2016,Muy Bajo,false,1/10/2010,Otro,1/3/2002,Múltiple,9/21/2010,false
845238,Delainey,Wilcher,dwilcherjp@fc2.com,8,Académica,Medio,Admitido,Bajo,12/19/2010,Alto,true,4/10/2020,Otro,10/7/2016,Económica,9/8/2015,true
366651,Erena,Confait,econfaitjq@yandex.ru,3,Psicosocial,Muy bajo,Nuevo,Bajo,11/22/2001,Alto,true,1/16/2000,Asesoría grupal,7/15/2000,Psicosocial,1/8/2005,true
620771,Sib,Borghese,sborghesejr@rambler.ru,3,Psicosocial,Bajo,Nuevo,Medio,4/29/2005,Medio,true,11/27/2020,Actividades de autocuidado,2/2/2009,Psicosocial,3/13/2018,true
159213,Donovan,Shouler,dshoulerjs@mac.com,2,Múltiple,Medio,Admitido,Alto,8/3/2009,Muy Bajo,true,4/12/2007,Actividades de autocuidado,12/11/2002,Psicosocial,9/26/2009,true
642368,Jehu,Pepperd,jpepperdjt@aboutads.info,10,Económica,Muy alto,Media académica,Bajo,8/14/2001,Bajo,true,5/19/2004,Asesoría grupal,8/11/2005,Psicosocial,7/17/2016,false
258215,Shela,Simonson,ssimonsonju@craigslist.org,9,Económica,Alto,Admitido,Medio,1/11/2002,Muy Bajo,false,2/28/2017,Actividades de autocuidado,11/19/2000,Económica,9/16/2002,false
302767,Mellicent,Lycett,mlycettjv@1688.com,4,Económica,Bajo,Media académica,Bajo,4/5/2017,Muy Bajo,true,6/30/2012,Terapia individual,12/9/2000,Múltiple,4/3/2021,true
886236,Any,Shoebotham,ashoebothamjw@youtube.com,7,Económica,Muy bajo,Media académica,Alto,1/10/2014,Muy Bajo,false,2/2/2019,Actividades de autocuidado,12/7/2016,Económica,3/8/2020,false
475436,Shara,Driffield,sdriffieldjx@simplemachines.org,4,Académica,Medio,Admitido,Alto,5/2/2017,Medio,true,12/5/2011,Actividades de autocuidado,8/18/2007,Psicosocial,9/21/2003,false
721549,Reuven,Pulley,rpulleyjy@alexa.com,3,Psicosocial,Muy bajo,Media académica,Alto,4/4/2022,Muy Bajo,false,9/11/2009,Talleres psicosociales,1/11/2000,Económica,8/18/2016,true
901468,Roseanne,Vass,rvassjz@nih.gov,4,Psicosocial,Alto,Admitido,Alto,7/9/2021,Muy Bajo,false,12/11/2008,Talleres psicosociales,3/10/2018,Económica,1/15/2010,true
961672,Noami,Triplett,ntriplettk0@ning.com,6,Económica,Alto,Nuevo,Bajo,5/29/2006,Muy Bajo,false,6/14/2013,Talleres psicosociales,8/14/2009,Académica,4/20/2022,true
613441,Alexandra,D'Costa,adcostak1@xrea.com,1,Múltiple,Muy alto,Nuevo,Bajo,3/3/2007,Medio,true,3/27/2005,Asesoría grupal,12/25/2016,Académica,5/26/2013,true
620252,Ivonne,Jorge,ijorgek2@people.com.cn,9,Académica,Muy alto,Media académica,Bajo,5/15/2022,Alto,false,4/10/2018,Talleres psicosociales,3/1/2011,Psicosocial,1/24/2008,true
672971,Stormy,Shercliff,sshercliffk3@pinterest.com,2,Económica,Muy alto,Media académica,Bajo,4/25/2017,Bajo,false,8/1/2013,Actividades de autocuidado,12/4/2007,Económica,6/3/2011,false
693972,Federico,Brayley,fbrayleyk4@sciencedirect.com,2,Económica,Bajo,Media académica,Medio,9/17/2005,Bajo,false,3/7/2002,Otro,4/6/2012,Económica,12/11/2021,true
269396,Gamaliel,Raimbauld,graimbauldk5@uol.com.br,2,Académica,Alto,Admitido,Medio,1/19/2013,Medio,true,8/20/2012,Terapia individual,10/2/2000,Académica,11/4/2006,false
944831,Benito,Peotz,bpeotzk6@twitter.com,10,Múltiple,Muy alto,Admitido,Alto,10/19/2018,Muy Bajo,false,2/14/2012,Asesoría grupal,9/26/2015,Académica,9/23/2014,false
171978,Avigdor,Bandt,abandtk7@irs.gov,1,Académica,Muy bajo,Nuevo,Medio,8/22/2016,Medio,false,11/19/2006,Asesoría grupal,7/21/2016,Económica,5/12/2005,false
498160,Nicolina,Musso,nmussok8@blog.com,7,Psicosocial,Bajo,Admitido,Medio,3/4/2018,Muy Bajo,false,4/25/2015,Terapia individual,8/10/2011,Académica,4/23/2020,true
702725,Timoteo,Yerson,tyersonk9@sohu.com,8,Académica,Bajo,Media académica,Alto,12/11/2005,Bajo,false,8/30/2012,Terapia individual,12/2/2007,Múltiple,2/26/2004,true
362049,Dalenna,Schulz,dschulzka@mediafire.com,9,Múltiple,Alto,Admitido,Medio,7/23/2003,Alto,true,7/4/2018,Asesoría grupal,3/27/2021,Psicosocial,7/27/2021,true
552779,Carleton,Matthis,cmatthiskb@google.cn,9,Múltiple,Muy bajo,Nuevo,Bajo,7/19/2001,Medio,true,7/24/2007,Talleres psicosociales,10/30/2016,Psicosocial,8/22/2008,false
380159,Elga,Bolley,ebolleykc@fastcompany.com,6,Psicosocial,Muy bajo,Admitido,Bajo,4/4/2012,Alto,false,10/15/2009,Terapia individual,9/1/2013,Económica,8/22/2008,false
386771,Karolina,Mahomet,kmahometkd@craigslist.org,8,Múltiple,Alto,Nuevo,Alto,6/14/2014,Medio,false,7/18/2004,Terapia individual,8/11/2004,Psicosocial,1/23/2011,true
400757,Gorden,Purchase,gpurchaseke@nydailynews.com,10,Múltiple,Alto,Nuevo,Bajo,10/10/2018,Medio,false,9/4/2021,Actividades de autocuidado,1/20/2007,Múltiple,10/25/2013,true
106968,Paddy,Veck,pveckkf@walmart.com,9,Económica,Alto,Media académica,Bajo,7/25/2022,Bajo,true,5/23/2008,Actividades de autocuidado,6/14/2003,Múltiple,2/5/2020,true
906167,Emmett,Soloway,esolowaykg@slate.com,4,Económica,Bajo,Media académica,Bajo,9/14/2020,Alto,true,7/26/2018,Talleres psicosociales,1/29/2000,Académica,2/11/2009,true
642016,Rea,Swainger,rswaingerkh@amazon.de,10,Académica,Medio,Admitido,Bajo,10/17/2021,Bajo,true,11/13/2017,Otro,3/20/2011,Económica,6/25/2001,true
681549,Ashil,Espy,aespyki@dailymail.co.uk,1,Psicosocial,Muy alto,Admitido,Bajo,6/5/2022,Bajo,true,10/23/2010,Terapia individual,9/11/2016,Psicosocial,12/31/2021,true
248521,Danya,Breming,dbremingkj@hc360.com,4,Económica,Bajo,Media académica,Alto,5/28/2004,Medio,true,11/5/2002,Asesoría grupal,12/30/2016,Psicosocial,2/14/2022,false
533256,Jonathon,Maliphant,jmaliphantkk@prlog.org,1,Económica,Muy alto,Media académica,Alto,11/17/2012,Alto,false,3/15/2016,Actividades de autocuidado,1/25/2005,Económica,4/29/2001,false
586348,Avivah,Wones,awoneskl@slashdot.org,2,Académica,Alto,Media académica,Bajo,9/18/2022,Alto,false,9/4/2013,Talleres psicosociales,3/31/2019,Académica,12/2/2019,true
421851,Harlin,Blackaby,hblackabykm@storify.com,7,Académica,Muy bajo,Admitido,Alto,3/26/2022,Bajo,true,6/13/2017,Actividades de autocuidado,7/27/2000,Económica,5/16/2004,false
267737,Marlyn,Thurlby,mthurlbykn@vistaprint.com,9,Académica,Muy alto,Admitido,Bajo,10/14/2001,Medio,false,7/20/2019,Asesoría grupal,10/31/2017,Académica,7/1/2016,true
131290,Norris,Chadwell,nchadwellko@state.tx.us,5,Económica,Bajo,Admitido,Medio,9/14/2018,Alto,false,6/29/2000,Talleres psicosociales,8/2/2017,Psicosocial,12/3/2014,true
105001,Zuzana,Curner,zcurnerkp@oakley.com,3,Psicosocial,Bajo,Admitido,Bajo,10/23/2004,Medio,true,6/29/2007,Talleres psicosociales,11/14/2004,Académica,8/6/2012,true
972882,Clemmie,Castell,ccastellkq@state.tx.us,6,Académica,Muy bajo,Admitido,Bajo,3/9/2008,Alto,false,12/9/2010,Terapia individual,10/6/2021,Múltiple,12/31/2016,true
882508,Elladine,Bohey,eboheykr@soup.io,2,Psicosocial,Muy bajo,Admitido,Alto,3/23/2012,Alto,false,12/13/2006,Otro,11/19/2000,Psicosocial,9/10/2022,true
581141,Valenka,Hodgen,vhodgenks@dell.com,9,Académica,Medio,Nuevo,Bajo,2/1/2020,Medio,false,12/4/2010,Asesoría grupal,11/18/2017,Múltiple,2/28/2010,true
123672,Norrie,Buckett,nbuckettkt@acquirethisname.com,5,Económica,Bajo,Admitido,Alto,1/29/2002,Muy Bajo,true,11/11/2020,Actividades de autocuidado,10/25/2012,Académica,3/31/2017,false
110443,Em,McGuff,emcguffku@stanford.edu,1,Económica,Bajo,Media académica,Medio,1/20/2006,Muy Bajo,true,7/26/2005,Actividades de autocuidado,7/14/2009,Económica,6/4/2006,false
596384,Helyn,Casillis,hcasilliskv@ed.gov,8,Académica,Muy bajo,Admitido,Medio,1/10/2003,Bajo,false,6/17/2001,Asesoría grupal,2/15/2009,Académica,12/7/2011,true
372143,Petronella,Aers,paerskw@nationalgeographic.com,6,Múltiple,Muy bajo,Admitido,Bajo,12/24/2005,Bajo,true,6/1/2017,Terapia individual,8/22/2019,Múltiple,6/2/2022,true
660671,Aeriela,Treacy,atreacykx@trellian.com,5,Múltiple,Muy alto,Nuevo,Medio,10/15/2018,Bajo,true,3/25/2012,Asesoría grupal,3/11/2016,Económica,11/13/2016,false
312932,Jilli,Poley,jpoleyky@cbc.ca,9,Académica,Alto,Nuevo,Medio,4/2/2005,Muy Bajo,true,4/8/2019,Talleres psicosociales,4/20/2009,Económica,12/31/2012,true
591488,Maximo,Josifovic,mjosifovickz@redcross.org,6,Académica,Alto,Media académica,Bajo,,Alto,true,10/10/2014,Asesoría grupal,1/2/2011,Económica,10/12/2006,false
947928,Jeanette,Grooby,jgroobyl0@bravesites.com,9,Múltiple,Alto,Media académica,Medio,1/11/2001,Alto,false,6/19/2011,Asesoría grupal,9/14/2010,Económica,1/20/2005,false
583199,Romy,Lowings,rlowingsl1@tinypic.com,10,Económica,Medio,Nuevo,Bajo,1/23/2015,Bajo,true,3/26/2006,Asesoría grupal,12/12/2011,Académica,1/22/2019,true
524933,Gray,Bamlett,gbamlettl2@theglobeandmail.com,1,Psicosocial,Muy alto,Admitido,Bajo,11/30/2007,Alto,false,8/17/2004,Terapia individual,11/6/2014,Económica,1/30/2016,true
461036,Ciel,Morphey,cmorpheyl3@infoseek.co.jp,10,Múltiple,Muy alto,Nuevo,Bajo,10/31/2010,Alto,false,5/19/2007,Otro,8/24/2006,Económica,7/24/2008,false
199809,Loren,Coop,lcoopl4@mayoclinic.com,5,Académica,Medio,Nuevo,Medio,7/7/2008,Muy Bajo,false,8/31/2011,Actividades de autocuidado,4/4/2006,Académica,4/28/2015,false
220828,Kev,Springthorpe,kspringthorpel5@ucoz.ru,3,Económica,Muy bajo,Media académica,Bajo,8/13/2021,Bajo,false,7/14/2003,Terapia individual,2/27/2014,Múltiple,1/27/2018,true
114006,Marley,Acreman,macremanl6@ibm.com,9,Económica,Medio,Media académica,Alto,2/21/2012,Alto,false,8/20/2014,Terapia individual,3/14/2002,Psicosocial,9/30/2019,false
781092,Marlo,Pragnall,mpragnalll7@google.fr,1,Psicosocial,Medio,Admitido,Alto,5/16/2014,Bajo,true,1/5/2016,Actividades de autocuidado,4/22/2005,Psicosocial,11/11/2013,true
699855,Hervey,Sedgman,hsedgmanl8@washingtonpost.com,2,Económica,Medio,Media académica,Bajo,4/15/2007,Muy Bajo,false,9/9/2014,Otro,1/26/2022,Múltiple,11/5/2017,true
495237,Bryanty,Ranns,brannsl9@51.la,6,Económica,Bajo,Nuevo,Bajo,8/31/2011,Medio,true,2/3/2011,Talleres psicosociales,4/19/2008,Múltiple,7/27/2001,true
970133,Ermina,Lowther,elowtherla@php.net,1,Académica,Bajo,Admitido,Bajo,4/21/2018,Muy Bajo,false,2/6/2015,Otro,6/16/2001,Múltiple,2/8/2020,true
248507,Ettie,Swanwick,eswanwicklb@sun.com,5,Económica,Muy bajo,Nuevo,Medio,11/18/2021,Muy Bajo,false,7/26/2010,Asesoría grupal,4/23/2007,Psicosocial,5/21/2008,true
815439,Dorian,Marre,dmarrelc@dion.ne.jp,3,Económica,Muy bajo,Nuevo,Bajo,8/26/2022,Bajo,true,7/14/2001,Asesoría grupal,3/29/2015,Económica,4/21/2014,true
144409,Bambie,Vala,bvalald@mac.com,10,Académica,Medio,Nuevo,Bajo,2/19/2019,Medio,true,6/19/2010,Otro,6/15/2004,Económica,10/6/2007,true
124309,Marie,Vaisey,mvaiseyle@dagondesign.com,3,Económica,Muy bajo,Nuevo,Alto,1/6/2009,Bajo,false,3/3/2022,Talleres psicosociales,2/17/2013,Académica,7/16/2001,false
231778,Jewelle,Spadoni,jspadonilf@indiegogo.com,8,Económica,Muy alto,Media académica,Bajo,5/23/2008,Medio,true,8/17/2013,Actividades de autocuidado,1/4/2022,Económica,9/13/2010,false
712085,Tricia,Matheson,tmathesonlg@arizona.edu,7,Psicosocial,Bajo,Admitido,Bajo,,Muy Bajo,true,2/26/2019,Actividades de autocuidado,12/9/2008,Múltiple,1/22/2009,false
147211,Fidelity,Darwin,fdarwinlh@indiatimes.com,9,Psicosocial,Muy bajo,Nuevo,Medio,11/17/2018,Bajo,true,9/3/2021,Talleres psicosociales,4/7/2000,Múltiple,11/15/2010,false
844181,Claudelle,Watmore,cwatmoreli@usnews.com,1,Psicosocial,Bajo,Nuevo,Bajo,5/25/2015,Muy Bajo,true,12/27/2006,Asesoría grupal,4/20/2019,Psicosocial,7/12/2018,true
528101,Fayette,Marrian,fmarrianlj@usda.gov,2,Económica,Medio,Media académica,Bajo,2/18/2021,Muy Bajo,true,6/21/2007,Talleres psicosociales,2/17/2003,Económica,11/27/2006,true
808979,Reyna,Aphale,raphalelk@sakura.ne.jp,10,Económica,Alto,Media académica,Bajo,5/31/2021,Muy Bajo,false,12/9/2015,Terapia individual,6/14/2010,Múltiple,2/25/2010,true
764157,Paul,Barnwall,pbarnwallll@pcworld.com,6,Múltiple,Medio,Nuevo,Medio,1/23/2019,Bajo,true,1/13/2000,Asesoría grupal,7/10/2016,Psicosocial,7/18/2006,true
160057,Cyrus,Hemms,chemmslm@noaa.gov,1,Psicosocial,Muy alto,Nuevo,Alto,9/4/2016,Bajo,false,12/6/2002,Talleres psicosociales,1/21/2010,Económica,5/26/2016,true
852348,Bernie,Scotchbrook,bscotchbrookln@hostgator.com,4,Económica,Bajo,Nuevo,Alto,7/24/2005,Medio,true,8/3/2020,Terapia individual,4/24/2011,Múltiple,8/27/2001,false
121756,Jackelyn,Ramel,jramello@aboutads.info,5,Múltiple,Medio,Nuevo,Bajo,9/9/2022,Bajo,false,9/21/2005,Talleres psicosociales,12/22/2018,Académica,7/22/2019,true
978048,Dorie,Yuryev,dyuryevlp@youku.com,9,Académica,Muy alto,Nuevo,Bajo,12/28/2009,Bajo,false,11/19/2006,Asesoría grupal,9/18/2021,Académica,8/14/2009,false
98332,Anabelle,Bugdall,abugdalllq@about.me,8,Múltiple,Muy alto,Media académica,Alto,7/2/2021,Muy Bajo,false,11/24/2000,Actividades de autocuidado,6/29/2000,Psicosocial,8/21/2006,false
954376,Tito,Acey,taceylr@scribd.com,2,Psicosocial,Bajo,Admitido,Medio,6/5/2010,Medio,true,5/14/2015,Asesoría grupal,9/16/2010,Académica,5/22/2010,true
982793,Quinta,Kirsch,qkirschls@google.it,6,Académica,Medio,Nuevo,Bajo,6/4/2018,Medio,true,9/21/2015,Talleres psicosociales,7/9/2018,Psicosocial,10/24/2001,false
737666,Vonni,Tume,vtumelt@360.cn,2,Múltiple,Bajo,Media académica,Bajo,3/13/2021,Muy Bajo,false,9/26/2009,Terapia individual,6/17/2014,Económica,9/15/2019,false
273594,Carlynn,Tugman,ctugmanlu@berkeley.edu,5,Psicosocial,Muy alto,Media académica,Medio,12/23/2021,Medio,false,7/18/2022,Asesoría grupal,6/12/2006,Múltiple,3/23/2010,true
734784,Dorelia,Beadle,dbeadlelv@vistaprint.com,3,Académica,Muy alto,Admitido,Bajo,10/24/2018,Bajo,false,4/19/2013,Talleres psicosociales,8/13/2009,Académica,2/16/2006,false
563561,Emmanuel,Leffek,eleffeklw@eventbrite.com,6,Económica,Bajo,Nuevo,Alto,5/18/2013,Bajo,true,10/30/2020,Actividades de autocuidado,11/14/2011,Económica,10/8/2013,true
456086,Ericka,Wroughton,ewroughtonlx@indiegogo.com,7,Económica,Bajo,Nuevo,Alto,7/24/2007,Muy Bajo,false,1/16/2012,Talleres psicosociales,3/23/2003,Psicosocial,11/29/2016,false
629891,Inesita,Soar,isoarly@oracle.com,9,Psicosocial,Medio,Nuevo,Bajo,,Muy Bajo,true,6/17/2013,Talleres psicosociales,1/15/2014,Académica,3/25/2012,true
552230,Teresita,Hartfield,thartfieldlz@ycombinator.com,2,Académica,Bajo,Admitido,Alto,11/16/2019,Alto,true,2/20/2001,Terapia individual,9/10/2007,Académica,4/7/2017,true
288222,Loree,Manuel,lmanuelm0@marketwatch.com,3,Académica,Muy bajo,Nuevo,Bajo,,Bajo,false,6/14/2001,Otro,1/17/2013,Psicosocial,11/6/2009,true
503603,Kalli,Scrowson,kscrowsonm1@cbc.ca,10,Académica,Muy alto,Admitido,Alto,7/29/2016,Muy Bajo,false,2/17/2003,Talleres psicosociales,6/2/2017,Académica,4/14/2009,false
415596,Avram,Gerry,agerrym2@earthlink.net,10,Psicosocial,Muy bajo,Media académica,Bajo,7/26/2002,Medio,false,4/3/2013,Asesoría grupal,1/26/2016,Académica,11/9/2016,false
557358,Kessiah,Whitman,kwhitmanm3@fastcompany.com,6,Psicosocial,Medio,Nuevo,Alto,4/18/2004,Medio,false,10/21/2003,Talleres psicosociales,9/12/2006,Económica,3/3/2012,true
524688,Alyosha,Gonet,agonetm4@howstuffworks.com,8,Psicosocial,Bajo,Admitido,Medio,9/8/2011,Muy Bajo,false,5/21/2003,Actividades de autocuidado,11/11/2014,Psicosocial,10/17/2017,false
945476,Rhody,Cockshut,rcockshutm5@wikispaces.com,1,Psicosocial,Bajo,Nuevo,Bajo,4/12/2014,Medio,false,10/22/2018,Otro,9/1/2006,Académica,8/18/2008,false
756209,Twyla,Adcock,tadcockm6@i2i.jp,5,Múltiple,Muy bajo,Nuevo,Alto,,Medio,true,12/23/2012,Terapia individual,8/13/2018,Múltiple,6/14/2015,true
289845,Korry,Rottger,krottgerm7@unc.edu,7,Académica,Bajo,Admitido,Medio,1/15/2017,Bajo,false,10/22/2016,Asesoría grupal,2/19/2014,Múltiple,11/26/2001,true
103960,Olga,Triggol,otriggolm8@mapquest.com,5,Múltiple,Medio,Nuevo,Medio,5/20/2010,Medio,false,2/27/2003,Asesoría grupal,4/1/2019,Múltiple,5/15/2010,true
449615,Jenda,Butteris,jbutterism9@nydailynews.com,5,Económica,Bajo,Admitido,Alto,12/13/2000,Alto,false,10/11/2010,Terapia individual,1/7/2000,Múltiple,5/23/2016,false
238760,Marsiella,Bamfield,mbamfieldma@gnu.org,3,Múltiple,Medio,Nuevo,Medio,8/27/2005,Bajo,false,4/24/2000,Talleres psicosociales,12/15/2020,Múltiple,2/4/2004,false
991051,Annaliese,Ferrey,aferreymb@phpbb.com,2,Económica,Bajo,Media académica,Bajo,9/5/2021,Bajo,false,5/7/2007,Talleres psicosociales,11/28/2009,Psicosocial,7/14/2020,true
770775,Sandi,McGilvray,smcgilvraymc@ameblo.jp,9,Psicosocial,Alto,Admitido,Bajo,6/22/2012,Muy Bajo,false,9/16/2011,Talleres psicosociales,5/25/2015,Psicosocial,11/30/2017,true
883679,Sheree,Everson,seversonmd@epa.gov,2,Múltiple,Medio,Admitido,Bajo,4/11/2011,Medio,false,7/28/2020,Asesoría grupal,1/13/2016,Psicosocial,1/23/2010,true
91974,Archambault,Kumaar,akumaarme@chicagotribune.com,7,Económica,Medio,Admitido,Alto,12/20/2008,Muy Bajo,false,7/10/2014,Talleres psicosociales,8/9/2014,Múltiple,10/26/2011,false
84352,Cletus,Cassedy,ccassedymf@networksolutions.com,10,Psicosocial,Bajo,Media académica,Alto,1/24/2005,Bajo,true,3/27/2007,Talleres psicosociales,6/11/2010,Psicosocial,9/11/2016,false
261543,Gideon,Longmuir,glongmuirmg@cafepress.com,9,Múltiple,Alto,Media académica,Alto,9/9/2019,Muy Bajo,true,4/20/2015,Asesoría grupal,7/2/2010,Psicosocial,12/30/2017,false
674543,Alanah,Jiroutek,ajiroutekmh@reverbnation.com,6,Económica,Muy bajo,Nuevo,Bajo,9/4/2006,Muy Bajo,false,8/15/2001,Talleres psicosociales,12/10/2016,Psicosocial,9/26/2005,false
838203,Trudi,Garlant,tgarlantmi@freewebs.com,9,Académica,Alto,Admitido,Bajo,5/19/2001,Muy Bajo,true,3/9/2009,Terapia individual,1/28/2008,Económica,8/21/2022,false
119690,Webb,Mellonby,wmellonbymj@harvard.edu,8,Económica,Muy alto,Admitido,Medio,1/31/2020,Bajo,true,8/25/2018,Otro,1/16/2003,Económica,8/19/2008,true
459139,Vickie,Deer,vdeermk@jimdo.com,9,Múltiple,Muy bajo,Media académica,Alto,9/29/2003,Alto,false,5/2/2010,Asesoría grupal,4/3/2009,Múltiple,5/11/2007,false
362466,Brittan,Towle,btowleml@icio.us,8,Académica,Muy alto,Media académica,Medio,7/19/2002,Muy Bajo,true,3/2/2019,Actividades de autocuidado,12/31/2017,Psicosocial,4/7/2019,true
913191,Win,Colqueran,wcolqueranmm@marriott.com,7,Psicosocial,Muy bajo,Admitido,Medio,6/17/2007,Muy Bajo,true,7/29/2021,Terapia individual,7/10/2015,Económica,12/30/2011,false
990860,Rafael,Sindle,rsindlemn@facebook.com,5,Académica,Bajo,Admitido,Bajo,8/8/2012,Medio,false,4/13/2002,Talleres psicosociales,5/9/2022,Psicosocial,9/4/2001,false
285641,Duky,Garlick,dgarlickmo@google.it,7,Psicosocial,Alto,Nuevo,Medio,3/25/2008,Alto,false,1/7/2015,Asesoría grupal,5/30/2013,Académica,12/16/2016,false
525048,Brittni,Sallis,bsallismp@ow.ly,4,Múltiple,Alto,Admitido,Medio,,Muy Bajo,false,3/16/2019,Actividades de autocuidado,5/1/2000,Académica,11/1/2009,true
903896,Elton,Felipe,efelipemq@alibaba.com,5,Múltiple,Muy bajo,Admitido,Bajo,7/7/2012,Bajo,true,6/21/2000,Talleres psicosociales,4/12/2007,Psicosocial,7/9/2008,true
170631,Tove,Corrington,tcorringtonmr@rediff.com,2,Psicosocial,Muy bajo,Media académica,Medio,7/6/2005,Muy Bajo,true,12/15/2006,Talleres psicosociales,8/11/2007,Múltiple,5/13/2013,true
746653,Brit,Behrendsen,bbehrendsenms@yale.edu,4,Psicosocial,Medio,Nuevo,Alto,1/15/2010,Medio,false,4/25/2004,Asesoría grupal,8/27/2005,Múltiple,7/19/2002,true
579860,Carly,Serjeantson,cserjeantsonmt@senate.gov,6,Económica,Muy bajo,Nuevo,Bajo,9/30/2015,Bajo,true,6/2/2009,Terapia individual,7/31/2011,Económica,7/23/2013,false
968557,Zea,Pinck,zpinckmu@homestead.com,3,Psicosocial,Muy bajo,Media académica,Medio,4/12/2003,Alto,true,10/30/2009,Terapia individual,6/22/2004,Académica,5/6/2007,false
319071,Nani,Foan,nfoanmv@unblog.fr,3,Académica,Muy alto,Admitido,Alto,4/30/2004,Bajo,true,10/6/2002,Asesoría grupal,12/6/2019,Múltiple,4/17/2021,true
128468,Pall,Wethey,pwetheymw@jiathis.com,4,Económica,Medio,Admitido,Alto,6/14/2011,Bajo,false,9/7/2006,Otro,8/31/2008,Psicosocial,3/20/2008,false
256750,Consuela,Kretchmer,ckretchmermx@yellowbook.com,1,Académica,Muy alto,Media académica,Bajo,8/25/2005,Muy Bajo,true,5/2/2011,Talleres psicosociales,3/20/2017,Múltiple,1/8/2005,false
651828,Wallie,Kirckman,wkirckmanmy@chron.com,3,Económica,Muy alto,Nuevo,Alto,11/26/2016,Muy Bajo,false,9/6/2016,Actividades de autocuidado,9/6/2007,Múltiple,1/12/2015,true
169391,Corena,Stoll,cstollmz@cnbc.com,9,Psicosocial,Muy bajo,Nuevo,Alto,1/23/2018,Bajo,false,6/8/2004,Otro,8/30/2018,Económica,3/9/2010,false
769089,Domeniga,Rouff,drouffn0@amazonaws.com,7,Múltiple,Medio,Media académica,Alto,9/2/2010,Alto,true,4/29/2019,Otro,9/28/2013,Económica,5/25/2021,true
132251,Carlota,Skillicorn,cskillicornn1@github.com,7,Académica,Muy alto,Nuevo,Bajo,6/12/2016,Bajo,true,5/6/2014,Talleres psicosociales,2/15/2016,Múltiple,9/13/2015,false
287577,Pam,Depke,pdepken2@comcast.net,8,Psicosocial,Muy bajo,Nuevo,Bajo,3/23/2011,Medio,true,7/5/2004,Actividades de autocuidado,8/14/2003,Académica,11/15/2007,false
913437,Erich,Slemming,eslemmingn3@seattletimes.com,7,Psicosocial,Alto,Media académica,Alto,5/18/2010,Muy Bajo,true,8/13/2022,Otro,4/13/2007,Psicosocial,1/17/2020,true
340818,Jilly,Tall,jtalln4@about.me,7,Económica,Muy bajo,Media académica,Medio,8/1/2016,Muy Bajo,false,11/20/2016,Otro,6/8/2016,Psicosocial,2/15/2014,false
570088,Roxanne,Dignan,rdignann5@pbs.org,4,Múltiple,Bajo,Media académica,Medio,6/2/2002,Medio,true,11/21/2010,Talleres psicosociales,7/31/2001,Académica,9/24/2003,false
641984,Clay,Mowatt,cmowattn6@networkadvertising.org,8,Económica,Alto,Admitido,Bajo,12/16/2014,Bajo,false,6/17/2012,Terapia individual,2/20/2018,Múltiple,5/13/2003,false
380708,Fabien,Checketts,fcheckettsn7@biblegateway.com,8,Académica,Muy alto,Media académica,Medio,6/15/2010,Alto,false,9/16/2011,Terapia individual,3/24/2022,Múltiple,4/13/2022,false
420984,Ros,Morkham,rmorkhamn8@sciencedirect.com,8,Académica,Medio,Media académica,Bajo,3/27/2008,Medio,true,9/25/2004,Actividades de autocuidado,9/24/2017,Múltiple,8/14/2020,true
437254,Stevena,Beekmann,sbeekmannn9@networksolutions.com,5,Psicosocial,Muy alto,Media académica,Alto,5/13/2017,Alto,true,10/18/2021,Asesoría grupal,10/13/2012,Psicosocial,1/1/2000,false
481790,Adah,Boecke,aboeckena@latimes.com,3,Psicosocial,Bajo,Media académica,Alto,9/3/2017,Bajo,false,7/20/2008,Asesoría grupal,4/26/2014,Económica,7/1/2007,false
703923,Drake,Fuge,dfugenb@engadget.com,7,Múltiple,Muy alto,Nuevo,Bajo,4/27/2001,Muy Bajo,true,5/18/2022,Actividades de autocuidado,7/1/2005,Económica,9/25/2012,false
33641,Vania,Kerfoot,vkerfootnc@pagesperso-orange.fr,2,Psicosocial,Muy alto,Nuevo,Medio,,Alto,false,10/30/2020,Talleres psicosociales,9/15/2015,Académica,2/4/2008,true
733321,Chaim,Dafforne,cdaffornend@arstechnica.com,5,Múltiple,Muy alto,Admitido,Bajo,8/11/2016,Bajo,false,9/2/2008,Talleres psicosociales,2/17/2022,Psicosocial,10/28/2003,false
7683,Mattias,Ferminger,mfermingerne@moonfruit.com,6,Económica,Alto,Media académica,Bajo,9/30/2015,Muy Bajo,true,7/2/2018,Terapia individual,1/3/2011,Económica,2/7/2021,false
705191,Charita,Budding,cbuddingnf@amazon.co.jp,10,Económica,Muy bajo,Admitido,Medio,1/23/2019,Bajo,false,7/2/2008,Actividades de autocuidado,9/23/2011,Académica,10/8/2001,true
455724,Emeline,Axup,eaxupng@tamu.edu,8,Psicosocial,Alto,Admitido,Medio,10/20/2021,Muy Bajo,true,7/28/2022,Asesoría grupal,8/21/2005,Académica,1/30/2007,true
384089,Nicolai,Dregan,ndregannh@jiathis.com,3,Múltiple,Muy alto,Admitido,Alto,6/9/2022,Medio,false,9/4/2016,Actividades de autocuidado,9/23/2012,Económica,7/17/2021,true
615839,Rancell,Petrak,rpetrakni@ycombinator.com,8,Económica,Bajo,Nuevo,Alto,4/12/2011,Bajo,true,10/13/2008,Otro,4/28/2018,Económica,7/8/2002,true
136123,Tildi,Leindecker,tleindeckernj@de.vu,4,Económica,Muy alto,Admitido,Bajo,9/8/2016,Bajo,true,4/16/2012,Talleres psicosociales,4/4/2000,Económica,3/20/2014,true
486738,Delilah,Defraine,ddefrainenk@youku.com,4,Múltiple,Medio,Media académica,Medio,1/5/2004,Muy Bajo,true,1/5/2017,Talleres psicosociales,9/28/2011,Múltiple,4/10/2016,false
836151,Ted,Hissie,thissienl@last.fm,4,Múltiple,Muy bajo,Media académica,Bajo,11/10/2021,Muy Bajo,true,4/1/2005,Talleres psicosociales,11/8/2019,Psicosocial,2/9/2019,true
103482,Sancho,Lambricht,slambrichtnm@abc.net.au,7,Múltiple,Muy alto,Admitido,Bajo,1/3/2012,Medio,true,11/18/2013,Asesoría grupal,9/1/2017,Múltiple,6/23/2020,true
630452,Grethel,Ramelot,gramelotnn@about.me,9,Múltiple,Muy bajo,Admitido,Bajo,3/18/2006,Alto,false,8/7/2011,Actividades de autocuidado,11/9/2012,Múltiple,3/5/2014,false
318298,Frankie,Ledner,flednerno@deliciousdays.com,9,Académica,Medio,Admitido,Alto,8/28/2010,Alto,false,11/29/2021,Otro,4/14/2021,Académica,9/20/2011,true
371078,Zachery,Brownsey,zbrownseynp@over-blog.com,2,Académica,Muy alto,Admitido,Medio,1/11/2011,Medio,false,4/8/2017,Asesoría grupal,12/4/2004,Múltiple,4/23/2011,true
684196,Marcelia,Eickhoff,meickhoffnq@nps.gov,6,Económica,Muy alto,Admitido,Medio,6/18/2013,Bajo,true,4/7/2003,Actividades de autocuidado,7/5/2020,Académica,12/26/2016,true
675925,Lorine,Brunetti,lbrunettinr@macromedia.com,3,Psicosocial,Alto,Admitido,Bajo,4/27/2005,Medio,true,3/7/2002,Talleres psicosociales,11/2/2000,Múltiple,3/5/2013,false
102559,Ashlan,Duffy,aduffyns@yahoo.co.jp,1,Académica,Muy bajo,Nuevo,Bajo,5/24/2002,Muy Bajo,false,6/9/2008,Actividades de autocuidado,1/9/2019,Académica,4/4/2018,true
58019,Peggi,Carnegie,pcarnegient@w3.org,6,Múltiple,Medio,Admitido,Bajo,3/11/2009,Medio,true,5/4/2010,Otro,10/10/2007,Múltiple,3/12/2013,true
411545,Colin,Hamner,chamnernu@hao123.com,7,Psicosocial,Bajo,Admitido,Bajo,6/15/2005,Medio,true,11/10/2018,Asesoría grupal,8/15/2013,Económica,12/24/2008,false
130684,Harri,Aggas,haggasnv@printfriendly.com,9,Múltiple,Alto,Admitido,Alto,1/31/2014,Bajo,true,5/10/2005,Otro,11/16/2012,Múltiple,9/2/2021,true
314963,Sinclare,Hammel,shammelnw@ow.ly,5,Múltiple,Muy bajo,Admitido,Alto,4/21/2016,Alto,true,5/8/2015,Talleres psicosociales,3/2/2020,Psicosocial,1/17/2008,true
743522,Sacha,Yakubovich,syakubovichnx@drupal.org,2,Económica,Alto,Media académica,Medio,7/19/2020,Alto,true,10/13/2004,Actividades de autocuidado,11/19/2019,Psicosocial,10/7/2002,false
792534,Sapphire,Rudgard,srudgardny@ed.gov,6,Múltiple,Alto,Media académica,Medio,10/10/2009,Alto,false,3/6/2021,Otro,5/11/2016,Múltiple,5/21/2002,false
180178,Ikey,Seabrocke,iseabrockenz@alibaba.com,3,Psicosocial,Bajo,Nuevo,Alto,10/16/2006,Muy Bajo,true,8/19/2020,Actividades de autocuidado,2/18/2013,Académica,3/21/2022,true
100600,Stace,Liversley,sliversleyo0@so-net.ne.jp,9,Académica,Medio,Admitido,Alto,9/21/2004,Medio,true,5/6/2011,Talleres psicosociales,10/3/2004,Económica,10/8/2000,false
670997,Samantha,Blackburne,sblackburneo1@exblog.jp,7,Económica,Muy bajo,Admitido,Medio,8/9/2009,Bajo,true,4/19/2002,Asesoría grupal,11/10/2000,Económica,4/4/2014,false
492063,Gunther,Klehn,gklehno2@goodreads.com,10,Económica,Alto,Media académica,Bajo,4/17/2008,Medio,true,3/7/2022,Terapia individual,7/14/2021,Académica,10/9/2020,true
485952,Phyllida,Saurin,psaurino3@un.org,2,Académica,Bajo,Admitido,Medio,9/15/2002,Alto,true,4/27/2021,Terapia individual,7/15/2021,Psicosocial,6/30/2014,true
777562,Corney,Jeeves,cjeeveso4@google.co.uk,10,Económica,Muy alto,Media académica,Medio,9/13/2011,Medio,false,7/4/2015,Actividades de autocuidado,12/13/2000,Económica,4/25/2013,true
576286,Lorenza,Odeson,lodesono5@acquirethisname.com,8,Académica,Muy alto,Admitido,Bajo,5/20/2001,Bajo,true,6/5/2006,Terapia individual,6/22/2022,Psicosocial,7/7/2006,true
456808,Walton,Satch,wsatcho6@about.com,3,Psicosocial,Alto,Admitido,Bajo,7/25/2019,Bajo,true,7/29/2016,Talleres psicosociales,1/11/2017,Múltiple,11/10/2022,false
544821,Wilma,Milsom,wmilsomo7@homestead.com,6,Múltiple,Muy alto,Nuevo,Alto,2/2/2002,Medio,true,11/3/2003,Actividades de autocuidado,12/20/2013,Múltiple,3/30/2014,false
384640,Lynelle,Kabisch,lkabischo8@dion.ne.jp,5,Económica,Muy bajo,Admitido,Medio,7/23/2004,Muy Bajo,true,3/29/2003,Terapia individual,6/26/2022,Económica,12/26/2002,false
427103,Nanette,Daily,ndailyo9@weibo.com,4,Psicosocial,Muy alto,Admitido,Medio,7/31/2019,Muy Bajo,true,7/13/2013,Talleres psicosociales,4/7/2003,Psicosocial,4/20/2012,false
513802,Layton,Schroder,lschroderoa@bigcartel.com,3,Múltiple,Medio,Media académica,Medio,1/5/2008,Muy Bajo,false,12/25/2008,Terapia individual,4/13/2015,Académica,8/31/2019,false
961219,Agata,Ruppert,aruppertob@bbb.org,2,Múltiple,Medio,Media académica,Medio,4/9/2021,Alto,true,2/2/2001,Asesoría grupal,4/15/2011,Económica,2/26/2005,true
795642,Alleen,Pring,apringoc@angelfire.com,7,Económica,Bajo,Admitido,Bajo,11/25/2005,Alto,false,1/28/2016,Asesoría grupal,8/16/2011,Económica,10/15/2015,true
860653,Shelby,Wermerling,swermerlingod@ucla.edu,6,Múltiple,Medio,Nuevo,Medio,4/20/2012,Muy Bajo,false,9/21/2003,Talleres psicosociales,2/17/2012,Múltiple,2/9/2013,false
185411,Connie,Corbould,ccorbouldoe@yelp.com,7,Económica,Muy bajo,Media académica,Alto,2/27/2005,Alto,false,2/27/2006,Asesoría grupal,3/15/2009,Múltiple,7/23/2002,true
321866,Lucas,Drinkhill,ldrinkhillof@squarespace.com,2,Académica,Medio,Media académica,Alto,7/10/2016,Alto,false,12/11/2005,Terapia individual,6/6/2019,Económica,8/28/2005,false
882649,Cyndia,McReynold,cmcreynoldog@lulu.com,2,Psicosocial,Alto,Admitido,Medio,12/5/2001,Alto,true,5/31/2002,Terapia individual,5/3/2008,Económica,10/1/2022,false
855552,Berty,Showler,bshowleroh@goodreads.com,4,Económica,Alto,Admitido,Medio,9/17/2005,Medio,false,11/2/2001,Actividades de autocuidado,12/9/2011,Económica,10/9/2003,false
80394,Millie,Dorrian,mdorrianoi@berkeley.edu,7,Académica,Bajo,Media académica,Medio,2/21/2020,Muy Bajo,false,12/14/2005,Talleres psicosociales,1/31/2015,Académica,10/1/2009,true
858750,Meir,Nanuccioi,mnanuccioioj@npr.org,7,Psicosocial,Muy alto,Admitido,Alto,2/29/2000,Medio,false,12/28/2018,Talleres psicosociales,11/1/2005,Psicosocial,9/4/2001,true
200786,Graig,Messitt,gmessittok@hubpages.com,4,Múltiple,Muy alto,Nuevo,Medio,9/30/2008,Alto,false,5/13/2002,Otro,6/14/2000,Múltiple,11/22/2016,true
50012,Clemence,Symms,csymmsol@nhs.uk,3,Económica,Muy bajo,Nuevo,Bajo,1/16/2020,Bajo,false,4/16/2022,Actividades de autocuidado,4/8/2020,Múltiple,12/26/2011,true
24447,Adel,Lysaght,alysaghtom@mail.ru,1,Académica,Muy alto,Admitido,Medio,12/21/2015,Muy Bajo,false,5/28/2012,Asesoría grupal,7/19/2021,Psicosocial,1/26/2002,true
440632,Gunther,Scudamore,gscudamoreon@unesco.org,3,Psicosocial,Alto,Admitido,Alto,1/29/2019,Medio,false,1/21/2006,Otro,3/6/2019,Múltiple,12/6/2005,false
580018,Amory,Gavin,agavinoo@printfriendly.com,1,Económica,Medio,Admitido,Bajo,2/12/2003,Alto,true,4/26/2001,Talleres psicosociales,10/31/2011,Académica,8/19/2005,true
753713,Sandy,Hovert,shovertop@umich.edu,8,Académica,Muy bajo,Media académica,Medio,11/19/2015,Bajo,true,11/9/2002,Otro,8/24/2017,Académica,6/30/2004,false
901061,Shay,Banke,sbankeoq@dot.gov,10,Múltiple,Medio,Admitido,Medio,2/22/2007,Alto,true,6/14/2008,Asesoría grupal,2/13/2020,Económica,1/29/2006,false
809301,Feliza,Bedberry,fbedberryor@hibu.com,1,Psicosocial,Alto,Admitido,Bajo,5/25/2018,Muy Bajo,false,11/16/2005,Actividades de autocuidado,6/23/2006,Académica,3/4/2016,false
790697,Carmelle,Cucuzza,ccucuzzaos@umich.edu,5,Psicosocial,Muy bajo,Nuevo,Bajo,6/14/2016,Medio,false,6/15/2001,Talleres psicosociales,12/22/2013,Psicosocial,6/8/2016,true
951796,Gilli,Tweedle,gtweedleot@ca.gov,9,Académica,Medio,Media académica,Medio,,Bajo,false,3/24/2021,Otro,6/17/2011,Económica,5/20/2005,false
288680,Nessie,Hargate,nhargateou@google.it,10,Académica,Bajo,Media académica,Alto,5/2/2003,Bajo,true,11/25/2014,Asesoría grupal,8/17/2014,Psicosocial,2/12/2001,true
496602,Erinna,Millmore,emillmoreov@cbslocal.com,3,Psicosocial,Bajo,Nuevo,Bajo,12/10/2021,Alto,false,8/10/2022,Asesoría grupal,3/2/2005,Psicosocial,5/31/2020,false
332577,Stafford,Aust,saustow@vinaora.com,2,Múltiple,Alto,Nuevo,Alto,12/19/2019,Bajo,true,8/24/2008,Otro,6/2/2000,Psicosocial,3/9/2014,true
180814,Mirabella,Leathart,mleathartox@over-blog.com,10,Múltiple,Alto,Admitido,Alto,12/9/2002,Medio,false,4/17/2020,Otro,11/25/2010,Múltiple,7/3/2008,false
45099,Kyrstin,Grayne,kgrayneoy@quantcast.com,8,Psicosocial,Muy bajo,Media académica,Medio,1/5/2022,Alto,true,3/22/2004,Actividades de autocuidado,11/8/2011,Psicosocial,2/22/2012,false
880787,Ronalda,Berrey,rberreyoz@nyu.edu,7,Psicosocial,Alto,Media académica,Bajo,6/30/2019,Alto,false,7/1/2017,Actividades de autocuidado,3/19/2006,Psicosocial,12/21/2010,true
567587,Bone,Licquorish,blicquorishp0@com.com,7,Psicosocial,Muy bajo,Admitido,Bajo,7/16/2007,Medio,false,5/25/2000,Talleres psicosociales,9/29/2022,Psicosocial,9/11/2009,true
781446,Corene,Bunyard,cbunyardp1@jugem.jp,1,Psicosocial,Medio,Media académica,Alto,7/25/2019,Muy Bajo,false,3/24/2012,Actividades de autocuidado,11/19/2005,Académica,11/19/2017,true
291887,Doralynne,Mossop,dmossopp2@creativecommons.org,9,Académica,Medio,Admitido,Bajo,3/25/2009,Alto,true,4/10/2005,Asesoría grupal,4/23/2003,Económica,2/8/2017,true
657773,Robinet,Roskam,rroskamp3@tripod.com,3,Múltiple,Muy bajo,Media académica,Bajo,10/6/2005,Bajo,true,7/9/2012,Talleres psicosociales,1/4/2000,Académica,9/8/2004,false
238985,Sherilyn,Gladebeck,sgladebeckp4@blogspot.com,1,Académica,Muy bajo,Media académica,Alto,8/3/2022,Muy Bajo,false,9/12/2021,Asesoría grupal,9/27/2011,Económica,7/20/2002,false
395173,Blithe,Gaskoin,bgaskoinp5@e-recht24.de,1,Múltiple,Alto,Nuevo,Medio,4/17/2000,Medio,true,1/18/2007,Talleres psicosociales,5/18/2007,Psicosocial,11/24/2011,false
66631,Walden,Barrand,wbarrandp6@senate.gov,1,Económica,Medio,Admitido,Alto,,Alto,false,11/17/2000,Terapia individual,11/9/2007,Económica,8/26/2011,false
867393,Jean,Fletcher,jfletcherp7@hatena.ne.jp,2,Psicosocial,Muy bajo,Nuevo,Bajo,3/2/2022,Medio,true,2/17/2017,Terapia individual,12/10/2009,Académica,3/14/2005,false
476755,Sheree,Loyndon,sloyndonp8@merriam-webster.com,4,Académica,Alto,Admitido,Bajo,7/20/2002,Medio,true,1/5/2000,Otro,6/27/2009,Económica,5/15/2007,false
918642,Zenia,Barby,zbarbyp9@cornell.edu,3,Múltiple,Medio,Nuevo,Medio,8/29/2001,Muy Bajo,true,4/30/2015,Talleres psicosociales,12/10/2009,Psicosocial,7/9/2022,false
572809,Lowrance,Rizziello,lrizziellopa@wufoo.com,8,Académica,Medio,Media académica,Alto,4/29/2014,Muy Bajo,false,12/10/2020,Terapia individual,10/11/2010,Económica,5/5/2016,false
530813,Andie,Colbert,acolbertpb@dedecms.com,9,Múltiple,Muy alto,Media académica,Alto,7/15/2020,Alto,false,11/24/2008,Asesoría grupal,4/2/2006,Económica,11/1/2011,true
731125,Ynes,Hamblen,yhamblenpc@instagram.com,8,Académica,Muy bajo,Admitido,Alto,2/19/2016,Alto,true,4/24/2018,Asesoría grupal,11/20/2011,Académica,11/10/2022,false
458548,Nero,Tapley,ntapleypd@archive.org,1,Psicosocial,Medio,Media académica,Bajo,3/6/2021,Muy Bajo,false,2/23/2003,Asesoría grupal,8/1/2021,Múltiple,12/28/2021,false
461756,Emanuel,Ruperti,erupertipe@blogspot.com,6,Múltiple,Medio,Admitido,Medio,4/6/2019,Medio,false,12/12/2000,Asesoría grupal,3/4/2007,Académica,2/16/2000,true
692146,Verena,Pattle,vpattlepf@walmart.com,4,Económica,Medio,Nuevo,Bajo,4/5/2010,Medio,true,5/7/2017,Otro,12/26/2002,Múltiple,10/29/2021,true
249629,Mariele,Rosenfarb,mrosenfarbpg@jigsy.com,2,Académica,Muy bajo,Media académica,Bajo,7/14/2001,Muy Bajo,true,1/3/2014,Actividades de autocuidado,7/17/2001,Psicosocial,3/2/2013,true
588236,Elias,Monksfield,emonksfieldph@hubpages.com,9,Múltiple,Muy bajo,Media académica,Bajo,3/26/2022,Medio,false,7/20/2015,Talleres psicosociales,11/12/2012,Económica,9/12/2012,true
868503,Raeann,Malecky,rmaleckypi@ucoz.ru,9,Psicosocial,Bajo,Nuevo,Medio,8/29/2008,Muy Bajo,true,3/16/2019,Actividades de autocuidado,5/3/2002,Económica,7/20/2013,false
341192,Dulcinea,Pidgley,dpidgleypj@sphinn.com,1,Múltiple,Alto,Nuevo,Bajo,8/19/2018,Alto,true,5/8/2003,Talleres psicosociales,9/10/2018,Múltiple,9/19/2003,false
487188,Noach,Gluyas,ngluyaspk@google.it,8,Académica,Muy alto,Nuevo,Bajo,10/14/2004,Medio,false,9/1/2013,Talleres psicosociales,1/19/2010,Psicosocial,10/30/2013,false
397217,Hermione,Kyberd,hkyberdpl@samsung.com,10,Múltiple,Medio,Nuevo,Bajo,5/21/2016,Bajo,false,8/24/2020,Terapia individual,11/22/2007,Económica,8/27/2001,true
575059,Zechariah,Ison,zisonpm@tinypic.com,6,Múltiple,Alto,Nuevo,Bajo,1/26/2001,Bajo,false,8/16/2007,Talleres psicosociales,9/18/2019,Múltiple,3/23/2018,true
856269,Hollyanne,Sexti,hsextipn@bizjournals.com,7,Económica,Bajo,Media académica,Bajo,1/30/2006,Muy Bajo,false,10/5/2010,Terapia individual,3/28/2015,Académica,1/30/2000,false
713718,Lesley,Snasdell,lsnasdellpo@jiathis.com,1,Psicosocial,Bajo,Media académica,Alto,9/3/2001,Bajo,true,8/14/2007,Talleres psicosociales,1/28/2009,Psicosocial,10/1/2012,false
491903,Gordan,McVey,gmcveypp@shareasale.com,4,Múltiple,Medio,Admitido,Alto,9/27/2012,Bajo,true,8/20/2001,Asesoría grupal,4/6/2006,Económica,12/19/2018,true
284190,Arron,Folds,afoldspq@spotify.com,7,Económica,Muy bajo,Admitido,Medio,12/16/2007,Medio,true,8/27/2016,Terapia individual,12/12/2017,Económica,1/11/2019,false
173167,Lolly,Templman,ltemplmanpr@marriott.com,2,Académica,Muy bajo,Media académica,Alto,1/12/2019,Alto,false,7/18/2017,Talleres psicosociales,8/5/2014,Académica,5/8/2013,true
235740,Gisele,McGettigan,gmcgettiganps@msu.edu,5,Económica,Medio,Nuevo,Bajo,8/29/2018,Bajo,false,7/27/2004,Asesoría grupal,8/25/2005,Económica,2/22/2002,true
279729,Tasia,Gabby,tgabbypt@examiner.com,3,Múltiple,Muy alto,Admitido,Alto,7/24/2020,Bajo,false,12/1/2017,Terapia individual,7/21/2003,Económica,6/29/2017,false
173125,Keary,Mavin,kmavinpu@tinypic.com,9,Múltiple,Bajo,Media académica,Bajo,9/9/2021,Muy Bajo,true,10/30/2005,Actividades de autocuidado,9/28/2013,Académica,2/28/2002,false
664396,Jeremie,Sams,jsamspv@behance.net,2,Múltiple,Muy bajo,Media académica,Alto,10/19/2014,Medio,false,10/15/2018,Actividades de autocuidado,4/25/2013,Académica,9/17/2017,true
254211,Rolf,Granville,rgranvillepw@last.fm,6,Psicosocial,Bajo,Media académica,Alto,11/24/2022,Alto,true,1/5/2005,Terapia individual,10/24/2007,Económica,5/12/2006,false
352600,Rancell,Panniers,rpannierspx@moonfruit.com,8,Económica,Alto,Nuevo,Bajo,3/29/2014,Alto,true,11/15/2010,Terapia individual,4/30/2007,Múltiple,11/18/2014,false
822821,Bernardine,Coffee,bcoffeepy@ocn.ne.jp,1,Económica,Medio,Nuevo,Bajo,2/4/2003,Muy Bajo,false,9/30/2007,Otro,12/28/2009,Múltiple,2/19/2007,true
242203,Lorita,Bigmore,lbigmorepz@geocities.jp,4,Psicosocial,Alto,Nuevo,Bajo,9/6/2016,Bajo,false,8/31/2002,Actividades de autocuidado,7/9/2018,Económica,12/19/2006,false
249240,Layney,Frie,lfrieq0@xing.com,7,Múltiple,Muy alto,Admitido,Bajo,1/1/2010,Bajo,false,7/8/2001,Talleres psicosociales,10/4/2019,Psicosocial,1/3/2009,false
245488,Maddy,Torres,mtorresq1@va.gov,10,Académica,Alto,Admitido,Medio,1/19/2022,Alto,false,2/21/2006,Terapia individual,2/24/2021,Psicosocial,7/8/2015,true
578785,Meredeth,Porter,mporterq2@mlb.com,1,Múltiple,Medio,Media académica,Medio,2/23/2008,Bajo,false,9/14/2003,Asesoría grupal,11/27/2004,Múltiple,1/24/2003,true
705542,Sidonnie,Pusill,spusillq3@weibo.com,5,Psicosocial,Bajo,Admitido,Medio,4/21/2021,Muy Bajo,false,7/13/2020,Otro,9/14/2009,Económica,11/11/2014,false
559210,Eadith,Simoens,esimoensq4@cbc.ca,7,Múltiple,Alto,Media académica,Alto,5/26/2016,Bajo,false,8/5/2020,Asesoría grupal,2/29/2016,Académica,8/12/2012,true
757465,Kerwinn,Jago,kjagoq5@nhs.uk,8,Múltiple,Medio,Media académica,Bajo,,Medio,false,10/18/2001,Actividades de autocuidado,5/22/2009,Múltiple,8/12/2013,false
937026,Stormi,Wootton,swoottonq6@youtube.com,10,Múltiple,Bajo,Admitido,Bajo,7/13/2013,Medio,false,5/1/2021,Terapia individual,7/29/2015,Académica,7/28/2003,false
407596,Julia,Jeandon,jjeandonq7@hc360.com,9,Económica,Muy alto,Media académica,Bajo,7/30/2020,Bajo,true,6/3/2017,Otro,7/28/2022,Múltiple,10/7/2017,true
738027,Xaviera,Beadnell,xbeadnellq8@tripadvisor.com,10,Psicosocial,Medio,Admitido,Bajo,2/21/2006,Bajo,true,4/21/2008,Actividades de autocuidado,8/9/2012,Psicosocial,4/17/2000,true
734018,Ora,Thonason,othonasonq9@flavors.me,4,Económica,Medio,Media académica,Bajo,8/15/2013,Alto,false,10/15/2010,Asesoría grupal,6/6/2014,Múltiple,8/13/2015,false
353908,Rollo,Copperwaite,rcopperwaiteqa@abc.net.au,4,Psicosocial,Alto,Admitido,Bajo,5/6/2018,Medio,true,1/30/2012,Otro,9/6/2001,Múltiple,4/17/2000,false
326014,April,Labusquiere,alabusquiereqb@edublogs.org,2,Académica,Medio,Media académica,Medio,6/7/2001,Medio,false,11/3/2011,Actividades de autocuidado,7/27/2019,Múltiple,7/16/2003,true
848560,Gan,Widdison,gwiddisonqc@pinterest.com,1,Múltiple,Muy alto,Admitido,Medio,8/25/2000,Muy Bajo,true,8/19/2013,Actividades de autocuidado,6/4/2021,Académica,2/2/2009,true
692668,Ira,Haw,ihawqd@epa.gov,10,Económica,Medio,Nuevo,Medio,7/27/2015,Bajo,true,12/2/2022,Actividades de autocuidado,12/26/2011,Psicosocial,7/22/2010,false
663261,Delphine,MacKaig,dmackaigqe@cbsnews.com,10,Psicosocial,Medio,Media académica,Medio,5/11/2007,Muy Bajo,true,3/25/2021,Talleres psicosociales,4/29/2012,Múltiple,12/25/2001,false
287658,Kare,Pena,kpenaqf@whitehouse.gov,7,Académica,Muy alto,Admitido,Medio,,Muy Bajo,true,8/30/2016,Asesoría grupal,12/16/2020,Psicosocial,10/29/2006,true
587729,Reinald,Moat,rmoatqg@parallels.com,1,Múltiple,Alto,Media académica,Medio,11/14/2002,Alto,true,4/16/2021,Asesoría grupal,5/19/2007,Múltiple,5/26/2022,false
817652,Clarita,Edmonston,cedmonstonqh@virginia.edu,7,Psicosocial,Muy alto,Media académica,Medio,7/25/2021,Muy Bajo,true,3/28/2000,Otro,10/8/2008,Múltiple,5/8/2006,true
858025,Pail,Jaffrey,pjaffreyqi@liveinternet.ru,6,Académica,Muy bajo,Nuevo,Alto,2/22/2009,Alto,false,3/17/2016,Otro,4/8/2005,Académica,2/6/2010,true
604508,Helene,Clubb,hclubbqj@archive.org,10,Académica,Muy alto,Media académica,Alto,10/18/2000,Medio,false,9/4/2017,Asesoría grupal,6/6/2016,Académica,2/21/2020,true
260508,Ethelda,Lince,elinceqk@miitbeian.gov.cn,3,Académica,Medio,Admitido,Bajo,8/6/2002,Bajo,true,2/19/2009,Actividades de autocuidado,3/14/2005,Psicosocial,7/30/2020,true
785352,Belinda,Mazzilli,bmazzilliql@yellowpages.com,4,Múltiple,Muy alto,Media académica,Medio,11/24/2012,Muy Bajo,false,7/23/2021,Terapia individual,8/16/2022,Múltiple,9/20/2005,true
250368,Ruthe,Janzen,rjanzenqm@amazonaws.com,6,Psicosocial,Alto,Media académica,Bajo,,Medio,false,8/7/2019,Actividades de autocuidado,3/7/2011,Psicosocial,8/18/2022,false
205811,Sig,Bruhn,sbruhnqn@craigslist.org,1,Psicosocial,Bajo,Media académica,Bajo,11/29/2018,Bajo,true,3/11/2018,Terapia individual,7/31/2005,Académica,3/28/2014,true
348177,Cort,Gautrey,cgautreyqo@dedecms.com,8,Académica,Muy alto,Nuevo,Bajo,5/18/2008,Medio,true,2/13/2016,Actividades de autocuidado,12/26/2005,Psicosocial,12/6/2011,true
512819,Christoforo,Ambrogetti,cambrogettiqp@hugedomains.com,3,Académica,Medio,Admitido,Medio,7/15/2010,Bajo,true,7/6/2004,Terapia individual,3/2/2017,Psicosocial,1/31/2007,true
882931,Jean,Baake,jbaakeqq@theatlantic.com,6,Económica,Muy alto,Media académica,Medio,1/18/2018,Muy Bajo,false,12/1/2018,Talleres psicosociales,6/25/2002,Económica,1/23/2007,true
810118,Shelley,Choke,schokeqr@bandcamp.com,8,Económica,Medio,Admitido,Alto,4/7/2007,Muy Bajo,true,10/21/2013,Talleres psicosociales,11/27/2008,Múltiple,1/19/2004,false
929230,Prent,Sapson,psapsonqs@msn.com,2,Económica,Alto,Media académica,Alto,12/5/2010,Bajo,true,2/3/2008,Asesoría grupal,11/8/2018,Económica,5/7/2002,false
256843,Mead,Stollenhof,mstollenhofqt@de.vu,6,Psicosocial,Muy bajo,Admitido,Bajo,4/9/2022,Muy Bajo,true,1/19/2021,Talleres psicosociales,6/12/2011,Económica,9/20/2016,false
903260,Prissie,Neville,pnevillequ@dell.com,10,Psicosocial,Muy alto,Nuevo,Alto,8/21/2019,Medio,true,5/15/2021,Otro,1/6/2017,Múltiple,6/18/2005,true
692511,Esmaria,Koch,ekochqv@tmall.com,4,Económica,Muy alto,Admitido,Medio,10/22/2007,Bajo,true,10/2/2004,Actividades de autocuidado,7/25/2021,Múltiple,12/27/2021,false
566765,Alberto,Burd,aburdqw@bloomberg.com,1,Psicosocial,Muy bajo,Media académica,Bajo,1/7/2005,Medio,false,7/3/2004,Asesoría grupal,3/13/2022,Múltiple,10/4/2011,false
165628,Zacherie,Kob,zkobqx@shareasale.com,6,Psicosocial,Alto,Media académica,Alto,3/24/2020,Alto,false,2/1/2004,Terapia individual,8/17/2010,Académica,10/6/2010,true
48013,Clyve,Spivie,cspivieqy@wikia.com,8,Psicosocial,Muy alto,Media académica,Bajo,10/30/2022,Bajo,false,8/1/2010,Terapia individual,7/6/2007,Psicosocial,1/30/2003,true
837549,Rossie,Corbishley,rcorbishleyqz@uiuc.edu,3,Académica,Muy bajo,Nuevo,Bajo,8/31/2003,Alto,false,8/22/2014,Actividades de autocuidado,3/20/2020,Psicosocial,2/26/2013,false
448787,Rodi,Ferri,rferrir0@narod.ru,5,Psicosocial,Bajo,Admitido,Alto,11/15/2013,Bajo,false,8/18/2008,Asesoría grupal,9/24/2011,Psicosocial,2/19/2013,true
126701,Erasmus,Wasbey,ewasbeyr1@facebook.com,7,Psicosocial,Muy alto,Nuevo,Bajo,4/12/2006,Medio,false,7/15/2007,Talleres psicosociales,3/28/2009,Académica,3/13/2019,true
458876,Ives,Fenning,ifenningr2@cmu.edu,3,Psicosocial,Muy bajo,Media académica,Medio,8/26/2015,Alto,true,11/7/2021,Asesoría grupal,6/25/2021,Psicosocial,8/21/2000,false
7783,Abbe,Ferneley,aferneleyr3@hugedomains.com,6,Académica,Muy bajo,Media académica,Alto,10/23/2016,Bajo,false,1/20/2011,Terapia individual,8/25/2020,Académica,10/29/2007,true
489003,Wade,Kilcoyne,wkilcoyner4@twitter.com,7,Académica,Bajo,Admitido,Medio,7/30/2009,Medio,false,9/5/2022,Asesoría grupal,6/2/2002,Económica,11/20/2013,false
344417,Emmeline,Schuler,eschulerr5@mysql.com,1,Económica,Muy alto,Nuevo,Alto,3/12/2004,Alto,true,9/4/2004,Otro,8/3/2019,Psicosocial,10/20/2022,true
512946,Chrissie,Grabert,cgrabertr6@yandex.ru,4,Económica,Muy bajo,Admitido,Bajo,6/24/2021,Bajo,false,8/19/2008,Terapia individual,12/15/2009,Académica,12/29/2017,true
43871,Alma,Bissill,abissillr7@drupal.org,7,Académica,Medio,Admitido,Medio,11/22/2001,Alto,true,2/27/2000,Terapia individual,12/23/2009,Académica,5/31/2022,false
628979,Fernanda,Franchi,ffranchir8@slate.com,3,Psicosocial,Muy bajo,Admitido,Bajo,3/15/2019,Muy Bajo,true,2/10/2012,Talleres psicosociales,9/22/2015,Económica,9/21/2013,false
433149,Kaitlin,Placido,kplacidor9@go.com,2,Económica,Alto,Nuevo,Medio,4/24/2015,Alto,false,1/13/2013,Otro,6/9/2015,Múltiple,2/24/2021,true
799662,Lydie,Penchen,lpenchenra@usatoday.com,10,Académica,Medio,Nuevo,Alto,9/2/2019,Muy Bajo,false,8/10/2008,Otro,5/28/2018,Múltiple,3/3/2008,false
284351,Merrielle,Fowlie,mfowlierb@aol.com,1,Múltiple,Alto,Admitido,Bajo,1/29/2019,Medio,true,9/8/2007,Terapia individual,4/11/2008,Psicosocial,6/7/2013,true
291344,Jackie,Tym,jtymrc@abc.net.au,2,Económica,Medio,Nuevo,Bajo,2/10/2011,Alto,false,2/11/2016,Asesoría grupal,3/14/2012,Económica,5/16/2012,true
321344,Randie,Hankin,rhankinrd@usnews.com,3,Académica,Medio,Nuevo,Bajo,4/30/2009,Bajo,true,7/18/2000,Actividades de autocuidado,9/23/2019,Múltiple,8/10/2021,false
321241,Allie,Pothecary,apothecaryre@salon.com,7,Económica,Medio,Admitido,Bajo,10/31/2017,Bajo,true,8/8/2008,Talleres psicosociales,4/15/2016,Económica,9/22/2008,false
392626,Bald,Currie,bcurrierf@pen.io,5,Académica,Muy alto,Admitido,Medio,10/9/2007,Bajo,false,1/25/2004,Terapia individual,4/8/2011,Económica,3/31/2021,true
495731,Rodina,Worsley,rworsleyrg@clickbank.net,7,Académica,Bajo,Nuevo,Medio,6/7/2003,Alto,false,12/26/2022,Otro,7/11/2010,Académica,1/10/2017,true
295280,Pammy,Edleston,pedlestonrh@baidu.com,10,Múltiple,Medio,Nuevo,Medio,9/21/2021,Medio,false,4/8/2008,Asesoría grupal,7/16/2005,Psicosocial,3/1/2007,false
173955,Berte,Jekyll,bjekyllri@rakuten.co.jp,1,Académica,Bajo,Media académica,Medio,1/1/2007,Medio,true,7/3/2019,Actividades de autocuidado,3/4/2017,Académica,12/30/2018,true
706350,Neda,Beswell,nbeswellrj@wikispaces.com,6,Psicosocial,Alto,Nuevo,Alto,12/24/2010,Alto,false,9/27/2014,Otro,3/20/2011,Múltiple,7/25/2017,false
126722,Frederigo,Dudley,fdudleyrk@blogtalkradio.com,9,Psicosocial,Muy bajo,Nuevo,Alto,8/31/2005,Medio,true,6/29/2011,Actividades de autocuidado,10/3/2010,Múltiple,8/13/2020,true
247584,Toni,Murie,tmurierl@unc.edu,2,Psicosocial,Alto,Media académica,Bajo,9/6/2017,Alto,true,9/27/2000,Otro,7/10/2011,Económica,1/29/2007,false
335242,Vance,Southway,vsouthwayrm@yahoo.com,1,Múltiple,Muy alto,Nuevo,Alto,1/23/2010,Bajo,true,3/24/2002,Talleres psicosociales,5/6/2019,Económica,11/29/2013,false
836729,Lenette,Storrs,lstorrsrn@indiegogo.com,1,Múltiple,Medio,Admitido,Medio,12/10/2018,Muy Bajo,false,9/27/2017,Talleres psicosociales,10/8/2017,Económica,12/22/2014,false
788540,Paddy,Nelthropp,pnelthroppro@blog.com,9,Múltiple,Alto,Nuevo,Alto,9/15/2003,Alto,false,3/7/2008,Asesoría grupal,6/10/2009,Múltiple,1/17/2015,true
803786,Theressa,Tattersill,ttattersillrp@zimbio.com,3,Económica,Bajo,Admitido,Alto,6/25/2006,Muy Bajo,false,4/18/2005,Terapia individual,12/16/2013,Psicosocial,8/9/2005,true
6649,Lyndsay,Bice,lbicerq@theglobeandmail.com,9,Económica,Alto,Nuevo,Bajo,1/14/2020,Medio,true,8/28/2006,Asesoría grupal,2/1/2019,Económica,2/20/2021,false
253044,Elicia,Wilsee,ewilseerr@indiegogo.com,8,Psicosocial,Medio,Admitido,Bajo,10/23/2006,Medio,true,7/4/2013,Otro,12/12/2022,Múltiple,8/20/2005,false
50415,Cicily,Romain,cromain0@japanpost.jp,5,Psicosocial,Alto,Media académica,Bajo,6/20/2014,Bajo,true,4/6/2002,Otro,12/1/2007,Económica,3/26/2022,false
470807,Elsinore,Eason,eeason1@irs.gov,8,Múltiple,Medio,Admitido,Alto,,Bajo,false,8/18/2014,Talleres psicosociales,4/21/2003,Económica,,false
352226,Raimundo,Jelphs,rjelphs2@cdc.gov,1,Múltiple,Muy bajo,,Alto,10/19/2002,Medio,true,8/31/2015,Terapia individual,3/9/2002,Económica,2/6/2002,false
546274,Ambrosio,Niesegen,aniesegen3@abc.net.au,,Múltiple,Bajo,Nuevo,Medio,8/5/2001,Alto,false,10/12/2021,Otro,1/13/2020,Académica,4/18/2022,true
419043,Clio,Stockhill,cstockhill4@github.io,7,Múltiple,Muy alto,Media académica,Bajo,9/23/2009,Bajo,false,1/2/2015,Otro,4/8/2007,Múltiple,1/22/2009,true
579589,Ronica,Fellgett,rfellgett5@163.com,5,Económica,Alto,,Bajo,5/23/2006,Medio,true,4/8/2019,Terapia individual,6/8/2021,Múltiple,10/4/2003,false
780146,Timmy,Kenforth,tkenforth6@cocolog-nifty.com,6,Académica,Muy bajo,Media académica,,11/16/2017,Muy Bajo,false,5/19/2011,Actividades de autocuidado,11/14/2021,Psicosocial,7/22/2013,false
853477,Valdemar,Vertigan,vvertigan7@seesaa.net,,Académica,Alto,Media académica,Alto,6/28/2002,Bajo,true,10/8/2020,Talleres psicosociales,6/8/2021,Psicosocial,8/9/2004,false
832369,Robin,Hold,rhold8@boston.com,6,Múltiple,Alto,Nuevo,Medio,9/29/2004,,false,12/13/2009,Actividades de autocuidado,5/13/2000,Económica,12/6/2015,false
240254,,Molineux,umolineux9@washington.edu,4,Económica,Muy bajo,,Medio,11/2/2019,Muy Bajo,true,8/9/2017,Actividades de autocuidado,6/20/2007,Psicosocial,6/16/2011,true
40414,Wynn,Coate,wcoatea@tamu.edu,,Psicosocial,Muy alto,Media académica,Bajo,6/25/2001,Medio,false,4/20/2006,Asesoría grupal,6/17/2017,Económica,5/8/2011,false
229018,Ame,Gullane,agullaneb@wordpress.org,10,Psicosocial,,Media académica,Bajo,7/7/2006,Medio,false,8/11/2001,Otro,8/29/2014,Psicosocial,1/14/2013,true
729917,Kassey,Cowherd,kcowherdc@bluehost.com,7,Económica,Muy alto,Media académica,,6/10/2007,Medio,true,5/12/2019,Terapia individual,5/10/2014,Múltiple,1/3/2007,true
878571,Amye,Minchinton,aminchintond@hao123.com,3,Económica,Muy alto,Nuevo,Bajo,12/28/2008,Medio,,6/3/2012,Terapia individual,4/23/2001,,5/22/2022,false
550369,Sheena,O'Cooney,socooneye@harvard.edu,,Económica,Muy alto,Media académica,Bajo,6/29/2008,Medio,false,8/25/2007,Asesoría grupal,,Académica,12/1/2017,true
721663,Neille,McLaverty,nmclavertyf@vistaprint.com,9,Académica,Alto,Media académica,Bajo,5/10/2008,Bajo,true,3/29/2022,Asesoría grupal,4/30/2003,Psicosocial,,
901395,Dorotea,Zannotelli,dzannotellig@wikia.com,5,Económica,Bajo,Nuevo,Bajo,8/9/2013,Medio,false,10/4/2018,Otro,9/11/2010,Académica,7/30/2022,false
524072,Luigi,Symones,lsymonesh@chicagotribune.com,8,,Bajo,Admitido,Medio,12/30/2009,Muy Bajo,true,1/4/2007,Talleres psicosociales,9/4/2006,Múltiple,8/6/2017,false
352998,Tobiah,,tlabrumi@wp.com,6,Psicosocial,Medio,Nuevo,Alto,4/8/2021,Alto,true,,Actividades de autocuidado,7/26/2019,Académica,9/12/2000,false
624034,Catha,,ccoetzeej@google.pl,2,Económica,Muy bajo,Admitido,Alto,8/26/2013,Bajo,false,9/22/2008,Talleres psicosociales,12/22/2013,Económica,1/6/2006,true
11678,Ebba,Muirhead,emuirheadk@unc.edu,1,Múltiple,,Nuevo,Medio,2/11/2022,Muy Bajo,true,8/22/2006,Actividades de autocuidado,6/1/2000,Académica,9/18/2021,true
963052,Dorothee,,dchallenorl@spotify.com,8,Académica,Bajo,Media académica,Alto,10/27/2013,Bajo,true,1/19/2015,Actividades de autocuidado,,Psicosocial,6/29/2008,true
895045,Phyllida,Dulinty,pdulintym@gravatar.com,4,Psicosocial,Bajo,Media académica,Bajo,12/19/2016,Alto,true,12/8/2009,Asesoría grupal,7/16/2013,Académica,8/17/2013,false
409154,Daria,Roloff,droloffn@last.fm,5,Psicosocial,Bajo,Nuevo,Bajo,6/25/2014,Medio,true,11/27/2010,Otro,5/30/2012,Económica,12/15/2013,
742042,Paddie,Hardson,phardsono@shareasale.com,8,Académica,Medio,Admitido,Bajo,4/30/2003,Bajo,true,2/8/2009,Terapia individual,10/20/2017,Económica,5/2/2006,true
818825,Cornie,Caesman,ccaesmanp@dion.ne.jp,10,Económica,Muy alto,Admitido,Bajo,3/15/2018,Bajo,false,5/2/2011,Actividades de autocuidado,9/2/2004,Múltiple,,true
379667,Arv,Dongles,adonglesq@spotify.com,6,Múltiple,Muy bajo,,Medio,,Medio,true,7/20/2007,Actividades de autocuidado,7/27/2015,Múltiple,4/1/2020,false
788007,Piotr,Millwater,pmillwaterr@fastcompany.com,5,Económica,Medio,Media académica,Medio,5/18/2022,Alto,false,9/6/2005,Asesoría grupal,4/16/2012,Múltiple,4/13/2018,false
841,Pansy,Wharf,pwharfs@simplemachines.org,10,Económica,Medio,Nuevo,,8/29/2015,Muy Bajo,true,7/29/2011,Otro,2/3/2013,Múltiple,4/18/2003,false
848742,Alma,Hagley,ahagleyt@blogs.com,7,Económica,Medio,Media académica,Bajo,12/2/2010,Muy Bajo,false,2/2/2008,Terapia individual,6/23/2021,Psicosocial,1/17/2007,true
816984,Crissy,,cstinchcombeu@wunderground.com,6,Académica,,Nuevo,Bajo,3/12/2011,Medio,,7/19/2008,Talleres psicosociales,9/2/2009,Económica,7/28/2009,false
584754,Harli,Villalta,hvillaltav@cmu.edu,1,Múltiple,Muy alto,Nuevo,Alto,6/30/2010,Medio,true,12/22/2012,,11/12/2022,Académica,8/27/2012,false
282430,Lydia,O' Faherty,lofahertyw@youtu.be,,Múltiple,Muy bajo,Admitido,Medio,10/19/2013,Medio,true,12/14/2003,Talleres psicosociales,2/17/2021,Múltiple,3/17/2003,false
226998,Dewie,Mustill,dmustillx@merriam-webster.com,6,Económica,Medio,Media académica,Alto,,Medio,false,1/22/2007,Terapia individual,10/22/2019,Económica,8/18/2005,true
816686,Lissy,Mickleburgh,lmickleburghy@cdbaby.com,5,Múltiple,Alto,Media académica,Bajo,8/15/2022,Bajo,true,8/10/2005,Terapia individual,7/14/2000,Múltiple,4/8/2010,false
19636,Beckie,Balloch,bballochz@jugem.jp,5,Económica,Medio,Media académica,Medio,9/13/2010,Medio,,4/28/2020,Otro,2/12/2011,Psicosocial,5/17/2008,false
510181,Giorgio,Crumley,gcrumley10@elpais.com,10,Psicosocial,Muy bajo,Nuevo,Medio,7/20/2012,Muy Bajo,true,7/23/2018,Terapia individual,6/16/2019,Académica,1/2/2020,false
106374,Shawna,Macklam,smacklam11@ucla.edu,8,Múltiple,Medio,Admitido,Medio,7/28/2013,Muy Bajo,,3/29/2015,Asesoría grupal,8/12/2004,Múltiple,6/4/2022,false
348883,Melania,Budgen,mbudgen12@engadget.com,8,Académica,Medio,Nuevo,Alto,5/21/2017,Alto,false,9/18/2018,Asesoría grupal,7/30/2011,Múltiple,5/14/2022,false
532176,Elvira,Felix,efelix13@themeforest.net,8,Múltiple,Muy alto,Media académica,Bajo,10/18/2011,Alto,false,6/27/2010,Terapia individual,12/26/2020,Múltiple,1/1/2016,true
541466,Morissa,Crockford,mcrockford14@diigo.com,3,Múltiple,Medio,Nuevo,Bajo,10/6/2021,Medio,true,4/7/2000,Otro,6/7/2022,Múltiple,10/25/2007,false
973713,,Abells,wabells15@webeden.co.uk,9,Académica,Muy alto,Nuevo,,9/23/2002,Medio,true,11/26/2012,Terapia individual,3/15/2004,Económica,1/23/2016,false
812499,Leslie,Mairs,lmairs16@reference.com,6,Múltiple,Alto,Media académica,Alto,1/29/2017,Bajo,true,4/4/2011,Actividades de autocuidado,11/8/2015,Múltiple,6/23/2021,true
749225,Montgomery,Palluschek,mpalluschek17@domainmarket.com,,Múltiple,Bajo,Media académica,,3/7/2001,Alto,true,5/25/2012,Otro,5/18/2001,Múltiple,4/2/2019,true
340480,Patty,Candlish,pcandlish18@statcounter.com,7,Académica,Bajo,Admitido,Alto,1/1/2014,,true,3/18/2012,Actividades de autocuidado,2/1/2013,Académica,12/26/2015,false
890302,Ingar,Landrick,ilandrick19@vkontakte.ru,10,Académica,,Admitido,Bajo,2/2/2003,,true,1/19/2003,Talleres psicosociales,10/2/2011,Económica,4/21/2007,true
34265,Giulia,Sennett,gsennett1a@washington.edu,2,Psicosocial,Muy alto,Media académica,Bajo,11/30/2011,Muy Bajo,false,2/9/2012,Otro,7/25/2014,Económica,2/25/2020,false
127504,Claudian,Werrit,cwerrit1b@php.net,3,Múltiple,Muy alto,Admitido,Bajo,4/23/2010,Alto,true,4/21/2008,Otro,9/16/2020,Múltiple,3/17/2018,false
55957,Betty,Boyfield,bboyfield1c@xing.com,7,Económica,Muy alto,Admitido,,9/8/2019,Alto,false,2/27/2022,Terapia individual,11/29/2002,Psicosocial,8/19/2015,true
10756,Elli,Deeny,edeeny1d@furl.net,5,Múltiple,Muy alto,Admitido,Bajo,11/26/2011,Bajo,false,9/14/2006,Actividades de autocuidado,3/21/2012,Psicosocial,1/15/2009,false
758827,Cynde,Scutt,,7,,Alto,Admitido,Bajo,10/1/2012,Bajo,true,1/26/2012,Actividades de autocuidado,5/15/2018,Económica,6/25/2017,true
608874,Melany,Lemanu,mlemanu1f@miitbeian.gov.cn,4,Múltiple,Alto,Media académica,,4/4/2008,Medio,true,1/12/2013,Terapia individual,5/9/2002,Múltiple,9/14/2017,true
537536,Chaim,Forth,cforth1g@google.co.jp,4,Psicosocial,Alto,Media académica,Alto,8/13/2022,Muy Bajo,false,8/8/2021,Actividades de autocuidado,1/2/2007,Económica,2/17/2015,false
882852,Emanuel,Kahler,ekahler1h@cyberchimps.com,7,Múltiple,Muy bajo,,,9/22/2002,Alto,false,12/5/2006,Asesoría grupal,6/22/2004,Múltiple,6/3/2017,false
703040,Ron,McIlmurray,rmcilmurray1i@bluehost.com,5,Económica,Muy alto,Media académica,Medio,6/9/2012,Bajo,false,5/6/2010,Asesoría grupal,10/3/2013,Múltiple,10/27/2022,false
674667,Somerset,Surgen,ssurgen1j@de.vu,7,Psicosocial,Muy alto,Media académica,Alto,10/26/2016,Medio,true,,Terapia individual,6/18/2006,Psicosocial,1/27/2021,false
496618,Barbara-anne,Kittoe,bkittoe1k@baidu.com,,Psicosocial,Alto,Media académica,Medio,12/10/2009,Bajo,,2/13/2016,,7/8/2003,Múltiple,1/16/2015,false
971860,Sallyann,Darycott,sdarycott1l@dedecms.com,,Económica,Muy alto,,Medio,11/27/2000,Medio,false,6/15/2005,Actividades de autocuidado,3/27/2015,Múltiple,9/23/2010,true
175114,Joelie,Weildish,jweildish1m@usda.gov,4,Económica,,Media académica,Bajo,7/21/2011,Medio,false,2/28/2009,Talleres psicosociales,7/4/2009,Académica,6/12/2020,false
292475,Dwayne,Musk,,1,Económica,,Admitido,Alto,8/1/2000,Medio,false,8/9/2016,Asesoría grupal,1/1/2021,Académica,12/29/2011,true
477463,Glenn,Vasyunin,,4,Económica,Medio,Nuevo,Medio,6/6/2010,Bajo,false,11/24/2005,,6/29/2006,Psicosocial,9/4/2020,true
400655,Beverlie,Toolan,btoolan1p@163.com,9,Económica,,Media académica,Bajo,6/21/2016,Bajo,false,6/1/2013,Actividades de autocuidado,1/21/2017,Múltiple,3/20/2004,false
200267,Fionna,Dwelly,fdwelly1q@printfriendly.com,2,Psicosocial,Medio,,,9/24/2011,Bajo,false,11/11/2005,Actividades de autocuidado,4/1/2002,Psicosocial,1/17/2013,false
176440,Ebeneser,Paszek,epaszek1r@washingtonpost.com,7,,Muy bajo,Media académica,Bajo,4/14/2008,Muy Bajo,,9/3/2013,Asesoría grupal,5/14/2022,Múltiple,2/11/2001,false
290205,,Franek,hfranek1s@list-manage.com,2,Múltiple,Muy bajo,Admitido,Bajo,12/28/2015,Muy Bajo,false,7/29/2009,Talleres psicosociales,3/13/2012,Académica,6/7/2020,true
904589,Astra,,ahuffa1t@ft.com,4,Psicosocial,Bajo,Nuevo,,4/9/2022,Alto,true,2/13/2020,Asesoría grupal,12/24/2010,Psicosocial,12/12/2007,false
981596,Baldwin,Amies,bamies1u@mayoclinic.com,7,Psicosocial,Muy bajo,Nuevo,Alto,4/7/2022,Muy Bajo,true,7/28/2000,Talleres psicosociales,3/28/2007,Económica,6/18/2012,true
30121,Stevy,Shallcross,sshallcross1v@netvibes.com,3,Psicosocial,Muy bajo,,Medio,5/14/2017,,false,8/20/2019,Asesoría grupal,10/16/2019,Académica,9/29/2018,false
193079,Lindi,Crew,lcrew1w@huffingtonpost.com,2,Psicosocial,Bajo,Media académica,Alto,9/14/2004,Medio,false,4/9/2018,Talleres psicosociales,12/23/2015,Económica,11/20/2021,false
372098,Isabeau,,ipattrick1x@mediafire.com,,Múltiple,Muy bajo,Admitido,Bajo,4/18/2020,Muy Bajo,false,10/16/2017,Otro,4/4/2013,Psicosocial,6/4/2008,true
734781,Igor,Jozsef,ijozsef1y@yale.edu,3,Académica,Alto,Admitido,Bajo,12/7/2007,Bajo,true,7/17/2005,Otro,1/12/2017,Académica,10/30/2000,false
345225,Marinna,McAlarney,mmcalarney1z@chron.com,1,Psicosocial,,Nuevo,Alto,1/1/2011,Bajo,true,1/31/2002,Otro,5/24/2014,Académica,9/6/2004,true
130971,Dylan,O'Nowlan,donowlan20@upenn.edu,4,Académica,Muy alto,Nuevo,Bajo,2/1/2003,Bajo,true,4/30/2006,Talleres psicosociales,9/11/2010,Académica,1/18/2022,false
459419,Dexter,Liccardi,dliccardi21@timesonline.co.uk,8,,Muy alto,Admitido,Alto,4/2/2008,Muy Bajo,false,,Terapia individual,5/20/2013,Múltiple,4/28/2006,false
288451,Karna,O'Teague,koteague22@nba.com,10,Académica,Muy alto,,Bajo,11/21/2018,Medio,true,2/14/2015,Otro,11/9/2022,Psicosocial,1/29/2001,false
210885,Ozzy,Lipman,olipman23@wikia.com,5,Psicosocial,Muy alto,Media académica,Bajo,10/12/2001,Muy Bajo,,3/16/2011,Terapia individual,6/22/2015,Múltiple,11/27/2019,false
182987,Chevy,Shafe,cshafe24@nationalgeographic.com,1,,Muy alto,,Alto,6/7/2009,Medio,false,7/28/2017,Otro,3/23/2005,Económica,1/22/2000,true
207296,Hobart,,hakaster25@goo.ne.jp,7,Psicosocial,Medio,Admitido,Medio,5/6/2001,Medio,false,,Otro,6/18/2011,Académica,1/26/2010,false
553078,Farley,Perl,fperl26@last.fm,1,Psicosocial,,Admitido,Bajo,1/2/2022,Muy Bajo,false,2/10/2016,Talleres psicosociales,12/5/2019,Psicosocial,2/25/2008,false
404793,Aurel,Louca,alouca27@seesaa.net,10,Psicosocial,Bajo,Media académica,Medio,3/10/2000,Medio,true,6/29/2019,Actividades de autocuidado,10/24/2008,Múltiple,8/24/2019,
464992,Frederigo,Queyeiro,,10,Psicosocial,Muy alto,Admitido,Bajo,3/14/2014,Alto,false,11/29/2011,Talleres psicosociales,2/14/2004,Múltiple,6/25/2017,true
299642,Zelma,Carabet,zcarabet29@is.gd,6,Académica,Muy bajo,Nuevo,Bajo,4/12/2019,Muy Bajo,false,3/14/2016,,3/1/2021,Psicosocial,4/7/2009,true
770832,Desmond,Pistol,dpistol2a@typepad.com,3,Económica,Muy bajo,Nuevo,,12/3/2005,,true,3/31/2017,Talleres psicosociales,,Económica,4/7/2017,true
728025,Reggie,Di Batista,rdibatista2b@nhs.uk,2,Académica,Muy alto,Media académica,Bajo,12/6/2003,Bajo,false,10/27/2009,Actividades de autocuidado,5/9/2021,Académica,5/15/2004,true
859957,Henrieta,Lancetter,hlancetter2c@dailymail.co.uk,1,,Muy bajo,Nuevo,Alto,3/19/2022,Muy Bajo,true,,Actividades de autocuidado,12/7/2022,Académica,12/25/2006,true
229344,Davidson,Ferrieri,dferrieri2d@ocn.ne.jp,4,Psicosocial,Muy alto,Media académica,,10/15/2007,Bajo,,6/23/2015,Asesoría grupal,3/9/2014,Económica,9/7/2020,false
596512,Klement,Maybery,kmaybery2e@utexas.edu,5,Múltiple,Medio,Admitido,Alto,1/24/2013,Bajo,false,8/25/2014,Actividades de autocuidado,2/9/2008,Económica,2/16/2007,true
55223,Rockie,Boodle,rboodle2f@is.gd,3,Académica,Medio,Media académica,Medio,4/6/2013,Muy Bajo,false,9/10/2016,Asesoría grupal,6/11/2008,Económica,9/28/2006,false
129688,Elset,Masdon,emasdon2g@blogger.com,1,Múltiple,Medio,Nuevo,Bajo,4/18/2019,Medio,false,8/11/2011,Actividades de autocuidado,8/27/2014,Económica,5/21/2015,false
312420,,Ruoss,mruoss2h@huffingtonpost.com,8,Psicosocial,Medio,Nuevo,Alto,9/30/2018,Muy Bajo,true,10/2/2011,Otro,11/8/2014,Académica,4/9/2012,true
771536,Analise,Reightley,areightley2i@zimbio.com,5,Psicosocial,Muy alto,Nuevo,Alto,12/5/2018,Muy Bajo,true,9/30/2002,Talleres psicosociales,10/20/2010,,12/16/2004,true
547898,Melody,Aphale,maphale2j@shutterfly.com,1,Académica,Medio,Media académica,Bajo,5/1/2016,,true,7/2/2015,Talleres psicosociales,1/1/2006,Múltiple,6/17/2003,false
904540,Imogen,Sharper,isharper2k@redcross.org,10,Psicosocial,Muy alto,Admitido,Bajo,8/25/2000,Medio,false,7/16/2005,Asesoría grupal,9/13/2016,Psicosocial,8/24/2004,true
664282,,Soutar,ssoutar2l@cafepress.com,,Múltiple,Muy bajo,,Bajo,12/5/2003,Medio,true,11/27/2012,Terapia individual,5/2/2003,Múltiple,9/27/2000,false
423155,,Coulling,fcoulling2m@networkadvertising.org,2,Múltiple,Muy alto,Nuevo,Alto,9/27/2016,Medio,true,12/1/2016,Asesoría grupal,5/19/2019,,2/10/2000,false
849959,Phebe,Thorn,pthorn2n@businessinsider.com,3,Psicosocial,Medio,Nuevo,Alto,,Bajo,true,7/9/2002,Talleres psicosociales,2/20/2021,Académica,1/6/2001,false
130688,Adrea,Staines,astaines2o@deviantart.com,8,Económica,,Media académica,Bajo,2/17/2006,Muy Bajo,false,6/22/2013,Otro,7/14/2010,Económica,4/2/2005,false
240441,Van,,vkernermann2p@constantcontact.com,3,Múltiple,Alto,Nuevo,Medio,,Muy Bajo,false,7/5/2018,Actividades de autocuidado,11/20/2008,Académica,4/25/2019,false
345159,Sibyl,Padefield,spadefield2q@constantcontact.com,9,Múltiple,Muy alto,Admitido,Bajo,2/27/2006,Bajo,false,12/19/2000,Terapia individual,9/19/2021,Académica,10/26/2016,false
221512,Paten,Seeking,pseeking2r@state.gov,7,,Medio,Nuevo,Alto,3/26/2022,Medio,true,,Otro,5/16/2019,Psicosocial,4/22/2013,true
958278,Nicolette,Meth,nmeth2s@sourceforge.net,2,Académica,Muy bajo,Media académica,Bajo,12/13/2011,Bajo,,,Talleres psicosociales,11/30/2002,Psicosocial,10/10/2022,false
218136,Ari,Lundie,alundie2t@yandex.ru,9,Académica,Bajo,Media académica,Medio,1/2/2010,Bajo,false,1/28/2008,Asesoría grupal,6/21/2022,Múltiple,6/23/2008,true
63841,Edward,,ekilgour2u@wufoo.com,2,Académica,Bajo,Nuevo,,11/2/2002,Muy Bajo,true,5/10/2018,Terapia individual,2/6/2017,Múltiple,11/7/2019,true
246348,Livvie,,lgalton2v@hud.gov,6,Académica,Medio,Media académica,,12/29/2020,Bajo,true,5/15/2008,Talleres psicosociales,3/5/2014,Múltiple,7/31/2017,true
920535,Susann,Hafford,shafford2w@soup.io,6,Múltiple,Medio,Nuevo,,6/16/2022,Medio,false,1/30/2014,Terapia individual,2/22/2018,Económica,7/15/2000,true
552623,,Yourell,byourell2x@4shared.com,2,Económica,Muy alto,Media académica,Medio,11/18/2009,Alto,true,6/9/2015,Talleres psicosociales,5/11/2000,Psicosocial,,false
158,Brose,Grube,bgrube2y@cdbaby.com,2,Psicosocial,Alto,Media académica,Alto,9/7/2000,Alto,true,6/12/2013,Asesoría grupal,12/10/2002,Académica,1/29/2009,false
44557,Sabine,Bartoszinski,sbartoszinski2z@slideshare.net,10,Económica,Muy bajo,Admitido,Bajo,6/15/2016,Bajo,false,1/24/2019,Talleres psicosociales,1/25/2018,Económica,,false
964974,Haywood,Abbatt,habbatt30@bloglines.com,8,Psicosocial,Medio,Nuevo,Medio,12/14/2000,Bajo,true,7/25/2001,Terapia individual,1/15/2006,Económica,3/10/2009,false
225570,Rhetta,Moyser,rmoyser31@zdnet.com,5,Múltiple,Bajo,Admitido,Alto,,Alto,false,7/10/2005,Asesoría grupal,11/14/2005,Múltiple,3/18/2016,false
740032,Aubert,Braker,abraker32@timesonline.co.uk,8,Académica,Bajo,Admitido,Medio,11/13/2008,Muy Bajo,true,2/6/2005,Terapia individual,12/20/2008,Psicosocial,3/17/2008,false
729250,Amargo,Ingliss,aingliss33@creativecommons.org,2,Económica,Muy alto,Admitido,Medio,6/21/2002,Muy Bajo,true,10/24/2020,Asesoría grupal,4/1/2008,Múltiple,5/20/2022,true
404327,Katerine,Gilburt,kgilburt34@clickbank.net,2,Académica,Alto,Nuevo,Alto,11/3/2002,Medio,false,6/29/2016,Actividades de autocuidado,9/30/2010,Psicosocial,5/24/2007,true
411028,,Lindro,flindro35@odnoklassniki.ru,4,Académica,Bajo,,Alto,4/17/2008,Bajo,,4/18/2009,Terapia individual,5/31/2021,Múltiple,5/28/2012,true
882464,Agna,Smetoun,asmetoun36@google.com.hk,5,Múltiple,Muy bajo,Media académica,Alto,11/13/2002,Bajo,false,2/4/2017,Terapia individual,1/11/2005,Académica,12/20/2012,true
930853,Colver,Scrivenor,cscrivenor37@webs.com,2,Económica,Muy alto,Nuevo,Bajo,3/29/2014,Medio,false,4/29/2001,Talleres psicosociales,1/19/2018,Psicosocial,1/23/2015,true
43901,Ofella,Petticrow,opetticrow38@wisc.edu,5,Económica,Muy alto,Admitido,Medio,1/17/2020,Muy Bajo,true,2/18/2009,Asesoría grupal,2/21/2017,Psicosocial,11/9/2005,false
98395,Cthrine,Itzkovich,citzkovich39@buzzfeed.com,2,Académica,Alto,Media académica,Bajo,3/1/2008,Bajo,false,8/6/2015,Otro,4/15/2003,Múltiple,11/12/2017,true
429418,Lauren,Corbishley,lcorbishley3a@bigcartel.com,1,Psicosocial,Muy alto,,,3/19/2013,Muy Bajo,false,1/21/2013,Terapia individual,9/9/2001,Múltiple,9/13/2001,true
670946,,Farrall,afarrall3b@marriott.com,8,Económica,Bajo,Nuevo,Bajo,6/18/2003,Alto,false,3/6/2018,Terapia individual,1/3/2016,,3/10/2008,true
470867,Berry,,bstenbridge3c@photobucket.com,3,Económica,Bajo,Admitido,Bajo,5/30/2020,Bajo,false,8/16/2020,Talleres psicosociales,11/30/2019,Académica,9/13/2019,false
948763,Corissa,Maplethorp,cmaplethorp3d@buzzfeed.com,6,Académica,Muy alto,Media académica,Alto,5/4/2002,Alto,true,2/24/2010,Terapia individual,2/8/2014,Múltiple,1/27/2001,false
641123,Melony,Vass,mvass3e@unesco.org,2,Múltiple,Alto,,,6/23/2020,Alto,true,6/11/2002,Terapia individual,3/17/2010,,3/31/2007,true
362846,Asa,Orred,aorred3f@fema.gov,10,Psicosocial,Muy alto,Media académica,Medio,6/16/2013,Bajo,false,4/1/2008,Talleres psicosociales,9/28/2006,Académica,2/17/2016,false
968892,Buck,Hyman,bhyman3g@dailymail.co.uk,6,Económica,Alto,Admitido,Alto,5/11/2019,Medio,true,12/31/2019,Talleres psicosociales,2/1/2002,Económica,11/19/2014,true
485957,Burtie,Bossom,bbossom3h@sfgate.com,1,Económica,Bajo,Admitido,,3/28/2005,Muy Bajo,false,4/20/2019,Actividades de autocuidado,5/6/2000,,1/1/2008,false
91504,Nickola,Karpeev,nkarpeev3i@dailymotion.com,,Múltiple,Medio,Media académica,,1/3/2004,Medio,false,5/20/2004,Terapia individual,2/27/2018,Psicosocial,6/26/2013,true
390064,Ingeborg,Peeters,ipeeters3j@yellowpages.com,,Académica,Medio,Admitido,Bajo,6/17/2007,Muy Bajo,,9/7/2016,Actividades de autocuidado,4/12/2007,Múltiple,5/30/2020,true
393031,Pip,Gogerty,pgogerty3k@comsenz.com,,Psicosocial,Bajo,Admitido,Alto,1/23/2008,Medio,true,4/11/2004,Talleres psicosociales,,Académica,8/27/2016,true
19426,Brady,Pischoff,bpischoff3l@ustream.tv,,,Medio,Media académica,Alto,,Alto,true,12/21/2002,Otro,7/2/2006,Psicosocial,4/22/2006,true
525743,Spencer,Eilert,seilert3m@techcrunch.com,3,Económica,Alto,,Medio,9/10/2011,Alto,true,3/14/2013,Talleres psicosociales,7/3/2020,Psicosocial,10/13/2004,true
192792,Aland,Castaner,,5,,,Nuevo,Bajo,10/27/2006,Bajo,true,9/15/2020,Terapia individual,3/4/2018,Económica,3/11/2005,false
943760,Andrea,Heathcote,aheathcote3o@simplemachines.org,8,,Muy alto,Nuevo,,8/6/2018,Bajo,true,4/1/2008,Terapia individual,11/10/2021,Económica,2/18/2006,false
729307,Brook,Dredge,bdredge3p@pcworld.com,,Económica,Alto,Admitido,Bajo,6/21/2012,Muy Bajo,true,3/1/2013,Talleres psicosociales,7/23/2012,Económica,2/13/2008,true
845631,Phoebe,Toxell,ptoxell3q@alibaba.com,1,Múltiple,Alto,Nuevo,Bajo,5/5/2008,Alto,false,10/28/2003,,11/11/2004,Múltiple,8/17/2001,false
750166,Towney,Blanche,tblanche3r@apache.org,2,Académica,Muy bajo,,Bajo,5/7/2007,Bajo,,3/6/2010,Otro,11/10/2016,Múltiple,,true
807699,Vick,McDermott,,6,Múltiple,Medio,Admitido,Bajo,4/25/2000,Muy Bajo,true,9/25/2019,Asesoría grupal,7/17/2000,Psicosocial,4/10/2018,false
518285,,Courteney,jcourteney3t@webnode.com,,Psicosocial,,Nuevo,Bajo,4/5/2004,Bajo,true,6/17/2020,Talleres psicosociales,7/28/2013,Múltiple,10/5/2014,true
634937,Glennis,,gfullerlove3u@de.vu,10,Psicosocial,Alto,Admitido,Bajo,10/8/2002,Alto,true,2/17/2002,Actividades de autocuidado,5/17/2017,,9/22/2011,false
85351,,Berzins,mberzins3v@de.vu,5,Psicosocial,Bajo,Admitido,Bajo,,Bajo,false,10/17/2006,,4/11/2015,,4/26/2022,true
826700,Nelson,Ripley,nripley3w@wisc.edu,7,Múltiple,Medio,Nuevo,Bajo,1/10/2010,Muy Bajo,false,3/31/2008,Talleres psicosociales,6/26/2014,Psicosocial,,true
872439,Felike,Doncom,fdoncom3x@imgur.com,,Académica,Alto,Nuevo,Alto,7/25/2012,Medio,,,Actividades de autocuidado,10/8/2008,Psicosocial,5/14/2022,false
821218,Aindrea,Jacquest,ajacquest3y@yelp.com,5,Económica,Medio,Nuevo,Medio,2/16/2005,Alto,true,10/6/2006,Terapia individual,6/4/2003,Múltiple,4/19/2021,false
902035,Lezlie,Rendall,lrendall3z@nih.gov,7,Psicosocial,Alto,Admitido,Medio,7/22/2014,Medio,false,4/14/2009,Otro,2/17/2015,Psicosocial,11/27/2006,false
454765,Miranda,,mgossling40@flavors.me,6,Múltiple,Muy alto,Nuevo,Bajo,1/2/2000,Bajo,false,3/4/2001,Terapia individual,9/18/2003,Económica,,true
895556,Cross,Mulroy,cmulroy41@tumblr.com,9,Psicosocial,,Media académica,Bajo,4/25/2012,Muy Bajo,false,,Terapia individual,8/14/2013,Académica,5/10/2000,true
870562,Merci,Hasloch,mhasloch42@dailymotion.com,4,Económica,Muy alto,Media académica,,8/17/2001,Muy Bajo,true,6/21/2012,Otro,9/20/2022,Económica,10/3/2007,true
495428,Mareah,,mlettington43@ibm.com,4,,Muy alto,Nuevo,Medio,7/20/2009,Medio,false,10/21/2004,Otro,2/29/2020,Psicosocial,1/16/2018,true
977736,Rhetta,Burkitt,rburkitt44@ocn.ne.jp,,Académica,Medio,,Bajo,7/13/2003,Muy Bajo,true,3/21/2011,Otro,9/9/2021,Múltiple,,true
326661,,Rathbourne,erathbourne45@nhs.uk,,Múltiple,Muy bajo,Media académica,Alto,,Alto,false,2/28/2013,Asesoría grupal,4/21/2021,Académica,7/13/2006,false
341136,,Liddington,wliddington46@amazon.com,4,Académica,,Admitido,Bajo,10/27/2011,Alto,true,,Asesoría grupal,12/21/2011,,11/2/2011,true
650837,Marcie,Laurant,mlaurant47@unicef.org,10,Económica,Alto,Media académica,Medio,12/18/2019,Bajo,false,12/12/2020,Actividades de autocuidado,7/30/2021,Múltiple,3/9/2021,false
48080,Denys,Froom,dfroom48@yolasite.com,3,Académica,Bajo,Nuevo,Bajo,10/20/2022,Bajo,false,2/10/2014,Actividades de autocuidado,7/27/2019,Múltiple,4/29/2013,true
773191,Jemimah,Morford,jmorford49@edublogs.org,9,Económica,Bajo,Nuevo,Bajo,8/22/2001,Medio,,4/29/2016,Asesoría grupal,9/21/2016,Psicosocial,4/13/2021,true
290556,Gil,Kos,gkos4a@qq.com,1,Múltiple,Muy alto,Admitido,,6/12/2014,Muy Bajo,true,4/6/2006,Talleres psicosociales,11/3/2019,Académica,10/3/2013,false
847794,Rozalin,Frigot,rfrigot4b@shinystat.com,1,Psicosocial,,,Bajo,2/2/2005,,true,8/7/2015,Otro,7/14/2017,,2/10/2008,false
48274,Ramon,Bowry,rbowry4c@netscape.com,,Psicosocial,,Admitido,Medio,8/13/2011,Alto,true,6/29/2002,Asesoría grupal,11/16/2013,Económica,11/19/2015,false
877350,Demeter,McKellar,dmckellar4d@friendfeed.com,3,Psicosocial,,Nuevo,Alto,4/16/2005,Alto,false,1/19/2013,Terapia individual,12/12/2020,Psicosocial,3/19/2013,false
924668,Kath,Roze,kroze4e@zdnet.com,1,Psicosocial,Muy bajo,Nuevo,Alto,10/7/2019,Bajo,,8/31/2010,Terapia individual,5/17/2022,Psicosocial,4/15/2006,true
906398,Irvin,Brislawn,ibrislawn4f@howstuffworks.com,8,Académica,Bajo,,Alto,4/7/2010,Medio,false,5/12/2014,Talleres psicosociales,10/30/2014,Psicosocial,12/2/2002,false
937148,Ganny,Campaigne,gcampaigne4g@google.nl,7,Académica,Bajo,Media académica,Bajo,1/16/2014,Bajo,,12/30/2002,Terapia individual,2/25/2008,Económica,2/12/2010,false
477142,Winfield,Dixcey,wdixcey4h@forbes.com,,Múltiple,Bajo,Admitido,Alto,2/1/2006,Muy Bajo,false,7/25/2018,Terapia individual,12/4/2015,Académica,5/2/2010,false
206014,Cassi,Culbard,cculbard4i@forbes.com,,Académica,,Media académica,Bajo,2/14/2007,Bajo,true,9/12/2022,Terapia individual,6/8/2000,Económica,6/25/2005,true
768327,Giacomo,Fatkin,gfatkin4j@i2i.jp,3,Psicosocial,Bajo,Nuevo,Medio,8/10/2015,Alto,true,10/5/2015,Asesoría grupal,12/10/2012,Psicosocial,3/4/2014,true
70331,Germaine,Stolz,gstolz4k@nature.com,7,Múltiple,Bajo,,Alto,7/11/2007,Muy Bajo,false,10/9/2010,Terapia individual,4/18/2000,Académica,4/21/2013,false
173886,Janene,Durrance,jdurrance4l@psu.edu,3,Académica,Muy bajo,Nuevo,Bajo,3/25/2013,Muy Bajo,true,1/19/2020,Actividades de autocuidado,3/1/2021,Académica,7/6/2000,false
68497,Waylan,Pendell,wpendell4m@skyrock.com,10,Psicosocial,Medio,Nuevo,Bajo,3/2/2012,Bajo,true,8/29/2008,Terapia individual,6/30/2022,Psicosocial,7/9/2004,false
82757,Gaspard,Scripps,gscripps4n@weather.com,3,Académica,Medio,Media académica,Medio,8/4/2000,Medio,true,11/1/2011,Actividades de autocuidado,12/23/2009,Académica,6/26/2009,true
848354,Abram,Druhan,adruhan4o@blogspot.com,,Económica,Muy bajo,Media académica,Bajo,7/21/2007,Bajo,true,4/13/2014,Asesoría grupal,9/17/2005,Psicosocial,2/25/2012,true
508636,Erich,Frascone,efrascone4p@surveymonkey.com,4,Psicosocial,Bajo,Admitido,Medio,,Bajo,true,12/5/2010,,9/6/2022,Psicosocial,,false
576264,Elisabeth,Flescher,,4,Académica,,Admitido,Bajo,6/30/2021,Medio,true,5/4/2016,Actividades de autocuidado,2/19/2003,Académica,6/30/2011,true
444178,Dennet,Bishop,dbishop4r@youku.com,,,,Media académica,Bajo,3/30/2001,Alto,true,,Terapia individual,8/18/2003,Económica,9/19/2022,true
542620,Artus,Witchell,awitchell4s@acquirethisname.com,4,Múltiple,,Nuevo,Alto,,Alto,,7/18/2006,Otro,11/2/2014,Múltiple,1/4/2009,false
788780,Aurel,Pirazzi,apirazzi4t@chicagotribune.com,1,Académica,Medio,Admitido,Bajo,7/30/2022,Medio,true,9/29/2013,Actividades de autocuidado,7/29/2003,Psicosocial,3/23/2010,true
558794,Leesa,Bikker,lbikker4u@constantcontact.com,7,,Bajo,Media académica,Medio,3/7/2020,Medio,false,11/13/2004,Talleres psicosociales,4/4/2006,Psicosocial,5/12/2002,false
449805,Kellina,Elvey,kelvey4v@about.me,7,Económica,Muy bajo,Nuevo,Bajo,7/6/2006,Medio,false,2/5/2019,Actividades de autocuidado,3/15/2014,Psicosocial,8/10/2012,true
917738,Berenice,Robelin,brobelin4w@1und1.de,7,Múltiple,Medio,Admitido,Bajo,2/11/2005,Alto,true,3/12/2008,Otro,3/21/2022,Académica,1/22/2021,false
436757,Kalil,Timmins,ktimmins4x@purevolume.com,6,Económica,Bajo,Media académica,,7/7/2014,Muy Bajo,false,11/20/2007,Asesoría grupal,,Psicosocial,8/1/2009,false
247575,Aline,Gravett,,5,Académica,Muy bajo,Media académica,Medio,10/23/2018,,false,6/12/2008,Talleres psicosociales,8/9/2010,Múltiple,12/24/2014,false
301427,Huntington,Ambrosch,hambrosch4z@smugmug.com,5,Económica,Medio,Nuevo,Bajo,8/24/2009,Muy Bajo,true,7/22/2000,Otro,9/26/2015,Académica,,false
316242,Candie,Ferenczy,cferenczy50@ibm.com,9,Económica,Bajo,Media académica,,11/29/2018,Bajo,true,6/12/2019,Otro,4/5/2020,Múltiple,9/23/2005,false
614250,,MacCallum,tmaccallum51@answers.com,2,Académica,Medio,Admitido,Alto,1/30/2021,Medio,true,4/10/2009,Actividades de autocuidado,9/10/2001,Psicosocial,4/15/2010,true
767804,,Bellenie,cbellenie52@ovh.net,9,Psicosocial,Bajo,Admitido,Medio,9/30/2003,Alto,true,6/7/2002,Talleres psicosociales,9/22/2021,Económica,,true
69109,Rob,Danielsson,rdanielsson53@aboutads.info,4,Psicosocial,Muy bajo,Nuevo,,9/14/2009,Medio,false,,Asesoría grupal,6/17/2000,Psicosocial,8/9/2022,true
814973,Grady,Vaune,gvaune54@tripod.com,8,Múltiple,Muy bajo,Admitido,,10/27/2017,Alto,true,4/15/2014,,1/13/2004,Económica,10/17/2017,false
364553,Celestyna,Petel,cpetel55@dmoz.org,8,Múltiple,Bajo,Admitido,Bajo,4/1/2008,Muy Bajo,true,1/9/2007,Otro,8/18/2018,Múltiple,11/27/2002,false
253193,Daniella,Dalrymple,,4,Múltiple,Alto,Nuevo,,1/26/2004,Medio,true,7/21/2002,Actividades de autocuidado,,Económica,11/4/2001,true
220184,Calley,Wybern,cwybern57@bbb.org,2,Académica,Muy alto,Nuevo,Alto,9/26/2020,Medio,true,2/25/2022,Terapia individual,5/31/2011,Múltiple,11/3/2015,true
974830,Lorenza,Glewe,lglewe58@ustream.tv,6,Económica,Alto,Admitido,Alto,8/1/2014,Alto,true,4/15/2014,Otro,1/23/2002,Múltiple,2/9/2020,false
597578,Chico,Boltwood,cboltwood59@artisteer.com,3,Psicosocial,Bajo,Nuevo,Medio,9/24/2007,,false,5/21/2005,Asesoría grupal,3/20/2015,Psicosocial,2/12/2002,true
414498,Corissa,Leghorn,cleghorn5a@un.org,8,Psicosocial,Medio,Admitido,Medio,,Alto,false,1/22/2016,Talleres psicosociales,10/28/2022,Académica,1/2/2002,true
658508,Jules,Sotham,jsotham5b@wikimedia.org,3,Psicosocial,Alto,Admitido,,12/30/2018,Muy Bajo,false,10/10/2005,Actividades de autocuidado,9/28/2000,,7/11/2018,false
302732,Lib,,ljorez5c@google.co.jp,10,Múltiple,Alto,Nuevo,Alto,3/12/2011,Medio,false,4/23/2014,Otro,9/3/2015,Múltiple,2/19/2000,true
371732,Margarete,Wason,,1,Económica,Alto,Nuevo,Alto,9/28/2020,Medio,true,6/23/2019,Otro,9/23/2019,Psicosocial,11/13/2019,true
905591,Felix,Soonhouse,fsoonhouse5e@mapy.cz,7,Múltiple,Medio,Nuevo,Alto,2/28/2016,Alto,false,6/19/2000,Terapia individual,3/31/2006,Económica,1/24/2016,true
392388,Tamera,Griffithe,tgriffithe5f@gizmodo.com,5,Económica,Alto,,Alto,11/2/2010,Bajo,false,1/29/2015,Otro,9/15/2012,Psicosocial,1/28/2007,false
203188,Emmott,Dealey,edealey5g@hugedomains.com,2,Académica,,Admitido,Medio,,Bajo,true,8/22/2014,Otro,,Psicosocial,9/12/2021,false
528158,Ruby,Bunstone,rbunstone5h@ask.com,1,Psicosocial,Alto,Media académica,Medio,7/13/2004,Muy Bajo,,4/2/2003,Otro,12/18/2016,Económica,5/20/2018,true
133377,Tedmund,Edelheit,tedelheit5i@jimdo.com,9,Múltiple,Muy bajo,Admitido,Alto,8/18/2003,Medio,false,5/10/2005,Talleres psicosociales,12/2/2022,,6/14/2017,false
277230,Hoebart,Mulderrig,hmulderrig5j@apache.org,7,Psicosocial,Muy bajo,Media académica,Bajo,1/5/2002,Muy Bajo,,5/11/2021,Talleres psicosociales,4/1/2020,Múltiple,8/3/2008,true
211616,Charyl,Fouch,cfouch5k@uol.com.br,4,Académica,Medio,Nuevo,Alto,11/8/2002,Bajo,true,6/29/2020,Asesoría grupal,9/26/2016,Económica,5/21/2002,true
334430,Letizia,Doni,ldoni5l@baidu.com,8,Psicosocial,Bajo,Nuevo,Bajo,2/28/2001,Alto,true,10/16/2021,Asesoría grupal,5/20/2011,Múltiple,4/21/2018,false
350340,Dianne,Parcells,dparcells5m@usa.gov,7,Económica,Medio,,Medio,1/1/2000,Alto,false,11/16/2011,Asesoría grupal,12/1/2019,Psicosocial,3/30/2008,true
391124,Gwyn,Espy,gespy5n@godaddy.com,8,Académica,,Nuevo,Alto,12/20/2010,,true,12/6/2015,Talleres psicosociales,1/17/2006,Económica,10/19/2013,false
104357,Rennie,Aberkirdo,raberkirdo5o@linkedin.com,7,Económica,Alto,Media académica,Alto,9/25/2002,Medio,true,3/27/2012,Otro,6/30/2012,Económica,7/16/2015,true
418221,Victoir,Bensley,vbensley5p@squidoo.com,7,Múltiple,Bajo,Nuevo,Bajo,5/1/2021,Bajo,true,3/4/2010,,6/20/2011,Múltiple,6/16/2002,false
895101,Hunt,Walworth,hwalworth5q@pagesperso-orange.fr,,Económica,Medio,Admitido,Alto,8/2/2012,Medio,false,6/20/2009,Actividades de autocuidado,3/31/2017,Académica,,false
339857,Dyane,Blackleech,dblackleech5r@ed.gov,9,,Muy alto,Admitido,Bajo,10/7/2005,Alto,true,7/23/2020,Talleres psicosociales,12/12/2009,Psicosocial,4/3/2008,true
77260,Valina,Olliffe,volliffe5s@networksolutions.com,,Múltiple,Muy bajo,Admitido,Alto,11/15/2017,Alto,false,11/11/2002,Asesoría grupal,4/8/2004,Psicosocial,5/27/2010,true
773910,Nicolas,Lergan,nlergan5t@dot.gov,3,Académica,Alto,Nuevo,Alto,4/25/2021,Muy Bajo,true,4/4/2014,Asesoría grupal,10/6/2002,Múltiple,5/10/2014,false
253656,Hugh,Jesson,,2,Psicosocial,Alto,Nuevo,Bajo,12/3/2010,Alto,false,10/29/2015,Asesoría grupal,7/13/2015,Económica,12/8/2018,true
974280,,Sadat,esadat5v@smugmug.com,,,Alto,,Alto,11/2/2020,Alto,,,Otro,1/30/2019,Académica,12/7/2008,true
257762,Pamella,Oxborough,poxborough5w@networkadvertising.org,5,,Bajo,Media académica,Bajo,12/14/2007,Medio,true,7/22/2002,Terapia individual,9/30/2002,Académica,12/17/2006,true
638101,Beauregard,Metzing,bmetzing5x@chron.com,6,Múltiple,Bajo,Nuevo,Medio,9/9/2002,Muy Bajo,false,3/23/2007,Actividades de autocuidado,5/1/2016,Psicosocial,4/23/2018,false
225081,Miguelita,Castella,mcastella5y@deviantart.com,7,Académica,Alto,Media académica,Bajo,8/22/2012,Alto,false,10/28/2005,Actividades de autocuidado,4/6/2009,Académica,3/27/2005,true
40324,Nelie,Skews,nskews5z@sciencedirect.com,5,Económica,Muy bajo,Admitido,Medio,3/30/2011,Muy Bajo,true,7/21/2013,Otro,6/27/2000,Múltiple,10/19/2009,true
906993,Ulick,Brawn,ubrawn60@t.co,1,Múltiple,Muy bajo,Admitido,Bajo,9/15/2000,Alto,false,3/10/2020,Actividades de autocuidado,9/9/2017,,7/14/2001,true
970748,,Gales,sgales61@blinklist.com,10,Académica,Alto,Media académica,Alto,3/23/2005,Medio,false,,Talleres psicosociales,7/18/2012,Académica,11/17/2016,false
297635,Langston,Veryan,lveryan62@delicious.com,2,Económica,Alto,Media académica,Medio,9/12/2001,Muy Bajo,true,7/23/2007,Actividades de autocuidado,11/13/2014,Económica,1/3/2004,false
245300,Blondy,Easterbrook,beasterbrook63@ehow.com,3,Académica,Bajo,Media académica,Bajo,8/29/2011,Medio,true,1/19/2016,Terapia individual,3/3/2005,Económica,10/7/2005,true
564757,Wain,Matejic,wmatejic64@skyrock.com,6,Económica,Muy alto,,Bajo,10/16/2002,Muy Bajo,false,6/25/2009,Actividades de autocuidado,8/27/2001,Económica,9/20/2020,true
79092,Berti,,bbetonia65@opera.com,8,Académica,Alto,Nuevo,Alto,8/28/2015,Alto,true,5/12/2017,Asesoría grupal,11/9/2006,Académica,5/18/2012,false
264071,Fin,Eckly,feckly66@columbia.edu,,Múltiple,,,,8/31/2000,Bajo,false,11/11/2021,Terapia individual,7/15/2009,Económica,5/1/2005,false
912361,Shurwood,Archbell,sarchbell67@google.cn,7,Económica,Muy alto,Nuevo,Bajo,6/19/2003,Muy Bajo,false,,Actividades de autocuidado,9/22/2022,Económica,10/28/2017,true
731682,Travers,Allwood,tallwood68@sfgate.com,3,Económica,Alto,Nuevo,Medio,3/14/2016,Medio,false,6/14/2012,Terapia individual,10/19/2006,Psicosocial,6/20/2006,false
412818,Benedicta,Fantham,bfantham69@cbc.ca,5,Académica,Muy alto,Media académica,,10/20/2016,Alto,false,8/21/2020,Actividades de autocuidado,12/4/2001,Académica,2/15/2000,true
56450,Caesar,Quare,cquare6a@indiegogo.com,7,Múltiple,Medio,Nuevo,Bajo,7/2/2012,Bajo,true,2/28/2008,Terapia individual,7/19/2021,Psicosocial,4/1/2015,true
271647,Brion,Itzkovitch,bitzkovitch6b@ycombinator.com,7,,Medio,Nuevo,Bajo,6/18/2012,Alto,true,12/11/2015,Terapia individual,11/4/2014,Económica,,true
588250,Willa,Penhalewick,wpenhalewick6c@gravatar.com,4,Académica,Bajo,Admitido,Alto,1/12/2011,Alto,false,10/12/2010,Otro,6/6/2002,Psicosocial,1/22/2010,true
706597,Wilona,Blakesley,wblakesley6d@blogs.com,2,Múltiple,Muy bajo,Media académica,Bajo,3/4/2002,Medio,,7/13/2013,Talleres psicosociales,8/15/2006,Académica,11/18/2016,true
312141,Katlin,Garley,kgarley6e@guardian.co.uk,1,Económica,Muy alto,Media académica,Bajo,8/10/2000,Bajo,false,3/7/2019,Terapia individual,9/29/2016,Académica,1/28/2013,true
3056,Isidoro,Staker,istaker6f@slideshare.net,6,Académica,Medio,Admitido,Bajo,10/20/2001,Bajo,false,9/22/2014,Otro,9/6/2019,Psicosocial,11/27/2020,false
449537,Norrie,MacGilfoyle,nmacgilfoyle6g@ezinearticles.com,4,Académica,Bajo,Media académica,Alto,5/8/2008,Alto,false,11/18/2002,Talleres psicosociales,6/13/2006,Psicosocial,7/10/2009,true
608771,Tierney,Walak,twalak6h@joomla.org,9,Económica,,Nuevo,Bajo,5/24/2005,Muy Bajo,true,11/22/2019,Actividades de autocuidado,5/31/2003,Económica,1/6/2014,true
310726,Pooh,Bartod,pbartod6i@ebay.co.uk,10,Académica,Medio,Media académica,,12/6/2010,Alto,false,12/15/2009,Otro,11/6/2018,Psicosocial,4/3/2022,true
330544,Milicent,Skirling,mskirling6j@godaddy.com,10,Múltiple,Muy alto,,Bajo,11/17/2018,Muy Bajo,true,5/4/2015,Asesoría grupal,9/19/2011,Académica,2/17/2021,false
757081,Edwina,,ehan6k@yahoo.co.jp,10,Psicosocial,Muy bajo,Media académica,Bajo,6/14/2006,Alto,false,10/8/2009,Terapia individual,5/5/2008,Académica,5/7/2005,false
938579,Alyss,de Marco,ademarco6l@sfgate.com,10,Académica,Bajo,,,1/21/2001,Alto,true,4/26/2014,Asesoría grupal,7/17/2003,Múltiple,8/27/2022,false
198360,Jyoti,Whittet,jwhittet6m@netvibes.com,4,Psicosocial,Alto,Nuevo,Alto,2/3/2002,Muy Bajo,false,5/12/2009,Asesoría grupal,8/28/2014,Económica,9/11/2010,false
406219,Bat,,bmcalarney6n@scientificamerican.com,5,Académica,Muy alto,Nuevo,Bajo,4/16/2003,Medio,false,10/28/2018,Actividades de autocuidado,4/19/2003,Económica,3/29/2006,true
149158,Dario,Farnall,dfarnall6o@de.vu,9,Múltiple,Muy alto,Nuevo,Medio,8/7/2016,,true,9/14/2003,Actividades de autocuidado,,Económica,11/6/2006,true
866526,Georges,Springall,gspringall6p@etsy.com,5,Psicosocial,Medio,Admitido,,4/15/2004,Medio,,3/31/2003,Otro,6/2/2014,Múltiple,1/30/2001,false
670715,Niles,Chattelaine,nchattelaine6q@stumbleupon.com,7,Económica,Alto,Admitido,Alto,5/17/2006,Muy Bajo,false,4/19/2002,Otro,5/3/2019,,5/1/2011,true
233126,Cleo,Hickisson,,8,Psicosocial,Alto,Media académica,Bajo,11/26/2003,Bajo,true,9/26/2000,Otro,5/20/2012,Académica,,true
551899,Henrieta,Cradock,hcradock6s@vistaprint.com,10,Académica,Alto,Media académica,Medio,8/28/2021,,true,4/20/2022,Talleres psicosociales,11/29/2014,Múltiple,7/3/2006,true
179756,Edith,,,8,Académica,Muy alto,Media académica,,1/1/2009,Muy Bajo,true,7/12/2020,Terapia individual,11/29/2022,Psicosocial,9/8/2018,true
895665,Gary,Denty,,5,,,Admitido,Bajo,12/4/2019,Medio,true,9/8/2007,Talleres psicosociales,1/18/2018,Académica,2/8/2000,false
243407,Veronique,Scolts,,10,Psicosocial,Muy bajo,Admitido,Medio,10/26/2003,Muy Bajo,false,11/29/2013,Asesoría grupal,9/20/2000,Múltiple,4/25/2001,true
152639,Basia,Meriguet,bmeriguet6w@reuters.com,4,Psicosocial,,Admitido,Alto,12/9/2002,Bajo,false,6/13/2008,Terapia individual,7/30/2017,Académica,3/30/2011,false
767923,Stafani,Kilmurray,,9,Psicosocial,Alto,Media académica,Alto,,Medio,false,,Actividades de autocuidado,10/5/2009,Múltiple,3/14/2020,false
767427,Lauren,Lightbourne,,,Académica,,Media académica,,1/20/2011,Medio,false,6/29/2002,Otro,8/15/2003,Psicosocial,1/25/2017,true
749092,,Rotherforth,mrotherforth6z@amazon.com,1,Económica,,Media académica,Bajo,5/5/2004,Medio,true,10/21/2018,Terapia individual,12/29/2012,Económica,8/26/2013,false
700094,Orelia,Gunda,ogunda70@tinyurl.com,3,Económica,Bajo,,Alto,1/6/2001,Muy Bajo,true,4/5/2019,Otro,1/20/2005,Múltiple,7/29/2006,true
809959,Aretha,Vallentin,avallentin71@hubpages.com,10,Psicosocial,Alto,Admitido,Bajo,12/5/2003,Medio,,7/3/2011,Terapia individual,,Académica,7/13/2022,false
926120,Sophi,Jewell,sjewell72@berkeley.edu,5,Económica,Medio,,Alto,6/18/2002,Bajo,false,4/14/2021,Asesoría grupal,2/5/2006,Académica,8/7/2015,true
504714,Dev,Le Grand,dlegrand73@ucoz.ru,10,Académica,Bajo,Admitido,Alto,3/29/2019,Muy Bajo,true,1/23/2000,Actividades de autocuidado,11/27/2009,Psicosocial,8/21/2013,false
148904,Man,Pavlenkov,mpavlenkov74@themeforest.net,,Psicosocial,Muy bajo,,,12/25/2007,,false,8/17/2003,Terapia individual,12/13/2009,Psicosocial,2/9/2017,false
395308,Enrichetta,Rodbourne,erodbourne75@github.com,5,Múltiple,Bajo,Media académica,Bajo,4/28/2006,Alto,false,2/19/2019,Terapia individual,1/28/2007,Económica,4/14/2000,false
439653,Kane,Widdowson,kwiddowson76@canalblog.com,5,,Muy alto,Media académica,Bajo,12/13/2016,Medio,,5/31/2018,Asesoría grupal,4/18/2018,Psicosocial,8/10/2012,false
543653,Aeriela,Sidary,asidary77@seesaa.net,7,Psicosocial,Medio,Admitido,,12/9/2018,Medio,false,5/14/2010,,9/16/2005,Económica,11/5/2021,true
773665,Madalyn,Verne,mverne78@hubpages.com,5,Psicosocial,Muy bajo,Admitido,Alto,7/8/2021,Alto,true,4/7/2002,Talleres psicosociales,,Psicosocial,12/24/2018,false
613158,Brice,Gelderd,bgelderd79@vimeo.com,,Económica,Muy bajo,Media académica,Bajo,6/11/2008,Muy Bajo,false,7/9/2005,Terapia individual,11/29/2004,Psicosocial,5/1/2016,true
603247,Gillan,Cordner,gcordner7a@mapquest.com,7,Académica,Alto,Admitido,Medio,1/29/2012,Bajo,false,5/7/2022,Actividades de autocuidado,10/8/2011,Psicosocial,4/6/2019,true
357304,Hermy,Samwayes,hsamwayes7b@auda.org.au,9,,Alto,Nuevo,Bajo,11/28/2017,Medio,false,11/20/2002,Asesoría grupal,12/26/2014,Múltiple,12/18/2005,true
287090,Lovell,Edworthye,,6,Económica,Medio,Nuevo,Bajo,10/27/2007,Bajo,true,8/12/2013,Actividades de autocuidado,4/27/2016,Académica,9/25/2009,false
326493,Archibold,Pulham,apulham7d@taobao.com,2,Académica,Muy bajo,Nuevo,Medio,7/24/2002,Alto,,10/4/2007,Terapia individual,1/22/2020,Psicosocial,12/19/2005,true
511564,Ingeborg,Duchan,iduchan7e@about.me,4,Económica,Alto,,Alto,,Medio,false,9/19/2005,Asesoría grupal,8/11/2021,Académica,8/13/2013,true
211526,Isador,Coltman,icoltman7f@webnode.com,1,Académica,,Nuevo,,2/14/2017,,true,11/2/2009,,2/15/2001,Económica,1/6/2007,true
181763,Corrina,Lamberti,clamberti7g@ucoz.com,7,Económica,Medio,Admitido,Bajo,7/6/2001,Medio,false,,Talleres psicosociales,1/30/2003,Psicosocial,10/10/2005,true
901371,Moritz,Arndt,marndt7h@reddit.com,6,Académica,,Nuevo,Alto,10/20/2000,Muy Bajo,false,8/28/2007,Talleres psicosociales,11/19/2008,Académica,9/12/2002,true
37449,Dredi,Mattosoff,dmattosoff7i@a8.net,1,Académica,Muy bajo,Nuevo,Bajo,10/30/2009,Medio,true,5/6/2000,Otro,8/16/2015,Psicosocial,8/30/2019,true
453606,Lucius,Mattaus,lmattaus7j@stumbleupon.com,8,Económica,Alto,Nuevo,Bajo,8/9/2002,Muy Bajo,false,2/9/2013,Terapia individual,3/15/2007,Psicosocial,4/13/2007,true
402849,,Sicily,rsicily7k@rediff.com,,Múltiple,Medio,Nuevo,Medio,4/3/2012,Muy Bajo,true,6/22/2005,Terapia individual,1/31/2012,Económica,10/12/2001,true
47426,Lorrayne,Bartels-Ellis,lbartelsellis7l@mit.edu,3,Psicosocial,,Nuevo,,4/2/2016,Bajo,true,5/25/2010,Actividades de autocuidado,8/28/2016,Académica,10/9/2019,false
890423,Edan,Drake,edrake7m@so-net.ne.jp,7,Múltiple,,Admitido,Alto,10/10/2005,Bajo,true,1/17/2004,Actividades de autocuidado,6/5/2009,Psicosocial,6/28/2001,true
988369,Lance,Tunnicliffe,ltunnicliffe7n@princeton.edu,3,Académica,Alto,,Bajo,10/4/2017,Medio,true,6/1/2004,Talleres psicosociales,1/17/2010,Múltiple,2/19/2001,true
400506,Marin,Copson,mcopson7o@fda.gov,10,Económica,Muy bajo,Admitido,Medio,4/4/2013,Alto,false,,Asesoría grupal,12/13/2005,Académica,10/25/2018,false
199550,Peyter,Soaper,psoaper7p@time.com,10,Académica,Bajo,Media académica,,8/23/2004,Medio,true,2/22/2018,Otro,12/6/2011,,9/19/2022,false
242564,Eveleen,Sowerbutts,esowerbutts7q@pcworld.com,8,Académica,Muy alto,Nuevo,Bajo,8/11/2005,Muy Bajo,false,3/28/2019,Terapia individual,3/31/2012,Múltiple,6/27/2009,false
37655,Milo,Endle,mendle7r@vkontakte.ru,7,Académica,Medio,Media académica,Medio,1/22/2005,Muy Bajo,true,10/9/2006,Otro,7/9/2002,Múltiple,1/6/2001,true
482585,Viv,Dow,vdow7s@livejournal.com,9,Económica,Bajo,,Alto,12/19/2017,Medio,true,4/8/2001,Talleres psicosociales,1/11/2005,Académica,2/19/2003,false
972280,Yorke,,yellaway7t@com.com,9,Académica,Medio,Admitido,Alto,12/1/2009,Medio,false,6/13/2014,Actividades de autocuidado,3/6/2019,,9/13/2008,false
518262,Vin,Clymo,vclymo7u@people.com.cn,9,Múltiple,Bajo,Nuevo,Alto,1/24/2017,,true,8/13/2004,Terapia individual,6/27/2002,Económica,3/7/2003,true
425386,Tally,Ledamun,tledamun7v@flavors.me,8,Académica,Bajo,Nuevo,Bajo,6/21/2008,Bajo,false,10/13/2003,Actividades de autocuidado,3/15/2012,Económica,7/22/2009,false
907989,Gran,Asman,gasman7w@twitter.com,,Psicosocial,Muy bajo,,,3/5/2006,Medio,true,11/28/2017,Terapia individual,4/13/2019,Psicosocial,11/18/2015,true
495094,Emmalyn,Gowthorpe,egowthorpe7x@dagondesign.com,5,Psicosocial,Muy alto,Admitido,Alto,6/7/2017,Bajo,true,6/19/2006,Asesoría grupal,1/20/2022,Psicosocial,6/24/2013,false
651651,Kira,Gobell,kgobell7y@answers.com,5,Psicosocial,Medio,Admitido,,6/28/2005,Bajo,,7/29/2006,Otro,10/10/2022,Múltiple,10/9/2010,true
423441,Meir,Stirtle,mstirtle7z@about.me,,Múltiple,Bajo,Nuevo,,7/28/2008,Medio,true,10/31/2019,Otro,3/12/2007,Económica,4/8/2013,false
726378,Cortie,Rains,crains80@microsoft.com,10,Económica,Alto,Nuevo,Bajo,11/16/2002,Bajo,false,5/6/2000,Actividades de autocuidado,2/1/2010,Psicosocial,12/12/2006,true
985880,Marcelia,Dykas,mdykas81@foxnews.com,8,Psicosocial,Alto,,Medio,1/3/2021,Muy Bajo,false,8/7/2003,,3/7/2012,Psicosocial,4/1/2003,false
810774,Eduardo,Wyse,ewyse82@quantcast.com,1,Económica,Medio,,Bajo,3/22/2007,Bajo,true,11/3/2017,Actividades de autocuidado,1/28/2017,Económica,5/29/2012,true
35242,Archie,Stoyle,astoyle83@twitter.com,7,Psicosocial,Medio,,Bajo,,Bajo,false,12/5/2008,Terapia individual,12/31/2006,Académica,,false
595523,Devondra,Dumingo,ddumingo84@wikipedia.org,,Psicosocial,Muy alto,,Alto,7/26/2012,Medio,true,11/24/2008,Terapia individual,9/20/2020,Económica,1/20/2012,true
14976,,Dradey,pdradey85@slashdot.org,7,Psicosocial,Alto,Admitido,Alto,7/21/2019,Medio,true,3/2/2020,Actividades de autocuidado,,Psicosocial,,false
492267,Fin,Luthwood,fluthwood86@ihg.com,9,Múltiple,Alto,Admitido,Bajo,1/31/2015,Medio,true,10/19/2003,Otro,4/2/2009,,6/20/2013,false
488471,Leann,Aleksahkin,laleksahkin87@narod.ru,8,Psicosocial,Medio,Admitido,Alto,6/21/2020,Alto,true,9/24/2017,Otro,5/28/2001,Psicosocial,8/6/2006,false
687748,Ethelred,Dani,edani88@yolasite.com,2,Académica,Muy bajo,Admitido,,1/7/2013,Medio,true,11/20/2006,Otro,1/17/2016,Económica,2/1/2012,false
798449,Allan,Budnk,abudnk89@ask.com,8,,Medio,Nuevo,Medio,8/16/2000,Medio,true,9/11/2012,Asesoría grupal,3/25/2001,Múltiple,9/27/2001,true
478126,Antoni,Piff,apiff8a@com.com,7,Académica,Alto,Media académica,Medio,12/21/2006,Bajo,false,3/2/2001,Terapia individual,7/20/2011,Académica,5/8/2021,false
75214,Ginnie,Oxton,goxton8b@reddit.com,3,Académica,Medio,Admitido,Alto,12/3/2020,Medio,true,11/7/2019,Actividades de autocuidado,12/16/2001,Académica,,true
899638,Giralda,Broadwood,gbroadwood8c@oaic.gov.au,4,Académica,Bajo,Media académica,Alto,6/2/2007,Alto,true,1/18/2012,Talleres psicosociales,4/13/2008,Múltiple,11/21/2013,true
746361,Shem,Lias,slias8d@w3.org,6,Múltiple,Bajo,Nuevo,Bajo,3/3/2010,Medio,false,12/26/2019,Talleres psicosociales,6/11/2006,,5/4/2016,true
610332,Holly,Slograve,hslograve8e@domainmarket.com,2,Múltiple,Muy alto,Media académica,Bajo,4/27/2010,Alto,false,,Asesoría grupal,,Económica,3/8/2018,false
5385,Emilio,O'Teague,eoteague8f@oracle.com,8,Múltiple,Muy alto,Admitido,Medio,1/4/2010,Medio,,10/25/2016,Actividades de autocuidado,9/24/2008,Múltiple,2/11/2017,true
992206,Jere,Camamile,jcamamile8g@ibm.com,9,Económica,Muy alto,Nuevo,Alto,11/18/2017,Bajo,false,5/14/2013,Talleres psicosociales,5/10/2018,Académica,7/26/2005,false
590055,Derk,Cassidy,dcassidy8h@mail.ru,5,Múltiple,Muy alto,Admitido,Alto,4/8/2010,,false,7/6/2021,Asesoría grupal,6/22/2018,Económica,9/28/2020,true
384997,Brigitta,Howerd,bhowerd8i@senate.gov,5,Múltiple,Bajo,Media académica,Alto,2/22/2007,Bajo,false,4/20/2011,Terapia individual,2/20/2021,Psicosocial,6/3/2016,false
242972,Dido,Bruhke,dbruhke8j@reddit.com,9,Económica,Muy bajo,Nuevo,Alto,3/25/2006,Medio,false,5/28/2015,Talleres psicosociales,5/19/2014,Psicosocial,1/9/2019,
303525,Marcel,Culshew,mculshew8k@epa.gov,4,Múltiple,,Admitido,Medio,1/22/2003,Muy Bajo,false,1/15/2003,Actividades de autocuidado,11/30/2007,Múltiple,6/6/2011,true
640268,Allyce,O'Nolan,aonolan8l@linkedin.com,8,Psicosocial,Bajo,Nuevo,Medio,10/30/2017,Alto,false,7/22/2002,Terapia individual,7/26/2000,Económica,10/8/2015,false
474798,Ariel,,akelf8m@dagondesign.com,7,Múltiple,Bajo,,Bajo,9/11/2014,Alto,true,8/16/2010,Actividades de autocuidado,11/6/2022,Múltiple,3/7/2006,true
587949,Esmeralda,Graith,egraith8n@theglobeandmail.com,5,Psicosocial,Muy bajo,Media académica,Medio,9/3/2019,Alto,false,7/29/2002,Talleres psicosociales,10/2/2018,Académica,2/18/2001,true
201552,Thorin,Bampforth,tbampforth8o@uol.com.br,,Psicosocial,,Admitido,Bajo,5/16/2013,Bajo,false,8/23/2015,Actividades de autocuidado,7/23/2017,Académica,10/2/2006,true
470915,Constantin,Yon,cyon8p@dmoz.org,10,Psicosocial,Bajo,Media académica,Medio,11/4/2014,Alto,true,6/5/2007,Terapia individual,5/30/2007,Académica,9/2/2009,false
317211,Malory,de Amaya,mdeamaya8q@uiuc.edu,9,Académica,Bajo,Admitido,,2/23/2018,Medio,true,12/28/2017,Otro,8/12/2019,Psicosocial,1/26/2015,true
442145,Sybille,De Blasi,sdeblasi8r@symantec.com,2,Académica,Bajo,Admitido,Alto,12/29/2008,Bajo,true,2/28/2002,Otro,9/12/2008,Académica,2/9/2020,true
159085,Shalna,Tocher,stocher8s@jimdo.com,4,Académica,Alto,Admitido,Alto,10/3/2010,Alto,false,4/2/2011,Terapia individual,12/20/2015,Académica,5/4/2017,true
23300,Craggie,Pridmore,cpridmore8t@hexun.com,7,Académica,Alto,Media académica,Alto,8/1/2011,Alto,false,3/9/2019,Talleres psicosociales,9/22/2000,Psicosocial,6/13/2003,true
596018,,Olle,golle8u@sfgate.com,8,Académica,Medio,Admitido,Medio,11/30/2017,Bajo,,11/26/2013,Terapia individual,6/26/2006,Psicosocial,12/11/2006,true
597528,Anita,Gimbrett,agimbrett8v@diigo.com,9,Múltiple,,Media académica,Medio,1/9/2008,Medio,true,3/30/2016,Asesoría grupal,6/5/2001,Académica,2/8/2012,false
284893,Caro,Greeding,cgreeding8w@tinyurl.com,7,Múltiple,Bajo,Media académica,,6/29/2004,Alto,false,11/20/2016,Asesoría grupal,10/8/2014,Psicosocial,8/30/2015,true
31386,Hamel,Puleston,hpuleston8x@hatena.ne.jp,10,Múltiple,Bajo,Media académica,Medio,3/15/2000,Alto,true,4/13/2015,Asesoría grupal,6/15/2001,Psicosocial,4/6/2001,false
76256,Pattin,Sondland,,4,Psicosocial,Alto,Nuevo,Bajo,1/14/2011,Muy Bajo,false,1/22/2015,Talleres psicosociales,4/27/2011,Psicosocial,3/24/2017,false
825206,Winifred,Davidy,wdavidy8z@studiopress.com,,Psicosocial,Muy alto,,Alto,3/5/2019,Alto,true,,Otro,3/9/2000,Psicosocial,6/13/2012,true
117461,Louis,Boyson,lboyson90@microsoft.com,9,Psicosocial,Bajo,Nuevo,,10/16/2003,Alto,true,3/28/2019,Talleres psicosociales,5/12/2020,Académica,3/27/2001,true
347536,Neils,Sone,nsone91@independent.co.uk,7,Múltiple,Medio,Media académica,Bajo,10/10/2017,Medio,false,8/6/2013,Otro,3/27/2010,Académica,6/15/2018,false
673628,Sloane,Eveleigh,seveleigh92@nature.com,4,Psicosocial,Muy bajo,Nuevo,,11/12/2011,Medio,true,7/17/2012,Otro,9/18/2016,Académica,3/16/2009,false
282499,,Leward,eleward93@i2i.jp,2,,Muy alto,Admitido,Bajo,2/27/2010,Medio,true,7/14/2005,Talleres psicosociales,2/23/2001,Académica,6/24/2013,false
360010,Armand,Sarver,asarver94@ocn.ne.jp,10,Económica,Muy alto,Nuevo,Alto,1/24/2003,,false,9/19/2003,Asesoría grupal,4/13/2008,Múltiple,9/20/2015,false
672398,Amalita,Kemwall,akemwall95@blogger.com,10,Académica,Muy bajo,Admitido,Bajo,11/1/2018,Muy Bajo,true,1/4/2003,Asesoría grupal,7/10/2019,Múltiple,4/14/2000,false
20807,,Negri,,6,Psicosocial,Medio,,Bajo,7/23/2020,Medio,false,9/23/2014,Otro,8/26/2009,Académica,5/23/2012,false
447344,Donn,Sandbach,dsandbach97@tiny.cc,1,Psicosocial,,Nuevo,,7/3/2013,,true,8/24/2006,Actividades de autocuidado,4/10/2014,Múltiple,9/13/2013,false
363141,Salomo,,,,Múltiple,Muy bajo,Nuevo,Alto,4/2/2007,,false,11/14/2011,Actividades de autocuidado,11/2/2004,Múltiple,5/17/2019,false
259793,Gabriello,Angove,gangove99@sourceforge.net,6,Económica,Muy bajo,Nuevo,Bajo,7/13/2020,Bajo,false,8/28/2017,Talleres psicosociales,6/24/2017,Psicosocial,9/11/2020,false
892625,Orton,Ayrton,oayrton9a@time.com,8,Académica,Bajo,Media académica,Bajo,4/26/2016,Bajo,false,1/4/2000,Asesoría grupal,4/25/2019,Académica,,false
400811,Alanah,Walwood,awalwood9b@rakuten.co.jp,7,Económica,Muy alto,Nuevo,,9/24/2014,Bajo,false,6/9/2011,Terapia individual,8/23/2015,Psicosocial,11/22/2007,true
374205,Jo,Doulden,jdoulden9c@domainmarket.com,4,Múltiple,Bajo,Media académica,,5/27/2005,Bajo,false,4/11/2016,Actividades de autocuidado,11/24/2008,Múltiple,8/29/2005,false
728024,Aviva,Lawtey,alawtey9d@stanford.edu,7,Económica,Alto,Admitido,Medio,1/20/2002,Muy Bajo,false,11/12/2014,Actividades de autocuidado,11/6/2005,,8/31/2020,true
930236,Hildegaard,Warke,hwarke9e@reference.com,5,Psicosocial,,,Medio,7/12/2002,Alto,false,2/6/2016,Terapia individual,1/26/2014,,8/26/2013,true
45770,Stormi,Crecy,screcy9f@amazon.co.jp,2,Múltiple,Medio,Admitido,Bajo,4/26/2000,Bajo,false,9/9/2018,Talleres psicosociales,,Psicosocial,,false
726279,Gregorio,Cunniam,gcunniam9g@nydailynews.com,2,Psicosocial,Bajo,,Bajo,5/8/2010,Medio,true,6/19/2012,Terapia individual,12/26/2006,Académica,,false
903760,Jennee,Measures,jmeasures9h@omniture.com,3,Psicosocial,Muy alto,Nuevo,Bajo,11/7/2002,Muy Bajo,true,4/14/2012,Asesoría grupal,7/1/2000,Múltiple,1/21/2020,true
605532,Ase,Lauritsen,alauritsen9i@latimes.com,,Académica,,Media académica,Medio,2/22/2012,Alto,false,8/23/2008,Actividades de autocuidado,7/4/2013,Psicosocial,12/24/2005,false
868237,Cozmo,Edy,cedy9j@github.com,2,Psicosocial,,Admitido,Alto,,Muy Bajo,true,3/9/2022,Asesoría grupal,10/23/2001,Psicosocial,7/2/2021,true
112842,Yvonne,Carss,ycarss9k@yellowbook.com,5,Psicosocial,Alto,,Bajo,12/19/2001,Alto,false,9/4/2000,Otro,7/28/2001,Económica,4/13/2009,false
672564,Shaine,Alldre,salldre9l@trellian.com,5,Académica,Muy bajo,Media académica,Alto,6/24/2012,Bajo,true,5/15/2016,Asesoría grupal,12/16/2002,Académica,,false
651331,Mercie,Yanyshev,myanyshev9m@tinyurl.com,1,Psicosocial,Muy alto,Admitido,Bajo,,Alto,false,2/6/2004,Terapia individual,5/29/2019,Económica,9/26/2006,true
298583,Mylo,Lunny,mlunny9n@aboutads.info,,Múltiple,Alto,Media académica,Bajo,7/30/2019,Alto,false,12/17/2007,Otro,4/10/2009,Psicosocial,8/14/2004,false
926513,Troy,Morican,,4,Económica,Alto,Media académica,Bajo,2/27/2018,Muy Bajo,false,12/10/2006,Terapia individual,10/1/2010,Económica,9/20/2007,true
21925,Anne-marie,Ridewood,aridewood9p@rediff.com,10,Psicosocial,Alto,Admitido,Medio,7/23/2011,Medio,true,12/15/2006,Otro,10/20/2018,Académica,,true
597129,,Winters,gwinters9q@unblog.fr,2,,Alto,Admitido,Bajo,6/3/2014,Muy Bajo,true,2/21/2016,Asesoría grupal,9/4/2015,Académica,6/1/2008,false
9191,,Farfoot,bfarfoot9r@geocities.jp,10,Múltiple,,Admitido,Medio,,Bajo,true,11/24/2022,Talleres psicosociales,6/2/2007,Económica,5/26/2005,true
679893,Renard,Chieco,rchieco9s@google.cn,10,Psicosocial,Medio,Nuevo,Alto,3/3/2001,Alto,false,8/1/2010,Talleres psicosociales,6/11/2014,,11/13/2007,true
174300,Brett,Lanfere,blanfere9t@wiley.com,6,Económica,Alto,Admitido,Alto,,Alto,true,4/25/2003,Otro,9/12/2010,Económica,12/5/2013,false
839887,Barbabra,Cliss,bcliss9u@webmd.com,1,Académica,,Admitido,Medio,4/8/2013,Muy Bajo,false,4/18/2016,Talleres psicosociales,5/5/2001,Múltiple,6/15/2000,
840957,Kort,Parton,kparton9v@uol.com.br,9,Psicosocial,,Nuevo,Alto,7/1/2000,Alto,false,5/19/2000,Talleres psicosociales,12/5/2012,Múltiple,2/5/2018,true
611862,Erasmus,Stiegar,estiegar9w@mac.com,3,Económica,Muy bajo,Media académica,Bajo,7/23/2003,,,10/11/2002,Actividades de autocuidado,7/3/2003,Psicosocial,5/14/2015,true
57052,Sholom,Ault,sault9x@deliciousdays.com,6,,Medio,Admitido,Medio,6/29/2003,Muy Bajo,false,9/13/2005,Asesoría grupal,5/19/2022,Académica,5/24/2022,true
951412,Tracy,Petrashov,tpetrashov9y@java.com,8,Psicosocial,Alto,Admitido,Alto,2/12/2020,Alto,,3/25/2020,Terapia individual,5/26/2000,Económica,3/13/2018,true
777785,Janeczka,Zaniolo,jzaniolo9z@reddit.com,2,,Alto,Media académica,Medio,4/3/2011,Alto,true,6/20/2004,Asesoría grupal,8/9/2006,Múltiple,9/25/2014,true
95091,Zack,Pachta,zpachtaa0@washingtonpost.com,8,Económica,Muy bajo,Nuevo,Alto,2/15/2001,Muy Bajo,false,2/10/2022,Terapia individual,12/6/2005,Económica,1/21/2016,false
724491,Ninnette,Davion,ndaviona1@dagondesign.com,2,Académica,Alto,,Medio,,Alto,true,11/2/2003,Terapia individual,,Económica,,true
185848,Bernardine,Tatum,btatuma2@arizona.edu,4,,Muy alto,Nuevo,,1/30/2010,Medio,false,4/26/2003,Terapia individual,11/2/2002,Económica,6/15/2004,false
141333,Laraine,Shurey,lshureya3@dropbox.com,8,Académica,Muy bajo,Media académica,Alto,1/18/2018,Bajo,true,6/7/2007,Asesoría grupal,8/24/2015,Académica,9/1/2015,false
800464,Duane,Lockless,dlocklessa4@ucoz.ru,6,Psicosocial,Muy alto,Admitido,,1/13/2010,Bajo,false,11/27/2004,Talleres psicosociales,6/3/2000,Psicosocial,4/7/2010,true
504469,Fred,Manuele,fmanuelea5@joomla.org,,Psicosocial,Alto,Nuevo,Alto,12/11/2015,Bajo,true,7/1/2020,Actividades de autocuidado,7/31/2004,,3/13/2008,false
926858,Melisenda,Wodham,mwodhama6@tuttocitta.it,3,Múltiple,Medio,Media académica,Alto,1/2/2020,Muy Bajo,,1/29/2016,Asesoría grupal,4/24/2013,Académica,4/18/2003,false
295359,Malynda,,mfisbya7@nydailynews.com,7,Múltiple,Muy alto,Media académica,Medio,6/13/2020,Bajo,true,4/20/2011,Actividades de autocuidado,8/10/2001,Económica,8/23/2022,false
741169,Rey,Clementucci,rclementuccia8@intel.com,5,Psicosocial,Muy bajo,Admitido,,6/28/2019,Medio,,7/6/2003,Talleres psicosociales,10/30/2003,Académica,2/15/2005,false
844986,Finley,Whatling,fwhatlinga9@about.com,7,Psicosocial,Bajo,Nuevo,Bajo,3/20/2013,Medio,true,1/6/2021,,2/12/2017,Académica,4/27/2010,false
949815,,Gent,tgentaa@t.co,8,Múltiple,Muy alto,,Alto,2/13/2006,Muy Bajo,true,6/28/2013,Otro,7/13/2013,Académica,7/1/2011,true
695210,Dasha,Di Giacomo,ddigiacomoab@weebly.com,5,Múltiple,,Nuevo,Bajo,7/1/2017,Medio,false,8/9/2022,Actividades de autocuidado,5/28/2021,Psicosocial,3/10/2020,false
959761,Adriaens,Dickey,adickeyac@google.ca,7,Psicosocial,Medio,Admitido,Alto,3/3/2004,Bajo,true,3/27/2010,Talleres psicosociales,5/26/2012,Económica,9/25/2005,true
770706,Jeannette,Kyneton,jkynetonad@hibu.com,8,Académica,Muy bajo,Media académica,Medio,8/4/2014,Alto,false,3/21/2013,Terapia individual,1/8/2009,Múltiple,,false
708777,Sigfrid,Kaye,skayeae@nsw.gov.au,1,Académica,Medio,Admitido,,11/15/2015,Bajo,false,7/13/2012,Talleres psicosociales,11/27/2007,Psicosocial,7/20/2018,true
550024,Garwood,Wines,gwinesaf@statcounter.com,1,Psicosocial,Alto,Admitido,Alto,3/11/2006,Alto,true,7/1/2019,Terapia individual,9/30/2011,Múltiple,12/28/2012,false
99612,Rudiger,Haddinton,rhaddintonag@youku.com,,Académica,Muy bajo,Admitido,Bajo,12/13/2007,Medio,true,8/30/2021,Terapia individual,12/21/2020,Económica,6/20/2004,false
767903,Sarena,,sblackboroah@independent.co.uk,3,Múltiple,Alto,,Medio,3/28/2003,Medio,true,8/18/2016,Actividades de autocuidado,7/26/2013,Económica,4/1/2017,true
59329,Loren,Capstack,lcapstackai@google.nl,6,Académica,Muy bajo,Nuevo,Bajo,8/28/2022,,false,12/4/2009,Actividades de autocuidado,7/3/2011,Económica,2/24/2008,true
526793,Mortimer,Frankcombe,mfrankcombeaj@paginegialle.it,,Económica,Muy alto,Admitido,Medio,7/26/2022,Alto,false,6/3/2019,Talleres psicosociales,11/6/2018,Psicosocial,9/12/2004,false
400716,Pembroke,Scola,,2,Múltiple,Bajo,Nuevo,,,Muy Bajo,false,1/16/2019,Otro,,Académica,8/16/2022,false
729079,Nerissa,Heditch,nheditchal@bigcartel.com,,Psicosocial,Alto,Nuevo,,2/13/2019,Medio,false,,Otro,,Académica,8/10/2012,false
133304,Renate,Canning,rcanningam@answers.com,2,Académica,,,Bajo,2/7/2018,Alto,true,3/12/2000,Asesoría grupal,9/16/2021,Psicosocial,,true
635851,Candie,Dyka,cdykaan@newsvine.com,7,Múltiple,,Media académica,Medio,3/28/2014,,false,4/25/2009,Actividades de autocuidado,8/10/2021,Psicosocial,9/15/2021,true
160310,Marlene,Braybrook,mbraybrookao@wiley.com,1,,Bajo,Media académica,Bajo,4/9/2017,Bajo,false,5/19/2015,Talleres psicosociales,6/5/2019,Económica,9/20/2017,true
558532,Carleen,Somner,csomnerap@51.la,6,Económica,Medio,Media académica,Bajo,11/26/2017,Medio,true,7/26/2008,Terapia individual,3/11/2007,Múltiple,8/31/2008,false
573895,Oralla,Reeks,oreeksaq@chicagotribune.com,10,Económica,Medio,Media académica,Medio,8/20/2021,Medio,false,8/29/2014,Terapia individual,6/20/2001,Psicosocial,2/21/2018,false
141354,Maude,Ruggs,mruggsar@mozilla.com,1,Múltiple,,Media académica,Bajo,2/27/2020,Medio,false,11/20/2014,Actividades de autocuidado,3/22/2008,Psicosocial,1/4/2020,false
277343,Athena,Searchfield,asearchfieldas@indiegogo.com,4,Académica,Medio,Media académica,Bajo,12/19/2013,Muy Bajo,false,7/15/2002,Terapia individual,9/25/2015,Académica,10/6/2013,true
805728,Isador,Sustin,isustinat@mayoclinic.com,6,Psicosocial,Bajo,Media académica,Medio,2/15/2005,Medio,false,5/16/2019,Talleres psicosociales,3/25/2022,Económica,8/13/2008,true
605998,Morgun,Mollison,mmollisonau@npr.org,2,Académica,Alto,Media académica,Medio,7/26/2012,Muy Bajo,false,8/12/2004,Actividades de autocuidado,2/1/2018,Económica,1/12/2021,true
527044,Joana,Kornes,jkornesav@imgur.com,4,Económica,,Admitido,Bajo,6/7/2017,Muy Bajo,true,7/4/2018,Otro,3/6/2019,Psicosocial,8/5/2021,true
472084,Nate,Coo,ncooaw@gmpg.org,7,Múltiple,Muy alto,Admitido,Alto,7/9/2014,Muy Bajo,true,8/28/2007,Talleres psicosociales,8/16/2018,Académica,1/24/2011,false
555273,Eryn,Potzold,epotzoldax@amazon.co.uk,5,Múltiple,Muy alto,Media académica,Medio,10/23/2015,Muy Bajo,false,2/14/2021,Actividades de autocuidado,8/17/2017,Académica,8/21/2012,false
381343,Merry,Aronovitz,maronovitzay@tamu.edu,4,Múltiple,Medio,Nuevo,Medio,8/1/2016,,false,9/19/2007,Actividades de autocuidado,12/18/2014,Económica,9/14/2017,true
210507,Cole,Coldham,ccoldhamaz@blogger.com,2,,Alto,Media académica,Alto,2/3/2011,,true,3/9/2004,Terapia individual,11/12/2000,Académica,11/7/2015,false
878304,Sibilla,,srodnightb0@narod.ru,,Académica,Bajo,Nuevo,Medio,8/11/2008,Medio,true,8/25/2003,Otro,7/24/2014,Múltiple,1/31/2020,false
77008,Isahella,Pook,ipookb1@cyberchimps.com,2,Académica,Medio,Admitido,Alto,12/10/2003,Medio,true,,Otro,8/25/2009,Académica,2/5/2009,true
590180,Juli,Berryman,jberrymanb2@abc.net.au,3,Psicosocial,Muy alto,Admitido,Bajo,4/12/2016,Medio,false,4/13/2008,Actividades de autocuidado,6/21/2008,Académica,10/23/2011,true
183862,Moselle,Prior,mpriorb3@hao123.com,8,Psicosocial,Muy alto,Admitido,Bajo,6/12/2002,Alto,true,10/1/2001,Asesoría grupal,5/15/2021,Múltiple,,true
297179,Vinson,Tedahl,vtedahlb4@biglobe.ne.jp,6,Académica,Medio,Nuevo,Bajo,12/21/2005,Alto,false,10/21/2005,Otro,8/12/2013,,3/14/2016,true
148053,Freddy,Escalante,fescalanteb5@yelp.com,5,Económica,Bajo,Nuevo,Alto,,,,9/8/2015,Asesoría grupal,10/6/2000,Académica,5/8/2000,false
120174,Tripp,Drewell,tdrewellb6@chronoengine.com,,Académica,Medio,Nuevo,Medio,5/9/2020,Muy Bajo,false,8/31/2011,Otro,3/6/2002,Múltiple,9/30/2000,false
979609,Terrell,Rosell,trosellb7@nationalgeographic.com,6,Psicosocial,Bajo,Admitido,Medio,2/5/2018,Muy Bajo,true,10/13/2002,Actividades de autocuidado,2/14/2009,Económica,7/11/2021,true
322506,,Bengough,lbengoughb8@alibaba.com,10,Económica,Muy alto,Media académica,Alto,7/30/2022,Medio,false,,Otro,12/2/2000,Económica,11/7/2005,false
247371,Philippine,Jeduch,pjeduchb9@walmart.com,5,Académica,Bajo,Media académica,Medio,5/23/2013,Muy Bajo,false,,Talleres psicosociales,,Múltiple,9/26/2018,false
540989,,Masselin,wmasselinba@wufoo.com,9,Económica,Muy alto,Media académica,,6/17/2017,Muy Bajo,true,10/16/2015,Asesoría grupal,,Económica,10/15/2012,true
556645,Dorisa,,dkirkupbb@xing.com,4,Psicosocial,,,Bajo,3/11/2016,Alto,true,2/22/2012,Talleres psicosociales,10/20/2016,Múltiple,6/19/2010,true
881671,Allyn,Myner,amynerbc@pinterest.com,4,Económica,Muy alto,Nuevo,,12/8/2014,,false,1/18/2003,Actividades de autocuidado,11/27/2010,Psicosocial,4/16/2016,true
932219,Francene,Iacabucci,fiacabuccibd@ft.com,,,Medio,Admitido,Medio,6/3/2022,Muy Bajo,false,7/18/2000,Otro,10/12/2001,Académica,7/17/2001,false
510245,Lenci,Burgill,lburgillbe@facebook.com,6,Económica,Medio,,Medio,10/18/2001,Alto,true,1/19/2013,Talleres psicosociales,3/9/2001,Múltiple,9/14/2013,false
893246,,Bevan,bbevanbf@psu.edu,,Académica,Muy bajo,Nuevo,,8/6/2014,Medio,false,5/20/2010,Terapia individual,6/5/2005,Psicosocial,8/11/2021,true
186495,Aryn,Bullon,abullonbg@desdev.cn,7,Psicosocial,Muy bajo,Nuevo,Medio,10/8/2007,Medio,false,1/13/2020,Terapia individual,11/7/2002,Económica,6/2/2020,true
423721,Gertie,Couve,gcouvebh@nyu.edu,3,Psicosocial,Muy bajo,,Alto,3/10/2013,Bajo,true,6/11/2016,Otro,12/24/2016,Académica,3/11/2018,true
538449,Lynna,Gowing,,7,Académica,Bajo,Media académica,Medio,1/4/2003,Muy Bajo,true,8/18/2001,Talleres psicosociales,11/25/2007,Académica,1/24/2018,false
886800,,Gilsthorpe,agilsthorpebj@harvard.edu,10,Múltiple,Medio,Nuevo,Alto,9/10/2022,Muy Bajo,false,9/22/2009,Otro,2/12/2013,Psicosocial,5/2/2003,true
526172,Perl,,,4,Múltiple,Alto,,Bajo,12/22/2008,Alto,,,Talleres psicosociales,9/29/2014,Académica,9/24/2011,true
286758,Tessa,Minichi,tminichibl@cnet.com,8,Económica,Muy bajo,Nuevo,Medio,10/19/2011,Bajo,true,3/26/2018,Asesoría grupal,11/15/2007,Económica,5/13/2007,true
3794,Paddie,Biggadike,pbiggadikebm@soup.io,4,Económica,Medio,Admitido,Alto,5/7/2015,Bajo,true,6/28/2021,Terapia individual,9/1/2003,Académica,10/25/2000,true
414117,Brant,Robker,brobkerbn@yellowbook.com,6,Económica,Muy bajo,,Medio,10/27/2006,Medio,false,8/1/2019,Terapia individual,7/21/2006,,3/20/2009,false
483462,Sherman,,sphebeybo@so-net.ne.jp,4,Múltiple,Medio,Admitido,Bajo,3/29/2000,Medio,true,8/8/2017,Asesoría grupal,1/23/2022,Académica,5/6/2013,true
424073,Damien,Bahde,dbahdebp@fotki.com,1,Económica,Muy bajo,Nuevo,Alto,10/11/2014,Muy Bajo,true,4/19/2022,Terapia individual,1/19/2007,Académica,4/7/2006,
1454,Nari,Julien,njulienbq@tuttocitta.it,3,Académica,Alto,,Alto,12/29/2003,Medio,false,8/29/2001,Asesoría grupal,2/17/2021,Económica,9/22/2020,false
264810,Felipa,Ysson,fyssonbr@blogtalkradio.com,8,Económica,Muy alto,Nuevo,Medio,6/12/2020,Medio,false,9/7/2014,Otro,1/30/2020,Académica,5/1/2019,true
426621,Ali,Sanchiz,asanchizbs@blogtalkradio.com,9,Económica,Bajo,,Alto,8/25/2013,Bajo,,,Talleres psicosociales,11/18/2000,Psicosocial,1/3/2011,true
325892,Inglis,Daynter,idaynterbt@foxnews.com,4,Económica,Muy alto,,Bajo,8/25/2007,Medio,true,3/29/2009,Terapia individual,2/12/2009,Psicosocial,7/22/2016,false
700210,Melanie,,,3,Económica,Medio,,Bajo,5/5/2000,Medio,true,6/21/2020,Terapia individual,7/18/2001,Psicosocial,1/25/2005,true
476392,Georgena,Petzold,gpetzoldbv@example.com,5,Académica,Muy bajo,Nuevo,Alto,7/23/2022,Alto,false,3/13/2014,Talleres psicosociales,1/19/2019,,7/11/2004,true
832292,Ariel,Erbe,aerbebw@upenn.edu,9,Múltiple,Bajo,Admitido,Alto,9/13/2012,Bajo,,,Asesoría grupal,5/5/2020,Académica,8/22/2019,false
746357,Hervey,Kowal,hkowalbx@sbwire.com,5,Económica,Muy bajo,Media académica,Bajo,3/14/2006,Bajo,false,2/26/2004,Actividades de autocuidado,2/24/2008,Académica,7/17/2020,true
918408,Fanya,Grene,fgreneby@domainmarket.com,10,Múltiple,Alto,Media académica,Bajo,10/22/2001,Alto,true,2/15/2011,Asesoría grupal,10/21/2007,Económica,8/3/2010,false
84853,Dev,O'Halleghane,dohalleghanebz@symantec.com,1,Académica,Medio,Admitido,Medio,10/10/2015,Medio,false,12/22/2011,,8/8/2012,Psicosocial,2/24/2020,false
130089,Raynard,Sprigging,rspriggingc0@icq.com,4,Psicosocial,,Media académica,Bajo,3/1/2011,Bajo,,1/11/2019,Actividades de autocuidado,10/8/2010,Múltiple,10/3/2006,false
573926,Sallie,Sennett,ssennettc1@blogspot.com,2,Económica,Alto,Media académica,Bajo,12/16/2017,Alto,false,1/20/2004,Asesoría grupal,4/9/2015,Psicosocial,1/25/2008,true
947336,Florian,Semor,fsemorc2@apache.org,2,Económica,Medio,,Alto,9/30/2002,Muy Bajo,true,4/17/2003,Talleres psicosociales,5/8/2003,Psicosocial,11/11/2013,false
721664,Hortense,Clemmow,hclemmowc3@mashable.com,6,Económica,Alto,Nuevo,Bajo,8/21/2008,Bajo,false,2/13/2014,Talleres psicosociales,3/19/2015,Psicosocial,7/17/2005,false
985947,Venus,Moffett,vmoffettc4@xinhuanet.com,,Múltiple,Muy alto,Media académica,,5/20/2011,Bajo,,12/10/2015,Actividades de autocuidado,8/13/2017,Múltiple,11/20/2012,true
940858,Melvin,Ferreli,mferrelic5@sogou.com,9,Psicosocial,,Nuevo,,4/24/2007,Alto,false,5/12/2008,Asesoría grupal,4/13/2018,Psicosocial,5/6/2017,true
572064,Kristel,Napthine,knapthinec6@cocolog-nifty.com,,Académica,Muy bajo,Media académica,Medio,6/24/2005,Alto,false,4/24/2008,Talleres psicosociales,1/7/2018,Psicosocial,5/24/2017,true
335779,Xenos,Folds,xfoldsc7@yellowbook.com,5,Económica,Bajo,Admitido,Medio,9/23/2017,Bajo,false,8/14/2008,Actividades de autocuidado,10/12/2013,Múltiple,12/2/2002,false
393946,Beck,Timlett,btimlettc8@privacy.gov.au,7,Académica,Medio,Nuevo,Bajo,6/24/2020,Medio,false,12/4/2004,Otro,9/29/2003,Económica,10/31/2005,false
937380,Jorey,Bertomier,jbertomierc9@hostgator.com,,Académica,Muy alto,Admitido,Alto,3/8/2020,Muy Bajo,true,8/27/2013,,6/8/2011,,3/9/2004,false
135444,Misha,Perrone,mperroneca@a8.net,,,Muy alto,Admitido,Alto,3/5/2016,Bajo,false,9/5/2004,Asesoría grupal,1/12/2003,Psicosocial,2/20/2000,true
122271,Thomasin,Astling,tastlingcb@bloglines.com,3,Académica,Muy alto,Nuevo,Medio,9/25/2003,Medio,true,6/5/2007,Terapia individual,4/29/2012,,5/15/2007,false
234535,Hale,Andrieu,handrieucc@tinyurl.com,5,Múltiple,Medio,Media académica,Alto,4/12/2016,Muy Bajo,true,8/9/2008,Asesoría grupal,5/4/2022,Psicosocial,3/15/2005,false
114597,Ingrid,Lydiatt,ilydiattcd@1und1.de,1,Académica,Muy alto,Nuevo,Medio,5/27/2011,,false,8/7/2001,Actividades de autocuidado,2/21/2022,Psicosocial,8/1/2001,true
819808,Barn,Kalinsky,bkalinskyce@paginegialle.it,3,Académica,Muy bajo,Admitido,Alto,9/1/2010,Alto,false,9/28/2000,Otro,8/25/2020,Múltiple,,true
800283,Niki,Snowden,nsnowdencf@goo.gl,1,Académica,Muy alto,Media académica,Medio,5/10/2014,Bajo,false,9/3/2018,Actividades de autocuidado,10/22/2010,Psicosocial,7/12/2006,true
251880,Silvester,Butter,sbuttercg@toplist.cz,6,Psicosocial,Muy bajo,Nuevo,,2/25/2010,Muy Bajo,true,1/28/2004,Asesoría grupal,8/2/2015,Académica,8/1/2014,true
130551,Cam,Buttrey,cbuttreych@home.pl,8,Académica,Bajo,Nuevo,Medio,8/26/2011,Muy Bajo,true,,,4/9/2012,Psicosocial,11/7/2002,true
347360,Al,Guilleton,aguilletonci@issuu.com,5,,Alto,Media académica,Medio,9/9/2019,Medio,true,2/7/2008,Asesoría grupal,4/26/2002,Económica,8/10/2018,false
350281,Dinny,Gething,dgethingcj@ocn.ne.jp,,Económica,Muy bajo,Nuevo,Alto,3/22/2010,Muy Bajo,,2/14/2020,Actividades de autocuidado,1/12/2013,Múltiple,10/5/2004,true
128180,Gal,Stuchbury,gstuchburyck@hugedomains.com,9,Académica,,Admitido,,3/11/2020,Medio,true,1/21/2012,Actividades de autocuidado,7/7/2022,Económica,10/24/2009,false
476791,Rhianon,Oddie,roddiecl@answers.com,,Múltiple,Alto,Admitido,Medio,11/9/2011,Bajo,,9/12/2016,Talleres psicosociales,7/1/2022,Económica,10/25/2008,false
510047,Buddie,Claypole,bclaypolecm@ebay.co.uk,7,Académica,Muy alto,Nuevo,Medio,10/25/2001,Bajo,false,11/8/2010,Actividades de autocuidado,6/26/2021,Académica,6/20/2002,false
937325,Aileen,Keyzor,akeyzorcn@miibeian.gov.cn,3,Múltiple,,Admitido,,2/24/2008,Bajo,true,3/16/2013,Talleres psicosociales,2/19/2010,Múltiple,1/25/2007,false
395839,,Morson,smorsonco@barnesandnoble.com,10,Múltiple,Muy alto,,Medio,6/22/2005,Medio,true,12/10/2020,Talleres psicosociales,,Psicosocial,4/16/2016,false
672448,Gaile,Allon,galloncp@ovh.net,7,Psicosocial,Muy alto,,,,,true,2/23/2015,Otro,5/4/2012,Psicosocial,9/17/2005,true
469039,Janey,Scowcroft,jscowcroftcq@mapquest.com,3,Múltiple,Muy bajo,Nuevo,Bajo,3/18/2005,Bajo,false,4/15/2013,Talleres psicosociales,4/23/2013,Múltiple,8/9/2006,true
408963,Estella,Glasbey,eglasbeycr@java.com,5,Múltiple,Medio,Admitido,Alto,8/20/2020,Alto,true,7/4/2004,Terapia individual,5/5/2003,Económica,12/31/2015,true
449714,Honoria,Koche,hkochecs@nsw.gov.au,8,,,Nuevo,Medio,3/12/2016,Muy Bajo,,,,6/16/2000,Psicosocial,11/29/2004,false
872264,Zollie,Urpeth,,10,Académica,Muy alto,Media académica,Alto,8/17/2012,Medio,false,1/1/2006,Terapia individual,9/5/2019,Económica,10/27/2016,false
310438,Kelly,Ezele,kezelecu@imdb.com,3,Psicosocial,Muy alto,Nuevo,Medio,5/18/2005,Muy Bajo,true,12/26/2013,Terapia individual,6/2/2014,Económica,,false
741415,Shamus,Bischof,sbischofcv@wired.com,,,Alto,Admitido,,10/26/2007,Alto,false,2/9/2013,Asesoría grupal,12/30/2018,Académica,1/4/2021,true
472862,Penni,Kineton,pkinetoncw@youtu.be,10,Académica,Muy bajo,Nuevo,Alto,,Muy Bajo,true,1/27/2015,Actividades de autocuidado,3/4/2021,Psicosocial,3/9/2010,true
104293,Alard,Tweedle,atweedlecx@blogspot.com,,Económica,Alto,Media académica,Alto,9/8/2009,Muy Bajo,false,9/7/2013,Otro,7/12/2012,Económica,4/5/2000,false
140251,Susy,Wilmott,swilmottcy@unblog.fr,2,,Muy bajo,Nuevo,Bajo,5/7/2000,Muy Bajo,false,1/14/2010,Asesoría grupal,12/17/2011,Múltiple,12/20/2003,true
492662,Melisenda,Shipston,mshipstoncz@netlog.com,9,Económica,Alto,Admitido,Alto,10/4/2003,Muy Bajo,true,12/12/2020,Asesoría grupal,7/11/2003,Académica,4/22/2020,true
577828,Theresina,Coldridge,tcoldridged0@usatoday.com,7,Económica,Alto,Media académica,Bajo,9/7/2020,Alto,false,12/15/2015,,1/13/2003,Múltiple,2/18/2011,true
817616,Hannah,Knee,hkneed1@hc360.com,9,Económica,Medio,Nuevo,Bajo,3/23/2020,Alto,true,4/6/2012,Otro,9/19/2006,Económica,3/9/2004,false
668184,Arlie,Collie,acollied2@i2i.jp,,Múltiple,Alto,Admitido,,11/24/2006,Alto,false,11/1/2022,Terapia individual,12/5/2006,Psicosocial,5/25/2004,false
888336,Mercy,Ribey,mribeyd3@ovh.net,2,Académica,Muy alto,Media académica,Medio,5/20/2013,Muy Bajo,true,11/24/2005,Actividades de autocuidado,10/6/2015,Múltiple,12/25/2013,false
323480,Justina,,jdowtyd4@tinypic.com,7,Académica,Alto,Admitido,Bajo,7/2/2005,Medio,false,1/9/2011,Otro,1/30/2021,Económica,3/30/2016,true
806108,Ritchie,Beaushaw,rbeaushawd5@unesco.org,4,Económica,,Admitido,Bajo,9/30/2003,Alto,false,5/31/2005,Talleres psicosociales,4/2/2020,Académica,9/14/2018,true
854684,Eveleen,Silvester,esilvesterd6@whitehouse.gov,3,,Medio,Media académica,Medio,2/22/2011,Bajo,true,11/18/2015,Actividades de autocuidado,6/17/2003,Múltiple,2/11/2002,false
731386,,Bridgland,sbridglandd7@loc.gov,10,Múltiple,Medio,Nuevo,,7/9/2005,Muy Bajo,false,7/15/2002,Asesoría grupal,,Psicosocial,6/16/2000,true
227494,Midge,Alfonsetto,malfonsettod8@yahoo.co.jp,3,Psicosocial,Bajo,Media académica,Alto,1/6/2017,Bajo,true,10/24/2012,Talleres psicosociales,5/29/2012,Económica,7/18/2021,false
63523,Elyssa,Elner,eelnerd9@home.pl,5,Económica,Alto,Admitido,Medio,,Muy Bajo,true,7/29/2018,Otro,3/25/2010,Psicosocial,7/22/2004,true
133382,Di,Shafto,dshaftoda@blogspot.com,,Múltiple,Medio,Admitido,Bajo,10/9/2012,Bajo,true,2/20/2019,Otro,12/31/2014,Económica,8/13/2021,false
254483,Aila,MacIllrick,amacillrickdb@tamu.edu,5,Psicosocial,Alto,Media académica,Medio,5/22/2022,Alto,,6/3/2008,Talleres psicosociales,7/26/2021,Académica,1/21/2021,true
855746,Marylinda,Martineau,mmartineaudc@msu.edu,3,Psicosocial,Alto,Nuevo,Bajo,6/30/2016,Bajo,false,10/22/2008,Terapia individual,4/6/2003,Académica,12/7/2009,false
379519,Kordula,Reimer,kreimerdd@ask.com,4,Múltiple,Muy bajo,,,1/7/2022,Muy Bajo,false,9/9/2012,Otro,3/7/2004,Económica,6/4/2018,false
674228,Saunderson,Hearst,shearstde@uiuc.edu,10,Académica,Alto,Nuevo,Medio,6/17/2002,Bajo,true,10/30/2018,Asesoría grupal,6/27/2008,Económica,5/24/2015,true
265073,Dorolisa,Eccleston,decclestondf@china.com.cn,10,Económica,Muy bajo,Admitido,Alto,7/9/2017,Medio,true,6/27/2020,Talleres psicosociales,3/15/2007,Psicosocial,12/19/2010,false
559141,,Winder,jwinderdg@ucoz.ru,9,Múltiple,Muy alto,Nuevo,Bajo,1/4/2003,Alto,false,6/27/2007,Otro,2/10/2005,Académica,7/21/2008,true
364460,Loy,Battin,lbattindh@timesonline.co.uk,8,Múltiple,Alto,Nuevo,Medio,12/16/2005,Bajo,true,5/20/2021,,1/20/2014,Psicosocial,10/14/2020,true
34565,Amandie,Kingscote,akingscotedi@sciencedaily.com,5,Académica,Medio,Media académica,,3/25/2003,Alto,true,,Talleres psicosociales,10/31/2021,Económica,2/15/2005,true
636346,Adelbert,Andrusyak,aandrusyakdj@howstuffworks.com,3,Académica,Muy alto,Admitido,Medio,1/31/2007,Medio,false,4/21/2019,Asesoría grupal,10/24/2007,Múltiple,2/4/2003,false
346565,Susannah,Farloe,sfarloedk@fema.gov,,Múltiple,Bajo,Admitido,Alto,,Alto,true,11/11/2020,Asesoría grupal,1/3/2005,Económica,4/29/2011,true
810160,Salvidor,Hatherley,shatherleydl@hao123.com,,Psicosocial,Bajo,Media académica,Alto,9/7/2014,,false,,Otro,7/26/2020,Múltiple,5/24/2000,false
774042,Pegeen,Sellan,psellandm@dagondesign.com,5,Académica,Bajo,,Medio,2/24/2015,Medio,true,11/21/2017,Terapia individual,11/19/2017,Múltiple,10/27/2009,true
218609,,,yhobelldn@wufoo.com,1,Económica,Alto,Media académica,Bajo,8/27/2003,Bajo,true,1/11/2014,Otro,1/13/2007,,5/26/2006,false
345799,Liam,Rapelli,lrapellido@behance.net,1,Económica,Bajo,Nuevo,,1/28/2012,,true,8/26/2005,Talleres psicosociales,4/25/2007,Psicosocial,,true
288440,Tilly,Gurko,tgurkodp@prlog.org,6,Múltiple,Muy bajo,,Alto,1/1/2011,Medio,true,,Asesoría grupal,6/25/2015,Económica,8/13/2019,true
302794,Darsie,Cisec,dcisecdq@sitemeter.com,4,Económica,Bajo,,Alto,6/8/2019,Bajo,false,8/11/2018,Terapia individual,2/22/2000,Académica,9/4/2005,false
515265,Finley,Ferryman,fferrymandr@disqus.com,3,Psicosocial,Muy alto,Nuevo,Bajo,5/13/2012,Alto,true,3/21/2006,Terapia individual,12/15/2016,Académica,11/16/2008,false
522036,Annabell,Smallpeice,asmallpeiceds@wikia.com,4,Económica,Bajo,Admitido,,9/29/2010,Bajo,false,9/29/2001,Otro,9/17/2018,Académica,8/3/2003,false
740111,Justino,Dewan,jdewandt@independent.co.uk,9,Múltiple,Muy alto,Media académica,Alto,,Alto,true,2/7/2005,Asesoría grupal,7/25/2020,,2/21/2001,true
595084,Genna,Hayne,ghaynedu@pen.io,10,Psicosocial,Alto,Media académica,Bajo,5/20/2015,Bajo,false,7/19/2003,Asesoría grupal,5/25/2007,Múltiple,12/26/2001,true
339289,,Rickhuss,crickhussdv@reference.com,4,Múltiple,Muy bajo,Media académica,Medio,3/7/2020,Muy Bajo,false,8/20/2001,Actividades de autocuidado,6/3/2016,Económica,8/6/2011,true
100521,Rozanna,Fayre,rfayredw@chicagotribune.com,5,Económica,Muy bajo,Nuevo,,9/8/2018,Muy Bajo,false,7/31/2020,Talleres psicosociales,,Económica,1/14/2011,false
828887,Hester,Jaffray,hjaffraydx@xinhuanet.com,4,Psicosocial,,Nuevo,Bajo,9/7/2001,Muy Bajo,true,8/3/2010,Terapia individual,4/4/2001,Económica,5/15/2021,false
549046,Christi,Hasard,chasarddy@reverbnation.com,4,Psicosocial,Muy bajo,Nuevo,Bajo,5/3/2017,Alto,true,4/9/2004,Asesoría grupal,11/25/2002,Múltiple,5/7/2014,true
368199,Ros,Yesinin,ryesinindz@java.com,10,Psicosocial,Medio,Media académica,Alto,8/14/2005,Muy Bajo,false,12/18/2021,Talleres psicosociales,7/15/2009,Múltiple,5/19/2010,false
259330,Jena,Brignall,jbrignalle0@wikia.com,5,Económica,Alto,Nuevo,Alto,7/14/2005,Medio,false,6/5/2012,Otro,8/17/2002,Académica,7/28/2006,true
548322,Kym,Quant,kquante1@google.co.uk,2,Múltiple,Bajo,Media académica,,3/8/2005,Muy Bajo,true,12/25/2022,Talleres psicosociales,12/31/2001,Múltiple,9/23/2015,true
859160,Xylina,,xkiffee2@amazonaws.com,,Académica,,Nuevo,Bajo,8/23/2012,Muy Bajo,false,1/15/2013,Terapia individual,12/18/2021,Académica,8/14/2004,true
294856,Haskel,Adacot,hadacote3@dailymail.co.uk,,Psicosocial,Bajo,Admitido,Bajo,1/30/2000,Medio,true,10/13/2014,Talleres psicosociales,9/10/2008,Académica,11/13/2017,false
139118,Dorolice,Davitt,ddavitte4@twitter.com,6,Académica,Bajo,Media académica,,9/29/2010,,true,10/13/2004,Talleres psicosociales,9/8/2003,Psicosocial,3/10/2006,true
873719,,Petrelli,bpetrellie5@pagesperso-orange.fr,9,Múltiple,Alto,Nuevo,Bajo,5/4/2021,Muy Bajo,false,6/19/2003,Terapia individual,,Académica,4/23/2007,true
390280,Franklyn,Freckleton,ffreckletone6@goodreads.com,5,Económica,Medio,Media académica,Bajo,4/4/2020,Muy Bajo,false,6/17/2007,Asesoría grupal,10/15/2010,Económica,8/16/2021,false
729353,Val,Gueste,vguestee7@state.gov,,Múltiple,Alto,Nuevo,Medio,7/17/2005,Muy Bajo,true,9/28/2020,Terapia individual,1/18/2009,Académica,3/16/2008,true
327931,Harwell,Lewer,hlewere8@sun.com,1,,Medio,,Bajo,6/23/2001,Muy Bajo,false,2/19/2022,Otro,9/19/2016,Económica,7/8/2018,true
569443,Dannie,Sheahan,dsheahane9@discovery.com,10,Psicosocial,Muy alto,Admitido,,11/25/2014,Medio,true,7/20/2006,Asesoría grupal,11/5/2021,Psicosocial,8/19/2016,true
17869,,Haselwood,bhaselwoodea@sciencedirect.com,5,Psicosocial,,Nuevo,Alto,10/24/2002,Alto,true,6/13/2010,Actividades de autocuidado,9/30/2011,Múltiple,,false
973567,Brit,Arundel,barundeleb@wisc.edu,4,Múltiple,Muy alto,Media académica,,4/15/2004,Bajo,false,3/25/2008,Actividades de autocuidado,1/29/2017,Múltiple,10/31/2001,true
542639,Tommy,Stonier,tstonierec@aol.com,,,Alto,Nuevo,Medio,7/30/2012,Bajo,true,2/15/2012,Otro,1/27/2006,Económica,12/18/2004,true
140774,Jerrilee,Shadrack,jshadracked@sakura.ne.jp,4,Múltiple,Medio,Admitido,Bajo,8/17/2008,Muy Bajo,false,9/11/2010,Asesoría grupal,8/10/2000,Psicosocial,2/4/2000,true
533167,Uriel,Hampson,uhampsonee@behance.net,3,Múltiple,Medio,Media académica,Alto,6/2/2010,Alto,true,10/22/2001,Actividades de autocuidado,5/30/2018,Múltiple,12/31/2021,false
144957,Aloise,Whilde,awhildeef@boston.com,8,Psicosocial,Muy bajo,Media académica,Bajo,5/23/2004,Alto,true,1/5/2021,Terapia individual,8/20/2018,Múltiple,7/10/2003,true
714667,Dermot,,dpaikeeg@woothemes.com,10,Múltiple,Muy alto,Media académica,Alto,9/12/2022,Medio,true,9/10/2006,Asesoría grupal,1/18/2012,Múltiple,,false
823545,Cory,Orteaux,corteauxeh@geocities.jp,8,Múltiple,Muy alto,Nuevo,Bajo,4/12/2004,Bajo,true,8/10/2016,Actividades de autocuidado,10/5/2017,Múltiple,12/28/2015,true
624729,Mureil,Moar,mmoarei@forbes.com,6,Académica,Bajo,Admitido,Medio,12/19/2022,Bajo,false,11/23/2012,Actividades de autocuidado,12/29/2021,Académica,4/29/2017,false
755363,Noam,Valti,nvaltiej@netlog.com,5,Académica,Bajo,Nuevo,Bajo,7/19/2010,Muy Bajo,false,7/16/2010,,5/18/2020,,1/25/2015,true
47217,Ibbie,Burlay,iburlayek@youtube.com,4,Psicosocial,Medio,Media académica,Bajo,5/8/2000,Muy Bajo,true,9/25/2013,Terapia individual,6/24/2005,Múltiple,9/25/2018,false
831861,Heywood,Lashmar,hlashmarel@state.gov,,Psicosocial,Bajo,Media académica,Alto,8/7/2020,Medio,true,4/16/2012,Otro,8/16/2019,Académica,5/7/2000,true
589698,Audry,Kuhwald,akuhwaldem@mayoclinic.com,8,Económica,Alto,Admitido,Medio,4/15/2001,Alto,true,9/6/2015,Otro,7/21/2009,Múltiple,11/2/2005,true
731809,Garreth,Bridgewater,gbridgewateren@sbwire.com,6,Económica,Alto,Media académica,Medio,3/8/2008,Bajo,false,11/24/2000,Terapia individual,10/18/2006,Múltiple,7/5/2007,true
628415,Yul,Huchot,yhuchoteo@go.com,9,Múltiple,Alto,Nuevo,Bajo,,Alto,false,5/30/2020,Otro,10/21/2006,Económica,5/21/2004,true
85989,Dorthy,Stribbling,dstribblingep@telegraph.co.uk,3,Psicosocial,Muy alto,Nuevo,Bajo,,Bajo,true,3/24/2008,Actividades de autocuidado,10/31/2021,Psicosocial,,true
730154,Marlo,Saffe,msaffeeq@psu.edu,2,Múltiple,Alto,Nuevo,Medio,9/26/2000,Medio,false,8/13/2010,Actividades de autocuidado,11/3/2021,Psicosocial,,false
157958,Miguel,,mklicheer@google.cn,1,Múltiple,Muy bajo,,,8/29/2018,Bajo,false,11/2/2020,Talleres psicosociales,3/6/2015,Económica,2/11/2012,true
9396,Marcus,Stillmann,mstillmannes@hp.com,2,Múltiple,,Nuevo,Bajo,2/7/2022,Bajo,false,6/28/2014,Terapia individual,9/7/2013,Múltiple,10/28/2011,false
873235,Katrina,Ainscough,kainscoughet@booking.com,,Psicosocial,Alto,Nuevo,Bajo,9/29/2016,Medio,false,5/26/2005,Actividades de autocuidado,7/11/2002,Psicosocial,9/20/2017,false
480338,Kipp,Kennford,kkennfordeu@myspace.com,7,Múltiple,Medio,Media académica,Bajo,12/20/2002,Medio,false,9/14/2016,Actividades de autocuidado,12/8/2009,Académica,2/3/2015,false
826039,Thorny,Pimerick,tpimerickev@dell.com,5,Económica,Muy alto,Nuevo,Alto,7/12/2016,Medio,false,4/28/2002,Talleres psicosociales,11/6/2014,Académica,10/3/2006,true
103093,Codee,Jayes,cjayesew@time.com,4,Psicosocial,Alto,Nuevo,Alto,2/6/2018,Muy Bajo,false,9/25/2000,Terapia individual,3/19/2021,Psicosocial,4/11/2008,false
506054,Meggi,Andrzejak,mandrzejakex@epa.gov,8,Psicosocial,Muy bajo,Admitido,Bajo,8/14/2008,Alto,false,3/17/2018,Talleres psicosociales,1/21/2019,Psicosocial,9/28/2019,false
240039,Jannelle,Broxton,jbroxtoney@slideshare.net,10,Múltiple,Muy alto,Admitido,Medio,8/4/2014,Bajo,false,8/1/2007,Talleres psicosociales,10/8/2003,Económica,3/13/2018,false
121707,Julietta,Surmeir,jsurmeirez@nationalgeographic.com,8,Académica,Medio,Media académica,Alto,12/19/2010,Bajo,true,5/20/2015,Actividades de autocuidado,6/21/2022,Académica,3/28/2016,true
317334,Carita,Gouldsmith,cgouldsmithf0@ezinearticles.com,3,,Medio,Admitido,Alto,9/17/2007,Alto,true,12/19/2022,Otro,7/4/2019,Académica,,true
95394,Conroy,Plaide,cplaidef1@princeton.edu,10,Psicosocial,Muy bajo,Media académica,Medio,1/23/2000,Muy Bajo,false,1/25/2015,Talleres psicosociales,4/5/2006,Múltiple,10/13/2003,true
800668,,Broxholme,cbroxholmef2@reuters.com,,Económica,,Media académica,Alto,4/20/2013,Medio,false,,Terapia individual,9/13/2009,Múltiple,4/23/2003,true
234493,Loren,Balcon,lbalconf3@engadget.com,3,Psicosocial,Muy bajo,Media académica,Medio,8/7/2001,Alto,,2/18/2020,Terapia individual,3/19/2014,Académica,10/2/2021,true
354809,Lamar,Hare,lharef4@dailymotion.com,9,,,Admitido,Medio,8/1/2008,Muy Bajo,false,7/28/2020,Otro,2/4/2011,Múltiple,2/23/2018,true
650226,Monah,Grim,mgrimf5@dagondesign.com,,Psicosocial,Medio,Media académica,Medio,1/15/2006,Muy Bajo,false,12/25/2020,Talleres psicosociales,3/20/2001,Económica,1/30/2014,false
423827,Tally,Tinner,ttinnerf6@google.co.uk,6,Económica,Medio,Media académica,Medio,1/27/2010,,false,7/31/2010,Otro,1/23/2015,Múltiple,2/5/2019,true
795695,Webb,Revie,wrevief7@statcounter.com,1,Múltiple,Muy alto,Media académica,Bajo,10/25/2004,Medio,false,2/22/2000,Talleres psicosociales,10/23/2008,Psicosocial,5/15/2017,false
836239,Delmar,Ebi,debif8@java.com,,Académica,Muy alto,Admitido,Bajo,9/22/2015,Bajo,false,1/23/2018,Asesoría grupal,4/2/2010,Económica,11/1/2002,false
972763,Marylou,Sandiland,msandilandf9@dedecms.com,3,Múltiple,Bajo,Admitido,Alto,5/7/2000,Medio,false,8/6/2009,Talleres psicosociales,2/12/2008,Económica,11/27/2005,false
96444,Barbabas,Rance,brancefa@amazon.de,5,Múltiple,Bajo,,Medio,11/20/2020,Medio,false,3/8/2020,Terapia individual,9/23/2003,Económica,10/2/2021,true
130934,Ruperto,Draye,rdrayefb@last.fm,9,Académica,Muy bajo,Nuevo,Bajo,11/13/2021,Muy Bajo,false,3/2/2013,Otro,10/12/2008,Económica,,false
249106,Ode,Lloyd-Williams,olloydwilliamsfc@flickr.com,6,Económica,Bajo,Nuevo,Bajo,2/2/2012,Alto,true,12/31/2015,Asesoría grupal,8/26/2002,Psicosocial,2/10/2006,false
261519,Al,Schule,aschulefd@blogger.com,2,Económica,Bajo,Admitido,Alto,3/28/2002,Muy Bajo,true,8/27/2013,Terapia individual,1/24/2012,Psicosocial,9/9/2003,false
191216,Audra,Dolligon,adolligonfe@va.gov,4,Académica,Muy bajo,,Medio,7/6/2005,Alto,true,11/17/2001,Asesoría grupal,7/24/2009,Económica,,false
257284,Essie,Heistermann,eheistermannff@smugmug.com,4,Múltiple,Muy alto,,Alto,6/3/2000,Medio,true,7/11/2017,Actividades de autocuidado,7/15/2000,Múltiple,11/4/2011,false
502278,Bink,Kasting,bkastingfg@fotki.com,5,Económica,Medio,Admitido,Bajo,6/28/2001,Bajo,false,6/29/2007,Talleres psicosociales,10/12/2016,Psicosocial,5/28/2004,true
324794,Noach,Sambrok,nsambrokfh@discuz.net,,Múltiple,Bajo,Nuevo,Medio,7/22/2008,Medio,false,5/23/2018,Actividades de autocuidado,11/15/2011,Psicosocial,8/21/2004,false
913811,Reamonn,MacFarlan,rmacfarlanfi@goo.gl,2,Múltiple,Muy alto,Nuevo,Medio,10/30/2004,Alto,false,3/24/2015,Terapia individual,7/16/2002,Académica,9/24/2021,true
181365,Luke,Pickvance,lpickvancefj@i2i.jp,8,Académica,Bajo,Admitido,Bajo,10/15/2022,Bajo,false,5/4/2017,Terapia individual,3/6/2019,Económica,7/22/2000,true
390130,Hunfredo,Luppitt,hluppittfk@sohu.com,3,Psicosocial,Bajo,Media académica,Bajo,12/27/2020,Alto,true,3/12/2004,Terapia individual,1/30/2009,Psicosocial,7/31/2018,true
549152,Norry,,nhyndmanfl@engadget.com,7,Económica,Muy alto,Nuevo,Alto,2/25/2015,,,8/18/2011,Terapia individual,1/7/2006,Económica,7/29/2015,true
670623,Archie,Hynson,ahynsonfm@state.tx.us,4,,Muy alto,Admitido,Medio,10/16/2008,Bajo,false,3/19/2012,Terapia individual,6/14/2002,Psicosocial,3/29/2013,false
133930,Rozele,Geraghty,rgeraghtyfn@comsenz.com,4,,Muy bajo,Admitido,Alto,2/21/2022,Medio,false,8/6/2004,Terapia individual,5/29/2007,Múltiple,10/22/2003,false
867614,Talia,Bonn,tbonnfo@google.com.au,7,Académica,Muy alto,Nuevo,Bajo,12/9/2015,Bajo,true,7/1/2018,Talleres psicosociales,8/8/2005,Académica,3/20/2010,true
792740,Kial,Guinery,kguineryfp@slideshare.net,6,Académica,Medio,Media académica,Bajo,8/29/2012,Medio,true,3/27/2021,Asesoría grupal,6/7/2007,Académica,5/6/2012,true
677062,Lurlene,Fludgate,lfludgatefq@miitbeian.gov.cn,10,,Muy bajo,,Bajo,12/24/2007,Medio,false,8/4/2001,Terapia individual,2/14/2001,Académica,8/18/2016,true
314972,Gerri,Dakin,gdakinfr@apache.org,6,Múltiple,Medio,Admitido,Bajo,5/16/2018,Bajo,false,2/5/2018,Terapia individual,10/22/2002,Económica,10/18/2003,true
181660,Mickey,Borton,mbortonfs@miitbeian.gov.cn,7,Académica,Medio,Media académica,Alto,1/20/2001,Medio,false,12/21/2004,Actividades de autocuidado,5/17/2000,Múltiple,,false
285770,Ardis,Langeley,alangeleyft@tinypic.com,5,Psicosocial,Muy bajo,Media académica,Medio,3/6/2012,Muy Bajo,false,12/19/2021,,8/16/2017,Académica,6/12/2004,false
815412,Lisette,Aslum,laslumfu@ox.ac.uk,2,Académica,Alto,Media académica,Alto,4/15/2010,Bajo,false,4/9/2008,Actividades de autocuidado,3/1/2007,Académica,4/7/2004,true
930915,Jerrine,Geoghegan,jgeogheganfv@symantec.com,2,Económica,Alto,Media académica,Medio,7/12/2009,Medio,,1/3/2018,,9/20/2016,Múltiple,6/3/2009,false
251971,,Krammer,skrammerfw@webnode.com,,Psicosocial,Muy bajo,Nuevo,Alto,1/18/2016,Bajo,true,3/23/2009,Talleres psicosociales,2/15/2015,Psicosocial,9/22/2002,false
180772,Joshia,Algate,jalgatefx@amazonaws.com,10,Psicosocial,Alto,Nuevo,Alto,8/21/2019,Bajo,false,1/6/2002,Terapia individual,3/6/2007,Académica,10/12/2012,false
841612,Albrecht,House,ahousefy@princeton.edu,8,Económica,Muy alto,Media académica,Bajo,11/3/2016,,,,Otro,9/26/2022,Económica,10/15/2001,false
157814,Falito,Kopmann,fkopmannfz@xrea.com,4,Múltiple,Bajo,Nuevo,Alto,2/8/2013,Bajo,true,9/29/2006,Otro,3/25/2008,Económica,5/22/2021,true
266275,Baron,Daintrey,bdaintreyg0@thetimes.co.uk,2,Múltiple,Bajo,Media académica,Medio,5/6/2022,Bajo,true,8/25/2001,Otro,8/12/2011,Económica,4/9/2000,false
106874,Natassia,Garm,ngarmg1@netscape.com,2,Económica,Bajo,Admitido,Alto,4/19/2008,Muy Bajo,false,7/31/2005,Otro,,Psicosocial,3/27/2022,false
868847,Westbrooke,Hawkins,whawkinsg2@freewebs.com,,Múltiple,Muy alto,Media académica,Alto,5/20/2021,Medio,true,12/4/2020,Asesoría grupal,5/21/2003,Múltiple,8/14/2011,false
125597,Kile,Kitteman,kkittemang3@1und1.de,5,Académica,Bajo,Admitido,Bajo,10/12/2020,Alto,false,2/8/2021,Actividades de autocuidado,12/22/2019,Múltiple,12/15/2018,true
692132,Aldus,Dent,adentg4@hatena.ne.jp,,Académica,Bajo,Media académica,Bajo,3/4/2002,Muy Bajo,false,8/10/2001,Terapia individual,3/14/2005,Psicosocial,5/2/2014,true
896359,Rosalie,Raffon,rraffong5@qq.com,9,Múltiple,Bajo,Admitido,,4/11/2017,Bajo,false,5/6/2004,Otro,9/27/2001,,7/6/2007,true
709462,,Fonso,gfonsog6@scribd.com,3,,Medio,Media académica,Alto,12/4/2020,Bajo,false,2/18/2011,Terapia individual,7/1/2011,Económica,4/28/2015,false
113359,Miner,Ghidoni,mghidonig7@shop-pro.jp,9,Académica,Muy alto,Media académica,Bajo,7/29/2006,Alto,false,6/1/2011,Actividades de autocuidado,12/5/2018,Económica,12/5/2022,false
463897,Boonie,Wingate,bwingateg8@stumbleupon.com,,Múltiple,Alto,Media académica,,7/1/2009,Bajo,true,4/1/2012,Actividades de autocuidado,4/5/2002,,3/25/2004,false
542525,Shane,Kalisz,skaliszg9@discuz.net,,Económica,Medio,Nuevo,Alto,12/22/2009,Bajo,,11/12/2015,Actividades de autocuidado,7/21/2019,Académica,5/27/2012,false
806478,,Americi,ramericiga@webeden.co.uk,6,Académica,Alto,Nuevo,Alto,12/29/2003,Alto,,3/7/2004,Actividades de autocuidado,2/16/2003,Económica,4/11/2020,true
354630,Michele,Chicchelli,,2,Psicosocial,Muy alto,Media académica,Medio,,Bajo,true,3/15/2000,Actividades de autocuidado,1/3/2021,Psicosocial,10/31/2020,true
379196,Audry,Reidshaw,areidshawgc@canalblog.com,,Económica,Medio,Nuevo,Alto,,Muy Bajo,true,7/21/2022,Asesoría grupal,7/1/2021,Psicosocial,1/1/2010,true
656350,Russell,Ryley,rryleygd@businesswire.com,,Económica,Bajo,Admitido,Alto,6/20/2020,,true,6/6/2018,,1/2/2009,Económica,5/8/2020,false
590106,Virgilio,Monro,,10,Psicosocial,Muy alto,Media académica,Bajo,5/7/2014,,true,4/11/2008,Actividades de autocuidado,5/28/2022,Psicosocial,10/24/2021,true
780759,Lida,Bulle,lbullegf@wikispaces.com,4,Académica,Bajo,Nuevo,,4/18/2013,Medio,false,2/9/2017,Otro,8/14/2009,Psicosocial,7/16/2016,false
978089,Jaine,Maden,jmadengg@hao123.com,10,Múltiple,Medio,Media académica,Alto,,Alto,,6/15/2011,Otro,8/23/2011,Múltiple,7/24/2009,true
432238,Yuma,Thay,ythaygh@alibaba.com,,Múltiple,,Media académica,Alto,9/16/2005,Bajo,true,12/21/2001,Asesoría grupal,10/28/2011,Múltiple,12/1/2008,false
908589,Levi,Albery,,1,Económica,Muy bajo,Nuevo,Bajo,2/24/2020,,false,9/29/2017,Asesoría grupal,7/4/2013,Económica,7/9/2004,true
18571,Brooks,Eytel,beytelgj@dmoz.org,3,Múltiple,Medio,Admitido,Medio,7/28/2008,Alto,false,2/6/2010,Asesoría grupal,4/7/2004,Académica,11/19/2021,true
226275,,Stebbings,wstebbingsgk@mayoclinic.com,4,Académica,Bajo,Media académica,,9/5/2010,,false,12/17/2016,Terapia individual,9/9/2008,Académica,4/9/2015,false
131811,Vitoria,Bruckner,vbrucknergl@virginia.edu,8,,Alto,Media académica,Bajo,8/20/2007,Alto,true,12/30/2014,Talleres psicosociales,10/3/2022,Académica,12/6/2014,false
802071,,Johnson,vjohnsongm@twitpic.com,7,Académica,Bajo,Media académica,Alto,3/9/2010,Medio,true,1/2/2002,Talleres psicosociales,,Psicosocial,6/16/2004,true
285539,Corrie,Fenech,cfenechgn@yandex.ru,8,Académica,Muy bajo,Media académica,Medio,12/4/2000,Muy Bajo,false,3/26/2013,Actividades de autocuidado,7/30/2022,Psicosocial,12/17/2010,true
471100,Velma,Westnage,vwestnagego@adobe.com,6,Múltiple,Medio,Nuevo,Medio,4/23/2005,Muy Bajo,false,12/31/2007,Terapia individual,6/9/2004,Económica,6/22/2016,true
137146,Tilly,Valasek,tvalasekgp@github.io,4,Económica,Medio,Admitido,Medio,11/17/2009,Medio,false,8/13/2002,Terapia individual,1/21/2008,Académica,12/19/2007,true
134770,Harlan,Jaskowicz,hjaskowiczgq@cnn.com,3,,Muy alto,Media académica,Bajo,4/3/2001,Alto,false,1/28/2001,Asesoría grupal,9/11/2006,Múltiple,5/22/2011,true
97755,Akim,Cuseick,,8,,Muy bajo,Media académica,,11/25/2003,Bajo,false,6/21/2021,Talleres psicosociales,1/3/2020,Psicosocial,8/11/2002,false
261958,Mervin,Vannini,mvanninigs@alexa.com,9,Psicosocial,Muy alto,Admitido,Alto,6/3/2016,Bajo,false,2/1/2012,Talleres psicosociales,8/21/2002,Académica,7/1/2005,false
723679,Adolphus,Brand-Hardy,abrandhardygt@edublogs.org,9,Múltiple,Muy bajo,,Medio,11/15/2005,Bajo,true,3/31/2000,Actividades de autocuidado,,Económica,9/3/2007,false
15510,Melony,Pepler,mpeplergu@twitpic.com,6,Múltiple,Muy alto,Media académica,Bajo,3/10/2019,Alto,false,1/1/2012,Asesoría grupal,4/26/2009,Académica,11/14/2020,false
182917,Allyson,Daverin,,8,Académica,Bajo,Admitido,Medio,12/20/2002,Bajo,false,1/4/2014,Terapia individual,3/21/2016,Psicosocial,4/8/2001,
933866,Dasi,McQuaid,dmcquaidgw@bizjournals.com,1,Académica,Muy alto,Media académica,Medio,5/3/2000,Medio,false,4/21/2004,Actividades de autocuidado,11/21/2011,Económica,8/3/2019,true
496165,,Strothers,,5,Psicosocial,Muy bajo,Media académica,Bajo,11/27/2005,Muy Bajo,true,5/29/2021,Actividades de autocuidado,7/10/2021,Económica,11/7/2011,true
233828,Velvet,,vmaclesegy@japanpost.jp,1,Económica,Muy bajo,Admitido,,6/12/2002,Bajo,true,1/4/2007,Terapia individual,4/27/2007,Académica,10/6/2018,
141792,Marcella,Woodrup,mwoodrupgz@whitehouse.gov,6,Académica,Muy alto,Media académica,,,Bajo,true,8/16/2016,Talleres psicosociales,7/29/2007,Académica,7/30/2013,true
277945,Arlin,Harkness,aharknessh0@booking.com,1,Psicosocial,Muy bajo,Media académica,Bajo,10/25/2000,,true,5/26/2009,Actividades de autocuidado,3/4/2004,Económica,4/4/2022,true
737295,Romonda,Robus,rrobush1@nsw.gov.au,9,Múltiple,Medio,Admitido,Alto,7/11/2003,Alto,false,11/16/2005,Actividades de autocuidado,11/14/2011,Múltiple,1/31/2013,true
216155,Tamiko,Girogetti,tgirogettih2@toplist.cz,6,Múltiple,Muy bajo,Nuevo,Medio,12/9/2006,Alto,false,4/1/2020,Otro,11/15/2000,Psicosocial,9/1/2015,true
860949,Eda,Annetts,eannettsh3@wikia.com,6,Académica,,Admitido,Bajo,5/11/2001,Bajo,false,10/31/2006,Asesoría grupal,6/13/2001,Económica,9/17/2011,true
857050,Ellery,Farmiloe,efarmiloeh4@wisc.edu,7,Académica,,Admitido,Alto,4/25/2013,Medio,true,12/30/2018,Asesoría grupal,11/4/2021,Psicosocial,8/25/2005,true
548434,Leanora,Zanre,lzanreh5@arstechnica.com,8,Académica,,Nuevo,Bajo,5/28/2013,Medio,true,3/20/2016,Terapia individual,1/25/2010,Psicosocial,10/28/2015,false
135392,,Clausson,cclaussonh6@cam.ac.uk,10,Académica,Muy bajo,Nuevo,Bajo,2/6/2019,Medio,,11/23/2005,Asesoría grupal,6/1/2007,Múltiple,10/26/2019,true
802618,Martina,Denisovich,mdenisovichh7@ed.gov,8,Múltiple,Alto,Nuevo,Alto,6/10/2003,Medio,true,6/20/2001,Terapia individual,7/23/2013,Psicosocial,8/30/2008,true
71083,Sterling,Bogart,sbogarth8@msu.edu,5,Psicosocial,Bajo,Media académica,Medio,5/16/2008,Bajo,false,4/14/2022,Terapia individual,5/21/2015,Académica,6/30/2000,true
482383,Ilyse,Keep,ikeeph9@ed.gov,10,Psicosocial,Alto,Nuevo,Medio,10/8/2003,Alto,true,8/3/2012,,7/2/2008,Económica,11/23/2021,true
70982,Livvy,Polson,lpolsonha@bbc.co.uk,,Económica,Muy alto,,Alto,7/30/2022,Muy Bajo,true,1/26/2012,Terapia individual,12/20/2017,Psicosocial,9/30/2021,false
464869,Susana,Vye,svyehb@4shared.com,9,Económica,Muy alto,Media académica,Alto,5/25/2019,Muy Bajo,false,6/14/2017,Terapia individual,10/25/2007,,9/5/2013,true
591651,Feodora,Janaway,fjanawayhc@virginia.edu,7,Psicosocial,Bajo,Admitido,Bajo,6/17/2004,Alto,false,4/3/2010,Asesoría grupal,5/3/2010,Múltiple,12/7/2012,false
339427,Ginni,Giraux,ggirauxhd@feedburner.com,8,Económica,Muy alto,Media académica,,4/22/2006,Alto,false,8/27/2002,Actividades de autocuidado,10/9/2006,Económica,8/1/2022,true
502630,Judye,Schutt,jschutthe@state.gov,9,Múltiple,Muy bajo,Nuevo,Alto,1/6/2008,Alto,false,6/30/2017,Actividades de autocuidado,10/1/2018,Económica,9/19/2002,false
53997,Lil,Prosek,lprosekhf@kickstarter.com,1,Psicosocial,Muy bajo,Media académica,Alto,12/20/2021,Alto,true,4/10/2009,Terapia individual,10/8/2020,Psicosocial,4/30/2005,true
506680,Devlin,Holt,dholthg@oracle.com,3,Económica,Muy bajo,Admitido,Bajo,2/14/2006,Alto,true,5/31/2005,Otro,6/16/2016,Académica,2/27/2010,false
769769,Abramo,Diss,adisshh@vinaora.com,10,Psicosocial,Muy bajo,Nuevo,Bajo,11/25/2013,Alto,false,11/17/2010,Terapia individual,8/2/2006,Psicosocial,4/23/2008,
544221,Darcy,Riddich,driddichhi@un.org,,Psicosocial,Bajo,Admitido,,11/13/2008,Muy Bajo,,12/9/2005,Asesoría grupal,,Psicosocial,11/21/2013,true
993980,Leonanie,,lmorstatthj@imgur.com,,Múltiple,,Media académica,,3/20/2005,Medio,true,11/14/2021,Asesoría grupal,1/20/2015,Económica,1/16/2022,true
415189,Allyson,Prendiville,aprendivillehk@redcross.org,,Psicosocial,Muy alto,Admitido,Medio,3/13/2008,Alto,false,10/3/2022,Actividades de autocuidado,2/26/2021,Económica,3/11/2000,true
825887,Becky,Morillas,bmorillashl@theatlantic.com,5,,Bajo,Admitido,Medio,7/5/2012,Bajo,false,8/5/2004,Terapia individual,11/9/2004,Múltiple,3/2/2000,true
198469,Oralle,Halewood,ohalewoodhm@slideshare.net,,Múltiple,Muy bajo,Admitido,Medio,3/16/2014,Alto,false,3/30/2001,Actividades de autocuidado,7/27/2005,Múltiple,3/20/2007,true
384627,Lothario,Queste,lquestehn@yahoo.com,7,Académica,Muy alto,Media académica,Alto,10/30/2004,Medio,false,5/3/2005,Otro,2/15/2014,Académica,5/3/2011,true
671661,,Kennler,bkennlerho@prlog.org,,Económica,Medio,Media académica,Alto,10/9/2004,Muy Bajo,true,4/6/2021,Otro,3/17/2007,Económica,1/25/2001,true
180947,Court,Bolton,cboltonhp@dailymail.co.uk,8,Económica,Muy bajo,Admitido,Bajo,7/10/2014,Bajo,false,8/25/2018,Actividades de autocuidado,9/12/2012,Académica,9/19/2016,true
922580,Jaine,Beamand,jbeamandhq@weibo.com,8,Múltiple,Alto,Admitido,Medio,1/30/2004,Alto,true,1/21/2000,Actividades de autocuidado,12/16/2001,Psicosocial,4/13/2010,false
366273,Cindee,Cattow,ccattowhr@mit.edu,8,Psicosocial,Bajo,Nuevo,,4/16/2013,,false,8/14/2015,Otro,5/16/2014,Psicosocial,12/8/2003,true
38541,Bobbie,Armer,barmerhs@princeton.edu,6,Académica,Medio,Media académica,Alto,5/5/2009,Medio,,2/5/2006,Talleres psicosociales,12/23/2019,Económica,10/13/2003,true
453490,Roselle,Balch,rbalchht@cam.ac.uk,2,,Muy alto,Admitido,Medio,11/22/2010,Medio,true,6/4/2012,Terapia individual,11/20/2015,Económica,9/17/2016,false
298338,Craggie,Chilver,cchilverhu@dailymotion.com,,Económica,Muy alto,Nuevo,Alto,2/11/2018,Bajo,,11/17/2004,Otro,2/7/2010,Psicosocial,7/11/2014,true
330099,Lindy,Kerkham,lkerkhamhv@cornell.edu,6,Académica,Alto,Nuevo,Alto,10/29/2000,Muy Bajo,false,9/27/2014,Terapia individual,7/9/2018,Académica,7/13/2012,true
873299,Honey,Adlam,hadlamhw@hubpages.com,2,Académica,Muy alto,,Medio,2/12/2019,Muy Bajo,false,1/15/2003,Otro,12/1/2009,Múltiple,3/26/2017,false
307302,De witt,Sarle,dsarlehx@cmu.edu,10,Psicosocial,Bajo,Nuevo,Bajo,1/7/2011,Muy Bajo,false,12/5/2022,Asesoría grupal,1/9/2010,Psicosocial,3/14/2005,true
298844,Barret,Lindblom,blindblomhy@sogou.com,,,Bajo,Media académica,Bajo,6/9/2009,Alto,false,6/9/2015,Actividades de autocuidado,7/6/2012,Psicosocial,10/9/2013,true
446002,Dov,Van Geffen,dvangeffenhz@fc2.com,3,,Bajo,,Medio,7/18/2022,Bajo,true,5/31/2017,Asesoría grupal,5/16/2018,Psicosocial,1/10/2000,true
588798,Brita,Jambrozek,bjambrozeki0@wufoo.com,3,Múltiple,,,Bajo,12/26/2012,Muy Bajo,true,11/24/2009,,2/9/2021,Académica,9/28/2012,false
780406,Joela,McRobb,jmcrobbi1@google.ca,10,Psicosocial,Medio,Nuevo,,7/16/2016,Muy Bajo,false,8/31/2019,Actividades de autocuidado,10/4/2001,Psicosocial,7/5/2019,true
112663,Leena,Rasor,lrasori2@jalbum.net,7,Múltiple,Medio,Nuevo,Bajo,9/29/2009,Bajo,true,8/12/2013,Talleres psicosociales,6/1/2009,Económica,5/7/2012,false
210459,Pete,Shobbrook,pshobbrooki3@ow.ly,4,Económica,Alto,Admitido,Medio,7/16/2007,Muy Bajo,false,3/9/2011,Terapia individual,7/10/2001,Económica,11/17/2005,true
413755,Wynny,Popeley,wpopeleyi4@shinystat.com,5,Académica,Medio,Admitido,Bajo,11/23/2006,Medio,true,8/20/2001,,8/15/2014,Académica,,false
391940,Kirsten,Waldera,kwalderai5@myspace.com,3,Económica,Muy bajo,Admitido,Alto,12/23/2005,Alto,true,5/6/2009,Terapia individual,7/25/2012,Múltiple,9/5/2008,true
943665,Rosetta,Dunkerly,rdunkerlyi6@squidoo.com,1,Psicosocial,Muy alto,Media académica,Alto,1/8/2019,Alto,true,10/26/2004,Otro,2/23/2002,Académica,7/5/2016,false
84035,,Ruter,bruteri7@qq.com,4,Psicosocial,Bajo,Nuevo,Bajo,10/5/2006,Bajo,true,6/8/2012,Asesoría grupal,5/7/2012,Psicosocial,9/3/2006,false
533249,Krispin,Annice,kannicei8@cnn.com,7,Psicosocial,Medio,Admitido,Alto,1/15/2019,Medio,false,9/9/2005,Talleres psicosociales,5/6/2012,Económica,9/1/2007,false
707863,Deerdre,Pee,,2,Múltiple,Muy bajo,Nuevo,Alto,7/3/2011,Alto,false,8/23/2005,Talleres psicosociales,10/1/2001,Psicosocial,11/4/2021,false
206956,Robbie,O'Siaghail,rosiaghailia@abc.net.au,2,Económica,Medio,Media académica,,8/10/2009,Medio,false,6/1/2016,Actividades de autocuidado,7/29/2011,Académica,6/16/2006,true
840638,Washington,Dietmar,wdietmarib@live.com,10,Económica,Muy alto,Media académica,,7/20/2006,Alto,true,8/4/2011,Terapia individual,10/29/2019,Múltiple,2/20/2011,true
697828,Chadd,Leveret,cleveretic@tiny.cc,6,Múltiple,Medio,Media académica,,7/9/2006,Medio,false,3/27/2000,Terapia individual,8/24/2014,Psicosocial,9/8/2013,true
224333,Kerri,Kilty,kkiltyid@dedecms.com,5,,Medio,Nuevo,Medio,1/4/2004,Medio,false,11/20/2020,Actividades de autocuidado,5/20/2009,Psicosocial,10/27/2005,true
477054,Kiley,McLorinan,kmclorinanie@angelfire.com,5,Múltiple,Muy alto,Media académica,,3/1/2004,Muy Bajo,true,11/14/2011,Otro,8/6/2006,Múltiple,9/11/2015,false
913886,Belle,Norwood,bnorwoodif@unblog.fr,7,Psicosocial,,Admitido,Bajo,9/24/2000,Alto,false,1/7/2000,Otro,4/21/2012,Múltiple,5/4/2003,false
70409,Cecilius,Fenix,cfenixig@ustream.tv,10,Psicosocial,Muy alto,Nuevo,Alto,1/25/2011,Alto,false,1/16/2021,Asesoría grupal,2/11/2003,Múltiple,1/11/2016,false
592915,,Hyndman,mhyndmanih@mozilla.com,8,Académica,Bajo,Media académica,Medio,5/27/2013,Bajo,true,2/18/2022,Actividades de autocuidado,4/22/2002,Psicosocial,3/11/2020,true
982673,Brigitte,Hassan,bhassanii@studiopress.com,4,Económica,Muy bajo,,Alto,12/19/2011,Muy Bajo,false,3/25/2006,Otro,8/17/2009,Psicosocial,1/16/2019,false
292373,Orion,Brugger,obruggerij@ask.com,2,Psicosocial,Muy bajo,,Medio,2/21/2014,Medio,true,7/6/2009,Asesoría grupal,12/5/2015,Psicosocial,6/27/2001,true
65174,,Hayball,khayballik@dell.com,5,Múltiple,Alto,Media académica,,9/28/2019,Bajo,false,7/17/2019,Actividades de autocuidado,9/11/2003,Psicosocial,12/3/2013,true
801431,Lena,Gwin,lgwinil@stanford.edu,4,Psicosocial,Bajo,Media académica,Medio,8/18/2017,Muy Bajo,false,,Talleres psicosociales,4/30/2013,Psicosocial,4/26/2020,false
878265,Teodor,Dawid,tdawidim@vistaprint.com,1,,Muy alto,Admitido,Alto,1/19/2020,Medio,false,8/20/2005,Terapia individual,11/25/2011,Psicosocial,3/1/2014,true
490871,,Mickleborough,bmickleboroughin@stanford.edu,5,Económica,,Nuevo,Bajo,3/8/2001,,false,12/25/2018,Asesoría grupal,1/24/2022,Académica,4/29/2007,true
477319,Lauretta,Scriver,lscriverio@alexa.com,1,Económica,Medio,Media académica,Bajo,6/22/2018,,true,11/14/2010,Otro,5/31/2020,Académica,11/11/2000,false
173883,Seymour,Manhood,,8,Psicosocial,,Nuevo,Bajo,3/17/2004,Alto,true,9/12/2009,Terapia individual,6/19/2019,Psicosocial,7/13/2014,false
676977,Max,Searchwell,msearchwelliq@usa.gov,2,,Medio,Admitido,Medio,6/12/2014,Muy Bajo,false,7/26/2016,Terapia individual,4/11/2003,Psicosocial,7/25/2008,false
825549,Madelina,Marshal,mmarshalir@artisteer.com,2,Económica,Muy bajo,Nuevo,Alto,12/13/2015,Muy Bajo,true,12/13/2015,Terapia individual,10/21/2004,Económica,,false
993281,Rae,Feige,rfeigeis@howstuffworks.com,4,Psicosocial,Alto,Admitido,,9/5/2014,Alto,true,10/12/2009,Actividades de autocuidado,8/12/2013,Económica,1/3/2020,true
894120,Oates,Sein,oseinit@artisteer.com,7,Económica,Muy alto,Admitido,Alto,12/26/2006,,false,5/20/2003,Asesoría grupal,3/9/2006,Económica,10/4/2021,false
486641,Jenny,Jovanovic,jjovanoviciu@nsw.gov.au,,Múltiple,Muy alto,Nuevo,Medio,9/4/2013,Muy Bajo,false,1/27/2004,Asesoría grupal,1/21/2009,Múltiple,3/28/2012,false
695183,Wilma,McKimmie,wmckimmieiv@lycos.com,2,Económica,Bajo,Nuevo,Medio,12/2/2015,Medio,true,8/27/2021,Talleres psicosociales,3/11/2016,Económica,4/26/2017,false
869631,Umberto,Matteucci,umatteucciiw@tripod.com,5,Múltiple,,Nuevo,Alto,10/10/2002,Bajo,true,4/3/2003,Talleres psicosociales,8/25/2013,Múltiple,2/3/2000,true
526513,,Latchford,,,Académica,Medio,,Bajo,5/12/2020,Alto,false,10/28/2013,Otro,6/30/2011,Académica,6/4/2017,true
57587,Konstantine,Bole,kboleiy@pen.io,5,Económica,,Media académica,Medio,6/18/2014,Medio,true,4/16/2000,Terapia individual,8/15/2010,Múltiple,2/25/2005,true
855458,Alexandros,Halversen,ahalverseniz@tiny.cc,2,Académica,Muy alto,,Alto,3/26/2017,Medio,true,7/24/2020,Asesoría grupal,5/20/2010,Múltiple,2/25/2011,true
96189,Maureen,,mtroutbeckj0@ifeng.com,6,Múltiple,Medio,Nuevo,Alto,8/31/2006,,true,5/20/2022,Otro,3/31/2016,Psicosocial,2/19/2007,true
517055,Ennis,Orrill,eorrillj1@weather.com,4,Económica,Muy alto,,,6/8/2007,Medio,true,12/22/2003,Talleres psicosociales,8/14/2001,Académica,11/23/2013,false
315122,Carlyn,Gawn,cgawnj2@usa.gov,10,Psicosocial,Alto,Media académica,Medio,5/11/2007,Medio,true,4/19/2008,Asesoría grupal,4/2/2006,Múltiple,1/31/2000,false
256442,Gussi,Ratray,gratrayj3@dedecms.com,,Psicosocial,Muy alto,,Alto,1/22/2022,Bajo,true,7/18/2010,Terapia individual,4/29/2017,Económica,12/14/2005,false
240910,Bernette,Craythorne,bcraythornej4@discovery.com,2,Psicosocial,Muy bajo,Nuevo,Medio,1/22/2011,Muy Bajo,true,2/13/2019,Asesoría grupal,10/15/2012,Económica,9/20/2007,false
974677,Blondell,Crighton,bcrightonj5@twitpic.com,3,Económica,Medio,Admitido,Bajo,5/22/2010,Bajo,false,6/1/2009,Asesoría grupal,12/12/2020,Múltiple,9/15/2020,false
26522,Arvy,Pye,apyej6@desdev.cn,7,Académica,Medio,Admitido,Bajo,,Bajo,true,1/14/2003,Asesoría grupal,3/30/2012,Económica,7/23/2001,false
772588,Ferne,Braddock,fbraddockj7@sciencedirect.com,,Económica,Alto,Media académica,,10/29/2005,Alto,true,10/12/2016,Otro,9/23/2000,Múltiple,1/25/2003,false
850841,Dana,Simcock,,10,Psicosocial,Bajo,Admitido,Medio,5/29/2009,Alto,true,6/8/2000,Talleres psicosociales,11/14/2005,Múltiple,11/3/2010,true
241967,Cecil,Beney,cbeneyj9@oaic.gov.au,6,Académica,Alto,,Bajo,11/23/2017,Muy Bajo,true,7/2/2013,Talleres psicosociales,6/23/2000,Psicosocial,6/28/2007,false
768489,Tracie,Shutt,tshuttja@baidu.com,10,Múltiple,Medio,Admitido,Bajo,10/7/2013,Medio,,1/6/2009,Terapia individual,8/5/2009,Económica,2/6/2001,false
238413,,Deveral,sdeveraljb@opensource.org,9,Económica,,Media académica,Medio,3/28/2016,Alto,true,10/24/2004,Otro,,Económica,9/9/2015,true
682200,Willy,Yanele,wyanelejc@cam.ac.uk,5,Económica,,Media académica,,5/27/2005,Muy Bajo,,1/11/2021,Talleres psicosociales,,Psicosocial,5/28/2017,true
519185,Emmet,Gourley,egourleyjd@feedburner.com,4,Múltiple,Alto,Admitido,Bajo,1/23/2005,Medio,true,1/25/2020,Otro,11/2/2005,Económica,8/18/2022,false
507607,Corliss,Trewinnard,ctrewinnardje@ebay.com,3,Académica,Muy bajo,Media académica,Alto,7/31/2003,Bajo,false,10/8/2006,Otro,6/23/2007,Psicosocial,3/8/2001,
435012,Kris,Harrower,kharrowerjf@sciencedirect.com,4,,Bajo,Nuevo,,4/24/2007,Medio,false,9/23/2009,Talleres psicosociales,4/8/2016,Económica,1/10/2005,false
994969,Veronique,Haldenby,vhaldenbyjg@samsung.com,6,Múltiple,Medio,Admitido,Alto,7/25/2002,Medio,false,8/28/2001,Talleres psicosociales,6/1/2014,Académica,7/11/2022,false
353065,Keeley,Ducket,kducketjh@lulu.com,9,Económica,Alto,Nuevo,Bajo,10/6/2017,Alto,false,6/17/2009,Actividades de autocuidado,1/14/2014,Múltiple,10/3/2020,false
613062,Berry,Barabisch,bbarabischji@theglobeandmail.com,9,,Muy bajo,Nuevo,Bajo,10/4/2017,Alto,true,4/29/2020,Terapia individual,12/9/2009,,5/5/2021,false
893016,Nellie,Heineking,nheinekingjj@wisc.edu,10,Académica,Muy bajo,Nuevo,Bajo,1/9/2000,Bajo,true,1/10/2015,Asesoría grupal,2/6/2006,Psicosocial,4/19/2003,true
971663,Clo,Clouston,ccloustonjk@phpbb.com,6,Económica,Muy alto,Admitido,Alto,7/23/2004,Muy Bajo,false,3/28/2000,Talleres psicosociales,8/28/2012,Múltiple,10/6/2009,false
150032,Carver,Pottle,cpottlejl@earthlink.net,3,Académica,,Media académica,Medio,4/16/2004,Medio,false,2/24/2010,Asesoría grupal,6/22/2006,Académica,8/15/2013,true
658935,,Arias,rariasjm@reddit.com,10,Académica,Muy alto,Media académica,,6/2/2007,Muy Bajo,false,8/28/2004,Talleres psicosociales,6/19/2009,Económica,4/20/2002,false
164184,Dannie,Grinishin,dgrinishinjn@house.gov,3,Académica,,Admitido,Bajo,3/2/2017,Bajo,false,1/27/2022,Talleres psicosociales,8/22/2011,Económica,,true
670388,Bernard,Rutherford,brutherfordjo@reuters.com,7,Múltiple,Muy alto,Nuevo,Medio,10/6/2020,Medio,false,8/27/2018,Talleres psicosociales,1/11/2010,Económica,8/30/2009,true
894001,Colene,Teek,cteekjp@squarespace.com,10,,Alto,Nuevo,Medio,9/3/2013,Alto,false,8/20/2002,Asesoría grupal,3/4/2006,Psicosocial,7/28/2016,false
549644,Baron,Jeffcoat,bjeffcoatjq@ihg.com,3,Psicosocial,Muy bajo,Admitido,Bajo,8/14/2001,Muy Bajo,false,5/9/2012,Otro,2/5/2020,Académica,2/28/2011,true
579048,Alessandro,Shepley,ashepleyjr@slashdot.org,6,Económica,Medio,Admitido,,6/25/2013,Medio,true,11/25/2019,Talleres psicosociales,1/2/2012,Académica,1/1/2002,false
604138,Bobby,Manginot,bmanginotjs@surveymonkey.com,4,Económica,,Admitido,Medio,9/18/2011,Bajo,false,9/15/2016,Asesoría grupal,5/20/2005,Económica,5/17/2005,true
84200,Danica,Treen,dtreenjt@opensource.org,3,Económica,Muy alto,Admitido,Bajo,6/2/2019,Medio,false,8/31/2000,Talleres psicosociales,4/29/2007,Múltiple,5/13/2021,false
656718,Gus,Craster,gcrasterju@home.pl,,Académica,,Media académica,Bajo,2/9/2010,Bajo,false,5/4/2010,Otro,6/21/2006,Psicosocial,5/20/2019,false
763133,Morgun,Ferrieri,mferrierijv@altervista.org,8,Psicosocial,Bajo,,Medio,8/28/2011,Alto,true,5/8/2022,Talleres psicosociales,5/14/2010,Múltiple,8/28/2011,true
966866,Tara,Blacklawe,tblacklawejw@bluehost.com,1,Psicosocial,Alto,Nuevo,Alto,9/21/2003,Medio,false,7/17/2001,Terapia individual,12/23/2003,Económica,8/14/2008,true
718441,Prince,Snaden,psnadenjx@gov.uk,7,Múltiple,Muy alto,Media académica,Bajo,1/10/2004,Alto,true,5/22/2014,,8/29/2006,Económica,12/12/2012,true
75119,Keven,,kjeromsonjy@statcounter.com,6,Psicosocial,Alto,Media académica,Bajo,2/5/2007,Bajo,true,4/5/2004,Actividades de autocuidado,12/31/2006,Múltiple,12/28/2005,false
656803,Marcela,Hechlin,mhechlinjz@unblog.fr,5,Económica,Medio,Nuevo,Alto,3/29/2014,Alto,true,1/18/2008,Talleres psicosociales,4/2/2000,Psicosocial,10/11/2005,false
265972,Sophronia,Gascoine,sgascoinek0@google.co.jp,3,Múltiple,Muy alto,Media académica,Bajo,,Bajo,false,9/23/2012,Terapia individual,1/5/2016,Múltiple,9/19/2005,false
153884,Nathan,Langabeer,nlangabeerk1@simplemachines.org,6,Económica,Alto,Admitido,Bajo,2/24/2022,Medio,true,7/4/2014,,8/12/2005,Académica,10/1/2015,false
406405,Bride,Borge,bborgek2@google.com.au,6,Económica,Alto,Nuevo,Bajo,2/12/2009,Bajo,false,5/14/2021,Otro,5/16/2014,Académica,7/2/2001,false
14175,Jere,Klaussen,jklaussenk3@blogs.com,2,Económica,Muy bajo,Media académica,Alto,3/6/2022,Alto,,2/5/2016,,7/4/2012,Múltiple,7/19/2021,false
89442,Bonni,Klainman,bklainmank4@theguardian.com,5,Académica,Alto,Admitido,Bajo,,Alto,true,3/24/2004,Otro,5/18/2006,Psicosocial,8/2/2009,true
241234,,Mongenot,dmongenotk5@ucla.edu,10,Múltiple,,Media académica,Bajo,9/1/2004,Alto,false,10/25/2004,Otro,8/25/2008,Académica,9/6/2010,false
686374,Shannon,Sedgemore,ssedgemorek6@europa.eu,10,Psicosocial,Bajo,Media académica,Alto,,Bajo,false,6/16/2018,,3/22/2007,Académica,9/12/2011,false
945323,,Carnall,acarnallk7@constantcontact.com,5,Múltiple,Alto,Media académica,Bajo,5/12/2019,Bajo,false,7/17/2003,Talleres psicosociales,11/22/2002,Múltiple,12/18/2021,true
321736,Kerry,Fall,kfallk8@tinyurl.com,,Múltiple,Bajo,Nuevo,Alto,7/11/2000,Bajo,false,10/14/2016,Talleres psicosociales,4/4/2007,Psicosocial,12/28/2022,true
483873,Jo-ann,McCafferky,jmccafferkyk9@bloglovin.com,9,Múltiple,Alto,Admitido,Alto,8/26/2007,Muy Bajo,true,6/26/2013,Terapia individual,8/7/2003,Múltiple,12/3/2010,true
20270,Zebulon,Beekmann,zbeekmannka@hhs.gov,5,Psicosocial,Medio,Nuevo,Medio,1/29/2012,Bajo,true,4/29/2015,Actividades de autocuidado,7/10/2006,Psicosocial,7/14/2015,false
603730,Lorrie,Schaumaker,lschaumakerkb@acquirethisname.com,5,Académica,Muy alto,Admitido,Medio,11/22/2009,Medio,false,10/10/2004,Talleres psicosociales,2/3/2006,Psicosocial,8/22/2001,false
942409,Liva,Maffioni,lmaffionikc@google.ca,9,Múltiple,Muy bajo,Nuevo,Alto,12/26/2012,Medio,true,10/6/2004,Otro,12/28/2006,Múltiple,1/29/2008,false
438327,Cassaundra,,cfewsterkd@ovh.net,2,Académica,Medio,,Bajo,3/18/2010,Medio,false,4/1/2006,Asesoría grupal,3/28/2009,Psicosocial,11/3/2001,true
709916,Heinrik,Treamayne,htreamayneke@artisteer.com,7,Psicosocial,Muy bajo,Admitido,Bajo,7/3/2013,Bajo,false,1/7/2018,Otro,7/14/2011,Académica,5/3/2013,false
697035,Jessi,Marriage,jmarriagekf@mashable.com,2,Psicosocial,Alto,Admitido,Bajo,6/18/2021,Muy Bajo,false,12/1/2016,Asesoría grupal,1/7/2010,Psicosocial,3/9/2014,false
21203,Clarice,Grayshan,cgrayshankg@g.co,8,,Bajo,Nuevo,Bajo,2/15/2012,Medio,true,,Otro,6/18/2007,Psicosocial,11/21/2002,false
403243,Henrieta,Dods,hdodskh@shop-pro.jp,4,Académica,Alto,Media académica,Medio,6/25/2017,Alto,false,7/8/2007,Otro,4/4/2005,Psicosocial,11/8/2004,true
578738,Glennis,Ledrane,gledraneki@behance.net,3,Económica,Muy alto,Media académica,Bajo,6/27/2010,Bajo,false,3/7/2020,Actividades de autocuidado,2/22/2015,Psicosocial,10/27/2015,false
321968,Virginia,Curman,vcurmankj@bloglines.com,10,Múltiple,Medio,Nuevo,Medio,9/6/2007,Bajo,true,1/20/2020,Actividades de autocuidado,2/7/2015,Psicosocial,3/8/2007,true
254109,Bridget,Geraudel,bgeraudelkk@dagondesign.com,3,Múltiple,Bajo,Media académica,Bajo,1/13/2014,Medio,true,,Actividades de autocuidado,11/4/2002,Múltiple,11/9/2011,
519739,Audie,Madders,amadderskl@unblog.fr,7,Psicosocial,Muy alto,Media académica,,1/1/2017,Medio,true,9/8/2002,Talleres psicosociales,10/11/2009,Académica,,false
284814,Garv,Harsnipe,,7,Psicosocial,,Media académica,Alto,1/15/2005,Medio,true,4/23/2010,Talleres psicosociales,11/22/2020,Económica,9/8/2013,false
564679,Berni,Smitherham,bsmitherhamkn@angelfire.com,3,Académica,Muy bajo,Media académica,Medio,2/21/2008,Muy Bajo,false,10/31/2014,Talleres psicosociales,11/5/2005,Académica,12/2/2007,true
343088,Tally,MacCheyne,tmaccheyneko@tinypic.com,4,Psicosocial,Muy bajo,Admitido,Medio,12/25/2009,,true,11/23/2003,Otro,1/24/2001,,4/3/2000,false
710096,Odella,Epton,oeptonkp@wisc.edu,3,Académica,Medio,Media académica,Medio,7/26/2008,Medio,,1/30/2008,Actividades de autocuidado,9/3/2013,Académica,5/9/2014,true
82078,Marilee,Coventry,mcoventrykq@mail.ru,6,Económica,Muy bajo,Admitido,Medio,7/25/2000,Alto,false,7/19/2021,Talleres psicosociales,7/19/2018,Psicosocial,9/6/2020,false
208773,Fionnula,Zavattiero,fzavattierokr@ifeng.com,7,Psicosocial,Muy alto,Admitido,Alto,7/3/2014,Muy Bajo,true,9/23/2021,Terapia individual,1/27/2011,Académica,8/19/2005,false
209143,Consuela,Pesik,cpesikks@bing.com,,Económica,Bajo,Nuevo,Medio,1/19/2000,Muy Bajo,true,7/24/2012,Actividades de autocuidado,2/25/2007,Múltiple,12/9/2006,true
678470,Harriett,Titford,htitfordkt@businesswire.com,6,Psicosocial,Alto,Media académica,Medio,7/9/2016,Medio,true,11/2/2012,Terapia individual,12/10/2020,Académica,8/20/2013,false
518354,Aguistin,Bonnick,abonnickku@sun.com,,Económica,,Media académica,Alto,9/21/2005,Medio,true,5/21/2019,Talleres psicosociales,3/10/2001,Psicosocial,,true
7916,Jourdain,Gallico,jgallicokv@facebook.com,7,Psicosocial,Muy bajo,Media académica,Bajo,7/26/2002,Medio,true,5/15/2007,Otro,5/21/2009,Psicosocial,8/29/2005,false
159333,,Lynskey,,6,,Medio,Nuevo,Alto,1/23/2020,Bajo,false,12/23/2006,,1/30/2020,Psicosocial,5/29/2012,true
319630,Stacia,Biskupek,sbiskupekkx@cnbc.com,2,Múltiple,,Admitido,Alto,12/23/2005,Muy Bajo,true,2/7/2004,Terapia individual,2/2/2009,Académica,8/18/2006,false
881818,Nels,Cheves,nchevesky@wsj.com,1,Psicosocial,Alto,Media académica,Bajo,11/3/2002,Bajo,,8/14/2022,Otro,11/13/2019,Académica,10/14/2021,true
144842,Shaine,Mallall,smallallkz@free.fr,10,Académica,Medio,Nuevo,Alto,1/4/2017,Muy Bajo,false,9/15/2016,Otro,3/13/2021,Múltiple,8/27/2021,false
442739,,Foulser,sfoulserl0@hexun.com,4,Económica,Bajo,Nuevo,Medio,7/8/2015,Alto,true,1/26/2011,Terapia individual,8/12/2017,Económica,1/1/2012,false
498033,Mureil,Dillon,mdillonl1@comsenz.com,10,Psicosocial,Muy bajo,Media académica,Medio,11/19/2018,Alto,,1/20/2008,Talleres psicosociales,11/18/2006,Psicosocial,2/13/2002,false
778101,,Conant,cconantl2@friendfeed.com,3,Múltiple,Bajo,Media académica,Bajo,6/5/2010,Medio,true,6/13/2015,Asesoría grupal,1/3/2013,Económica,12/4/2019,false
342252,Maggy,Devenish,mdevenishl3@t-online.de,6,,Muy bajo,Nuevo,Medio,,Bajo,true,3/20/2006,Otro,6/2/2016,Académica,4/26/2021,false
927854,Regan,Pedri,rpedril4@fda.gov,6,Psicosocial,Medio,,Alto,3/10/2021,Medio,false,6/28/2008,Talleres psicosociales,5/12/2009,Psicosocial,9/16/2007,false
649848,Marcello,Lorain,,9,Económica,Muy alto,Nuevo,Bajo,10/3/2005,Muy Bajo,true,11/9/2015,Terapia individual,1/9/2015,Económica,4/2/2014,false
91448,Philomena,Raft,praftl6@360.cn,7,,Muy alto,Nuevo,Medio,9/22/2002,Alto,false,3/6/2020,Terapia individual,,Múltiple,6/13/2002,true
684018,Brianna,Erett,berettl7@hhs.gov,4,Múltiple,Muy alto,,Alto,5/1/2022,Muy Bajo,false,10/3/2012,Talleres psicosociales,6/7/2021,Múltiple,6/23/2006,true
803284,Chelsea,Canet,ccanetl8@mit.edu,6,,Alto,Media académica,Alto,6/28/2020,Muy Bajo,false,2/8/2010,Talleres psicosociales,7/6/2017,Económica,6/22/2013,false
581264,Evyn,Hanalan,ehanalanl9@mtv.com,,Económica,,Admitido,Medio,,Alto,false,12/15/2020,Talleres psicosociales,6/20/2001,Múltiple,6/18/2011,true
983402,Dom,Dogg,ddoggla@usda.gov,10,,Alto,,Bajo,4/6/2014,Medio,true,7/11/2018,Actividades de autocuidado,8/24/2007,Múltiple,2/11/2009,true
484599,Dirk,Colquhoun,dcolquhounlb@nationalgeographic.com,6,Académica,Bajo,Nuevo,,12/29/2022,Medio,false,2/6/2008,Asesoría grupal,,Académica,8/5/2007,false
341029,Tonia,Boule,tboulelc@i2i.jp,5,Múltiple,Medio,Admitido,Alto,5/4/2020,Alto,false,1/29/2012,Asesoría grupal,12/23/2009,Psicosocial,5/20/2001,false
836155,Iseabal,Sarge,isargeld@vinaora.com,1,,Alto,Admitido,Medio,6/5/2006,Bajo,false,,,12/15/2008,Económica,5/6/2001,true
10252,Jarrad,Hugett,jhugettle@oaic.gov.au,6,Económica,Alto,Media académica,Medio,9/8/2003,Medio,false,5/9/2006,Otro,11/19/2007,Múltiple,8/12/2005,false
651960,Madelyn,McQuaide,mmcquaidelf@jugem.jp,10,,Alto,Admitido,Alto,1/10/2011,Medio,true,9/6/2014,Otro,10/16/2003,Académica,12/14/2001,false
179337,Tera,Sandland,tsandlandlg@creativecommons.org,6,Múltiple,Alto,Admitido,Medio,10/13/2011,Muy Bajo,,12/8/2018,Asesoría grupal,,Económica,11/15/2007,true
67298,Kattie,Emlin,kemlinlh@shareasale.com,2,Académica,Muy bajo,Admitido,Alto,9/9/2013,Bajo,false,3/13/2015,Terapia individual,4/20/2016,Múltiple,3/29/2020,true
335306,Vivian,Balnaves,vbalnavesli@mtv.com,4,Académica,Muy bajo,Media académica,,4/10/2004,Bajo,false,8/3/2004,Otro,10/16/2010,Académica,7/13/2021,false
452855,Roxy,Biscomb,rbiscomblj@rakuten.co.jp,9,Múltiple,Muy alto,Media académica,Alto,4/12/2018,Alto,true,10/5/2005,Otro,11/23/2007,Múltiple,9/11/2003,false
585251,Sukey,Gelland,sgellandlk@seesaa.net,,Económica,Medio,Nuevo,Alto,8/19/2011,Bajo,true,1/15/2000,Talleres psicosociales,8/21/2017,Psicosocial,2/10/2007,false
754813,Angel,Moyes,amoyesll@dedecms.com,10,Psicosocial,Medio,Nuevo,Medio,,Alto,true,3/20/2013,Terapia individual,9/22/2018,Múltiple,3/25/2001,true
468740,Nikaniki,Gibben,ngibbenlm@facebook.com,8,Psicosocial,Bajo,Admitido,Alto,,Medio,false,1/13/2005,Asesoría grupal,10/18/2018,Psicosocial,10/5/2013,false
820740,Monro,,mcuellln@fema.gov,3,Psicosocial,Medio,Admitido,,12/27/2017,Medio,true,9/28/2010,Talleres psicosociales,12/22/2018,,4/7/2002,false
784575,Shirlene,Harverson,sharversonlo@studiopress.com,5,Académica,Bajo,Nuevo,Alto,5/18/2002,Alto,,8/9/2019,Talleres psicosociales,6/9/2021,Múltiple,4/21/2003,true
272383,Delphinia,,dstiggerslp@constantcontact.com,,Psicosocial,,Admitido,Bajo,2/15/2005,,true,8/24/2011,Actividades de autocuidado,11/28/2016,Múltiple,4/27/2019,false
446866,Itch,Duny,idunylq@webmd.com,1,Económica,Alto,Admitido,Alto,9/17/2011,Bajo,true,11/27/2001,Otro,12/6/2009,Académica,5/5/2011,true
638405,Prisca,Carlisi,pcarlisilr@mashable.com,6,,Alto,Media académica,Medio,11/30/2020,Muy Bajo,true,3/23/2008,Actividades de autocuidado,12/21/2015,Múltiple,5/7/2019,false
638420,Worth,Ganny,wgannyls@businesswire.com,8,Económica,Muy bajo,,Bajo,9/18/2007,Alto,,12/3/2006,Otro,5/26/2016,Económica,11/16/2021,false
539439,Francois,Needs,fneedslt@nih.gov,9,Económica,Muy alto,Media académica,Alto,9/12/2012,,false,5/26/2010,Otro,12/8/2007,,7/8/2017,false
800074,Hali,Misselbrook,hmisselbrooklu@examiner.com,10,Psicosocial,Bajo,Admitido,Bajo,5/24/2014,Bajo,true,2/3/2008,Talleres psicosociales,11/21/2009,Psicosocial,1/22/2013,false
664218,Deana,Stuckley,dstuckleylv@state.gov,1,Académica,Muy alto,Admitido,,,Medio,true,,Asesoría grupal,1/3/2021,Múltiple,12/3/2006,true
942714,Mort,Kirimaa,mkirimaalw@liveinternet.ru,8,,Alto,Admitido,Bajo,7/17/2005,Medio,false,10/11/2000,Talleres psicosociales,6/7/2008,Académica,7/15/2020,false
961987,Riane,Kezourec,rkezoureclx@123-reg.co.uk,8,Múltiple,Muy alto,,Alto,12/31/2005,Bajo,true,5/11/2000,Otro,6/20/2003,Académica,2/7/2020,
379659,Pepillo,Cackett,pcackettly@clickbank.net,3,Económica,Medio,Nuevo,Medio,9/26/2013,Muy Bajo,true,4/12/2019,Talleres psicosociales,12/5/2004,Psicosocial,2/6/2013,true
734886,Silvana,Leek,sleeklz@nifty.com,5,Psicosocial,Alto,Media académica,Alto,9/19/2016,Muy Bajo,true,3/30/2022,Asesoría grupal,6/18/2014,Psicosocial,8/19/2003,true
323198,Eulalie,Petren,epetrenm0@rakuten.co.jp,8,Económica,Bajo,Nuevo,Alto,2/4/2003,Bajo,true,4/16/2021,Talleres psicosociales,4/9/2018,Múltiple,10/12/2007,false
347263,Madella,Merveille,mmerveillem1@vkontakte.ru,2,Múltiple,Medio,Admitido,Medio,10/21/2003,Muy Bajo,false,7/23/2003,Asesoría grupal,11/23/2020,Múltiple,6/14/2007,
293604,Adah,Cicchitello,,9,Económica,Muy alto,Media académica,Medio,5/29/2004,Muy Bajo,,11/3/2005,Asesoría grupal,11/25/2006,Económica,6/6/2018,false
524346,Dixie,Stonier,dstonierm3@scribd.com,10,Académica,Alto,Media académica,Medio,2/25/2007,Muy Bajo,false,3/24/2003,Talleres psicosociales,11/24/2005,Múltiple,8/10/2015,false
280858,Lu,Walley,lwalleym4@amazonaws.com,2,Académica,Alto,Admitido,,9/22/2006,,false,8/12/2003,Otro,7/28/2022,Psicosocial,3/30/2005,false
615749,Tiphany,Banghe,tbanghem5@yolasite.com,4,Económica,Bajo,Media académica,Medio,3/25/2020,Bajo,false,10/30/2012,Talleres psicosociales,5/3/2008,Académica,4/21/2008,false
853393,Miranda,Westrey,mwestreym6@java.com,2,Académica,Muy bajo,Nuevo,Bajo,1/21/2012,Muy Bajo,true,2/9/2018,Asesoría grupal,6/25/2016,Psicosocial,5/16/2009,true
176912,Stan,Whitwham,swhitwhamm7@msn.com,10,,Medio,Admitido,Alto,6/26/2009,Alto,false,11/16/2001,Asesoría grupal,1/14/2007,Académica,3/16/2008,true
599462,,Sullly,csulllym8@who.int,6,Académica,Medio,Admitido,Medio,4/24/2017,Muy Bajo,,12/27/2008,Actividades de autocuidado,8/30/2000,Económica,4/22/2020,false
859640,Barrie,Wodham,bwodhamm9@nih.gov,2,Económica,Alto,Admitido,Alto,6/26/2006,Muy Bajo,false,10/21/2002,Actividades de autocuidado,12/28/2001,Psicosocial,5/21/2010,false
654066,Maryann,Sussems,msussemsma@uiuc.edu,2,,,Media académica,,2/14/2012,Alto,,4/14/2011,Otro,12/12/2004,Múltiple,7/20/2009,false
117603,Adelice,Bortolutti,abortoluttimb@nationalgeographic.com,5,Múltiple,,Nuevo,Medio,1/29/2002,Bajo,true,5/7/2003,Otro,10/19/2002,Psicosocial,12/8/2018,false
608812,Guthrie,Ruppele,gruppelemc@harvard.edu,5,Múltiple,Bajo,Media académica,Alto,2/24/2022,Alto,true,11/3/2002,Asesoría grupal,9/7/2001,Económica,10/3/2022,true
903470,Lona,,ldeperomd@sciencedirect.com,7,Económica,Muy bajo,Media académica,Medio,11/29/2022,Muy Bajo,true,2/23/2006,Talleres psicosociales,3/12/2015,Económica,3/1/2010,true
229993,Grace,Littlefair,glittlefairme@engadget.com,1,Múltiple,Alto,Admitido,Medio,6/2/2015,Muy Bajo,true,11/11/2004,Terapia individual,12/24/2004,Múltiple,4/22/2001,true
576733,Elbertina,McCaffrey,emccaffreymf@ox.ac.uk,3,Académica,Muy bajo,Nuevo,Bajo,4/6/2007,Bajo,false,12/7/2014,Talleres psicosociales,10/18/2003,Múltiple,11/12/2013,true
159506,,Witherow,,7,Psicosocial,Muy bajo,Media académica,Medio,12/21/2010,Bajo,true,7/21/2021,Otro,10/17/2015,Múltiple,5/25/2003,true
907576,,Parmer,mparmermh@woothemes.com,1,Psicosocial,Alto,Media académica,Alto,1/28/2006,Alto,false,4/9/2000,,2/9/2015,Psicosocial,11/11/2000,true
938905,Lane,Reiach,lreiachmi@cafepress.com,1,Económica,Medio,Admitido,Medio,1/30/2002,Muy Bajo,,5/10/2009,Asesoría grupal,5/19/2013,Económica,12/15/2019,true
596634,Felic,Blatcher,fblatchermj@linkedin.com,1,Psicosocial,Muy bajo,Media académica,Alto,10/14/2003,Medio,true,2/17/2019,Actividades de autocuidado,3/24/2004,Académica,6/16/2022,true
872145,Maribeth,,mpendrighmk@infoseek.co.jp,4,,Medio,Nuevo,Bajo,3/12/2013,Alto,,4/25/2001,Asesoría grupal,4/22/2019,Múltiple,10/24/2009,true
224019,Loretta,Stonary,lstonaryml@nsw.gov.au,5,Múltiple,Alto,Admitido,Medio,5/18/2017,Medio,true,9/16/2000,Actividades de autocuidado,10/24/2013,Psicosocial,3/2/2019,false
897031,Cosetta,Manilow,cmanilowmm@va.gov,10,Académica,Muy alto,,Alto,4/22/2017,Muy Bajo,true,7/4/2021,Asesoría grupal,1/11/2006,Psicosocial,,false
996595,Merola,,mkeatsmn@disqus.com,8,Psicosocial,,,Alto,10/28/2005,Medio,true,2/20/2006,Actividades de autocuidado,5/20/2017,Económica,7/30/2016,false
802831,Sallyann,Kettley,skettleymo@slashdot.org,6,Psicosocial,Muy bajo,Nuevo,Alto,10/7/2014,Medio,true,1/29/2005,Otro,11/24/2014,Académica,3/20/2022,false
744876,,Oakly,aoaklymp@whitehouse.gov,4,Psicosocial,Muy bajo,Media académica,Alto,9/16/2002,Medio,,,Asesoría grupal,3/10/2000,Académica,8/18/2015,true
517582,Huntley,Dilliway,hdilliwaymq@xinhuanet.com,10,Académica,Muy bajo,Media académica,,,Medio,false,6/6/2013,Terapia individual,10/3/2021,Académica,10/29/2003,false
381679,Charmaine,Vedikhov,cvedikhovmr@blogspot.com,7,Académica,Bajo,Nuevo,Bajo,9/11/2011,Alto,false,7/28/2006,Otro,11/2/2020,Económica,2/27/2008,false
354443,Johnette,Reignard,jreignardms@desdev.cn,1,Psicosocial,Muy bajo,Nuevo,Medio,3/1/2001,Alto,true,10/22/2014,Terapia individual,5/22/2003,Psicosocial,5/7/2022,false
733009,Ford,Phinn,fphinnmt@slideshare.net,3,Psicosocial,Muy bajo,,,7/31/2010,Bajo,false,6/6/2017,Talleres psicosociales,2/25/2005,Psicosocial,8/13/2005,true
463372,Jasun,Milillo,jmilillomu@theguardian.com,4,Múltiple,Alto,Admitido,Medio,9/13/2014,Bajo,false,,Talleres psicosociales,2/18/2020,Múltiple,12/12/2004,false
598859,Roland,Prigmore,rprigmoremv@un.org,3,Académica,Medio,Media académica,Alto,5/9/2001,Medio,false,6/12/2019,Asesoría grupal,5/1/2020,Múltiple,11/2/2006,true
870229,Shane,Raynham,sraynhammw@networksolutions.com,,Múltiple,Medio,Admitido,,3/22/2001,Alto,true,4/15/2022,Otro,5/14/2006,Múltiple,9/10/2000,true
613462,Dody,Fludder,dfluddermx@independent.co.uk,,Económica,,Admitido,Medio,2/25/2006,Bajo,false,10/16/2019,Talleres psicosociales,11/26/2000,Económica,6/5/2013,true
807295,Kris,,kmobberleymy@home.pl,8,Académica,Muy alto,Media académica,Alto,2/17/2002,Bajo,true,3/22/2012,Otro,7/31/2017,Múltiple,4/20/2000,true
996746,Broderick,Tirrey,btirreymz@geocities.com,3,Económica,Alto,Admitido,Bajo,11/10/2000,Alto,false,6/10/2007,Actividades de autocuidado,9/2/2017,Económica,1/15/2003,false
924569,Rolf,Ironmonger,rironmongern0@xinhuanet.com,2,Psicosocial,Muy alto,Nuevo,Medio,,Bajo,false,,Asesoría grupal,11/14/2001,Académica,8/17/2008,false
839271,Willabella,Carillo,wcarillon1@cnet.com,8,Económica,Muy alto,Media académica,Medio,12/30/2010,Alto,true,9/22/2012,Actividades de autocuidado,6/4/2020,Múltiple,11/29/2021,false
98532,See,Camm,scammn2@wiley.com,9,Psicosocial,,Media académica,Medio,9/21/2022,Muy Bajo,false,2/11/2011,Otro,2/4/2014,Económica,10/25/2002,true
503213,Lizbeth,Breissan,lbreissann3@flavors.me,10,Múltiple,Medio,Admitido,Bajo,1/8/2007,Alto,true,3/17/2006,Terapia individual,11/20/2006,Múltiple,2/28/2022,true
337922,Derry,Hammett,dhammettn4@ow.ly,4,,Alto,Admitido,Bajo,6/11/2010,Medio,false,4/8/2008,Asesoría grupal,8/19/2013,Económica,6/4/2014,false
169459,Yuma,Winchcombe,ywinchcomben5@sbwire.com,,Académica,Alto,,Medio,6/6/2010,Muy Bajo,true,8/19/2022,Actividades de autocuidado,6/3/2015,Económica,4/19/2003,false
425443,,Gummow,rgummown6@biblegateway.com,3,Académica,,Nuevo,Medio,2/16/2002,Muy Bajo,true,8/1/2017,Asesoría grupal,11/17/2010,Académica,12/1/2007,false
811266,Kirk,Jefferson,kjeffersonn7@nymag.com,10,Académica,Medio,Media académica,Alto,10/14/2010,Muy Bajo,true,4/4/2000,Otro,4/2/2002,Psicosocial,8/10/2000,true
692815,Zara,Rebillard,zrebillardn8@google.ru,5,Académica,Bajo,Media académica,Alto,11/4/2021,Muy Bajo,true,5/22/2007,Asesoría grupal,10/10/2006,Múltiple,,false
355595,Web,Holttom,wholttomn9@devhub.com,1,Académica,Bajo,Nuevo,Alto,8/18/2022,Medio,true,4/23/2000,Terapia individual,11/29/2012,Múltiple,,false
787471,Maybelle,Legat,mlegatna@ask.com,9,Económica,Bajo,Nuevo,Alto,11/20/2021,Muy Bajo,false,4/13/2005,Actividades de autocuidado,2/13/2020,Académica,8/9/2010,true
549691,Ritchie,MacEvilly,rmacevillynb@ibm.com,4,Académica,Muy alto,Media académica,Bajo,12/16/2008,Bajo,true,4/2/2012,Asesoría grupal,3/10/2005,Económica,,true
511156,Tillie,Hearley,thearleync@businessweek.com,9,Psicosocial,Muy alto,Media académica,Alto,5/12/2011,Bajo,true,9/17/2002,Otro,4/19/2008,Psicosocial,,true
318235,Birch,Blench,bblenchnd@foxnews.com,,Psicosocial,,Nuevo,Alto,7/4/2002,Alto,false,,Talleres psicosociales,3/18/2002,Económica,4/8/2007,true
438294,Lotte,Ruos,lruosne@mapy.cz,3,Múltiple,Alto,Nuevo,Alto,8/29/2019,Alto,false,4/8/2015,Actividades de autocuidado,7/26/2012,Psicosocial,6/11/2018,true
761299,,Oldacres,roldacresnf@mac.com,3,Múltiple,Muy bajo,,Medio,6/17/2013,Muy Bajo,false,12/24/2007,Asesoría grupal,9/19/2009,Múltiple,8/29/2005,true
119796,Meredith,Vernham,mvernhamng@pagesperso-orange.fr,,Económica,Medio,Nuevo,Medio,4/13/2017,Bajo,true,3/22/2012,Actividades de autocuidado,3/5/2014,Académica,5/15/2006,false
260406,Korella,Bullivent,kbulliventnh@php.net,8,Económica,Medio,Nuevo,Bajo,2/12/2001,Muy Bajo,false,4/16/2019,Terapia individual,9/12/2006,Múltiple,10/24/2019,true
996741,Carlin,Januszkiewicz,cjanuszkiewiczni@admin.ch,4,Académica,Bajo,Admitido,Bajo,8/3/2021,Muy Bajo,false,12/31/2016,Otro,2/7/2001,,6/27/2008,true
949162,Lissy,Sentinella,lsentinellanj@sohu.com,,Psicosocial,Medio,Admitido,Alto,4/19/2000,Medio,false,7/19/2008,Asesoría grupal,2/28/2002,Académica,7/14/2008,false
760052,Richardo,Cordero,rcorderonk@mapy.cz,3,Psicosocial,Bajo,Media académica,Alto,7/1/2012,Bajo,true,9/1/2000,Actividades de autocuidado,7/14/2018,Económica,9/13/2013,true
150779,Blondy,Wetherburn,bwetherburnnl@globo.com,9,Económica,Bajo,Media académica,,12/31/2003,Bajo,false,12/12/2003,Terapia individual,1/13/2006,Psicosocial,12/6/2016,true
894761,Rachel,Collingridge,rcollingridgenm@blog.com,9,Psicosocial,Bajo,,Bajo,7/5/2021,Muy Bajo,false,6/25/2021,Asesoría grupal,1/8/2015,Académica,4/22/2003,false
585168,Burnaby,Redgrave,bredgravenn@virginia.edu,10,Económica,Medio,Media académica,,10/18/2005,Alto,true,2/19/2018,Asesoría grupal,8/8/2011,Académica,1/14/2014,
500416,Della,Huitt,dhuittno@skype.com,6,Académica,Medio,Admitido,Alto,,Medio,false,7/10/2020,Terapia individual,7/7/2019,Económica,7/13/2015,true
436057,Jarrad,Avramovsky,javramovskynp@va.gov,2,Económica,Muy alto,Nuevo,Medio,10/2/2014,Medio,false,10/8/2006,Asesoría grupal,10/8/2010,Psicosocial,3/26/2018,true
800295,Maude,Cano,mcanonq@cyberchimps.com,9,Económica,Muy alto,Nuevo,Bajo,9/6/2006,Medio,true,10/2/2015,Talleres psicosociales,3/9/2011,Económica,3/12/2006,true
431923,Maryjo,Lillow,,2,Económica,Muy alto,Nuevo,Medio,9/29/2001,Muy Bajo,true,7/25/2009,Terapia individual,12/25/2022,Psicosocial,,true
156503,Danell,Walkington,,4,Académica,Medio,Media académica,Alto,7/16/2008,Medio,false,12/15/2015,Talleres psicosociales,12/5/2008,Múltiple,9/15/2016,true
462139,Munmro,Hallitt,mhallittnt@tamu.edu,4,Económica,Medio,Admitido,Bajo,5/13/2006,Medio,true,11/27/2009,Asesoría grupal,5/12/2012,Múltiple,,false
976561,Sheelagh,Ellershaw,sellershawnu@bloglines.com,5,Económica,Medio,Media académica,Bajo,2/6/2006,Bajo,false,9/29/2017,,3/18/2005,Económica,7/12/2016,false
779855,,,hboynenv@cbsnews.com,3,Económica,,Admitido,Bajo,4/11/2001,Medio,false,9/18/2007,Terapia individual,9/26/2012,Académica,5/27/2013,true
462173,Alessandra,Rippin,arippinnw@berkeley.edu,8,Psicosocial,Medio,Admitido,Alto,11/23/2022,Muy Bajo,false,3/18/2006,Terapia individual,,Psicosocial,1/22/2014,false
256830,Maryanna,,mgasperinx@msu.edu,,Múltiple,Alto,Admitido,Medio,9/22/2010,Medio,false,8/13/2020,Terapia individual,2/9/2010,Psicosocial,5/16/2017,true
44280,Avie,,aquesneny@guardian.co.uk,8,Múltiple,Muy alto,Nuevo,Alto,5/28/2009,Bajo,true,7/27/2013,Talleres psicosociales,3/7/2022,Académica,7/13/2008,false
835966,Catlaina,Wilmot,cwilmotnz@tamu.edu,10,,Medio,Admitido,Medio,,,false,6/23/2022,Talleres psicosociales,4/13/2013,Múltiple,9/3/2015,true
134331,Lacie,Blundan,lblundano0@myspace.com,5,Económica,Muy alto,Nuevo,Alto,7/11/2021,Alto,false,11/17/2006,Actividades de autocuidado,1/7/2005,Académica,10/23/2012,false
638244,Jodi,,,7,Académica,Bajo,Media académica,Alto,7/11/2000,Medio,true,5/7/2014,Asesoría grupal,5/27/2018,Económica,3/25/2017,true
295759,Ignacio,Keal,ikealo2@oracle.com,6,,Bajo,,Medio,8/7/2011,Muy Bajo,true,11/11/2005,,12/29/2013,Académica,12/2/2015,false
33009,Norbert,Gettone,ngettoneo3@msu.edu,3,Múltiple,Medio,,Alto,6/16/2013,Bajo,true,7/20/2003,Actividades de autocuidado,4/11/2006,Psicosocial,9/12/2015,true
301454,Berti,Matthaus,bmatthauso4@jimdo.com,9,Múltiple,Muy alto,Media académica,Medio,1/31/2022,Bajo,false,1/30/2020,Actividades de autocuidado,2/26/2016,Académica,9/5/2015,true
103082,Nahum,Clothier,nclothiero5@diigo.com,3,Psicosocial,Muy alto,,Medio,4/9/2015,Alto,true,1/19/2003,Actividades de autocuidado,1/8/2000,Múltiple,4/23/2021,true
817935,Roma,Bercher,rberchero6@netlog.com,3,,Muy alto,Nuevo,Bajo,12/30/2005,Alto,true,5/29/2003,Asesoría grupal,7/30/2007,Económica,,true
302674,Dinah,,dfermino7@live.com,1,Académica,Muy bajo,Admitido,,11/6/2000,Medio,false,11/29/2021,Terapia individual,2/22/2000,Psicosocial,8/12/2011,false
389494,Durant,Grelka,dgrelkao8@free.fr,7,Académica,Muy alto,Media académica,Bajo,8/10/2018,Alto,true,9/23/2006,,10/21/2015,Psicosocial,2/14/2009,false
523908,Brien,Bennedick,bbennedicko9@china.com.cn,6,Múltiple,Bajo,Media académica,Medio,5/11/2009,Bajo,true,8/9/2003,Asesoría grupal,7/12/2011,Académica,,true
19216,Sarena,Smithies,ssmithiesoa@ihg.com,10,Económica,Muy alto,Admitido,Bajo,10/17/2006,Muy Bajo,true,5/27/2014,Otro,9/6/2008,Psicosocial,2/26/2010,true
780568,Scottie,Bau,sbauob@google.co.jp,6,Académica,Alto,,Alto,6/16/2009,Muy Bajo,false,11/13/2005,Terapia individual,12/2/2010,Económica,10/22/2017,false
724939,,Larrad,llarradoc@bloglines.com,7,,Muy bajo,Media académica,Alto,4/5/2021,Muy Bajo,false,1/15/2009,Asesoría grupal,2/1/2010,Psicosocial,5/19/2005,false
895929,Jessi,Van Weedenburg,jvanweedenburgod@ning.com,5,Económica,Alto,Admitido,Medio,3/1/2010,Bajo,true,4/30/2008,Actividades de autocuidado,3/11/2013,Académica,5/31/2019,true
914896,Frants,Guitton,fguittonoe@yelp.com,6,Múltiple,Medio,Admitido,Medio,12/14/2010,Muy Bajo,false,12/17/2000,Terapia individual,8/31/2012,Psicosocial,6/30/2004,false
602425,Linet,Lowsely,llowselyof@tiny.cc,5,Académica,Muy alto,Media académica,Alto,12/9/2007,Muy Bajo,false,11/18/2011,Actividades de autocuidado,10/26/2017,Psicosocial,10/6/2009,true
452382,Kirsteni,Ortiga,kortigaog@army.mil,10,,Muy alto,Admitido,Alto,1/29/2011,Muy Bajo,false,4/28/2012,Talleres psicosociales,3/7/2010,Múltiple,3/27/2018,true
356740,Skylar,Piatti,spiattioh@ebay.co.uk,,Múltiple,Alto,Nuevo,Alto,3/15/2010,Alto,false,11/15/2004,Actividades de autocuidado,11/26/2011,Psicosocial,2/24/2000,false
942610,,Baxendale,sbaxendaleoi@joomla.org,8,Económica,,Nuevo,Medio,9/29/2019,Muy Bajo,false,3/13/2019,Actividades de autocuidado,2/8/2001,Económica,3/4/2013,false
446047,Marcile,Malia,,4,Económica,Bajo,Nuevo,Alto,4/30/2008,Bajo,true,,Terapia individual,8/14/2004,Económica,9/17/2005,true
288791,,Ledster,sledsterok@ycombinator.com,4,Psicosocial,Muy bajo,Admitido,Bajo,11/2/2006,Muy Bajo,false,4/7/2022,Otro,12/31/2001,Psicosocial,4/11/2017,true
829074,Carr,Worts,cwortsol@cornell.edu,,Económica,Muy bajo,Media académica,Medio,7/27/2007,Alto,true,6/23/2018,Otro,12/14/2008,Económica,1/26/2022,false
945236,Raeann,Calken,rcalkenom@themeforest.net,4,Económica,Bajo,Admitido,,6/19/2018,Bajo,false,6/29/2007,Actividades de autocuidado,8/30/2018,Múltiple,9/14/2004,false
345492,Kristofer,Sara,ksaraon@amazon.co.jp,2,Académica,Medio,Admitido,Bajo,1/15/2014,Alto,true,8/5/2005,Otro,1/10/2003,Económica,10/14/2010,false
324452,Morris,Norgan,mnorganoo@reuters.com,10,Múltiple,Muy bajo,Admitido,,3/26/2022,Medio,false,10/9/2007,Otro,10/21/2018,Psicosocial,5/9/2015,false
6091,Werner,Yanov,wyanovop@nyu.edu,7,Económica,Medio,Media académica,Alto,5/17/2008,Bajo,true,8/13/2006,Terapia individual,3/2/2010,Académica,11/10/2006,true
930116,Happy,Placidi,hplacidioq@cbsnews.com,7,Múltiple,Medio,Admitido,Medio,3/21/2013,Muy Bajo,false,10/26/2000,Asesoría grupal,4/20/2007,Económica,7/19/2011,
589675,Ulysses,Itzakovitz,uitzakovitzor@e-recht24.de,3,Académica,Bajo,,Alto,3/31/2013,Alto,,10/29/2001,Otro,3/12/2006,Económica,1/29/2002,true
291067,Barn,,bcrudgeos@delicious.com,1,Académica,Bajo,Admitido,Medio,2/19/2017,Bajo,,8/4/2016,Asesoría grupal,2/2/2006,Académica,11/13/2020,true
748011,Kale,Dowse,kdowseot@fda.gov,7,Psicosocial,Medio,,Medio,10/31/2008,Medio,true,7/4/2002,Terapia individual,3/29/2017,Académica,1/2/2020,true
501261,,,fferrimanou@hatena.ne.jp,10,Económica,Muy bajo,Media académica,Medio,2/14/2012,Medio,true,10/15/2018,Actividades de autocuidado,7/2/2017,Psicosocial,5/17/2006,false
13549,Dorena,Carbonell,dcarbonellov@chron.com,6,,Muy alto,Nuevo,Bajo,11/29/2006,Muy Bajo,false,10/12/2006,Talleres psicosociales,6/7/2005,Académica,1/26/2006,false
789934,Evie,Flatt,,7,Económica,Muy bajo,Admitido,Bajo,2/1/2022,Muy Bajo,false,8/31/2015,Talleres psicosociales,9/12/2021,Múltiple,6/1/2007,false
400995,Melloney,Zappel,mzappelox@typepad.com,7,Múltiple,Bajo,Nuevo,Bajo,6/15/2010,Bajo,true,10/12/2003,Asesoría grupal,10/21/2005,Múltiple,10/2/2017,false
357252,Archie,Bottomer,abottomeroy@timesonline.co.uk,6,Múltiple,Muy bajo,,Alto,11/12/2011,Bajo,,10/10/2013,Otro,7/14/2012,Múltiple,6/2/2003,false
325670,Gerrilee,Jeeves,gjeevesoz@google.ru,10,Económica,Muy alto,Admitido,Alto,3/10/2016,Alto,true,8/14/2017,Talleres psicosociales,4/4/2008,Económica,10/19/2002,true
459415,,Stenners,hstennersp0@lulu.com,8,Económica,,Media académica,Bajo,1/18/2015,Bajo,true,4/12/2012,Terapia individual,7/26/2015,,3/29/2020,true
904100,Park,Scroggie,pscroggiep1@springer.com,1,Académica,Muy alto,Media académica,Medio,10/4/2006,Medio,false,9/18/2016,Otro,4/4/2012,Psicosocial,11/30/2013,false
57971,Deborah,Rosoni,drosonip2@bloomberg.com,7,,Muy alto,Nuevo,Alto,7/30/2001,Alto,false,3/8/2013,Talleres psicosociales,12/18/2002,Económica,3/29/2014,true
560221,Thorvald,Carrodus,tcarrodusp3@nyu.edu,2,Académica,Medio,Nuevo,Bajo,5/4/2004,Muy Bajo,true,,Otro,8/26/2007,Múltiple,6/1/2001,true
146950,Laurens,Edison,ledisonp4@amazon.com,4,Económica,Bajo,Media académica,,8/22/2021,Bajo,true,4/19/2019,Talleres psicosociales,11/16/2010,Económica,10/11/2018,false
644291,Arny,Leverson,aleversonp5@example.com,4,Múltiple,Medio,Admitido,Alto,9/23/2009,Alto,true,5/25/2004,Talleres psicosociales,10/22/2017,Psicosocial,10/9/2001,true
956127,Fletch,Hukins,fhukinsp6@wordpress.com,5,Económica,Muy alto,Media académica,Alto,10/14/2007,Alto,true,3/8/2008,Actividades de autocuidado,5/23/2022,Académica,4/5/2001,false
894328,,Oxtiby,moxtibyp7@sohu.com,4,Múltiple,Medio,Admitido,Bajo,1/14/2022,Bajo,true,4/10/2007,Asesoría grupal,3/17/2002,Académica,4/21/2003,true
231652,Virginie,O'Roan,voroanp8@bbb.org,9,Económica,Alto,Nuevo,,4/30/2021,Muy Bajo,false,12/13/2001,Actividades de autocuidado,5/31/2013,Económica,3/3/2010,true
604247,Sasha,Aitchison,saitchisonp9@princeton.edu,7,Múltiple,Alto,Admitido,Bajo,10/23/2011,Muy Bajo,false,7/4/2006,Otro,4/2/2005,Psicosocial,6/3/2005,false
969782,Otes,Petrozzi,,1,Múltiple,Bajo,Admitido,,8/8/2015,Alto,true,5/3/2012,Talleres psicosociales,,,12/26/2012,true
193354,Roarke,Bourke,rbourkepb@baidu.com,3,Académica,Muy bajo,Nuevo,Medio,,Alto,true,9/22/2009,Talleres psicosociales,8/24/2001,Académica,2/28/2009,true
476474,Jessika,Mathison,,7,Múltiple,Medio,,Alto,10/12/2018,Medio,false,1/12/2010,Actividades de autocuidado,8/15/2018,Psicosocial,10/21/2018,false
699172,Belita,Picken,bpickenpd@blog.com,2,Académica,Bajo,Nuevo,Medio,12/5/2015,Alto,false,8/17/2018,Terapia individual,3/6/2016,Múltiple,4/5/2006,true
888163,Maddalena,Van de Velde,mvandeveldepe@thetimes.co.uk,8,Múltiple,Medio,Nuevo,Alto,10/20/2007,Alto,false,7/5/2019,Asesoría grupal,5/21/2009,Psicosocial,7/23/2008,false
40392,Ophelie,Hugle,ohuglepf@instagram.com,10,Académica,Bajo,Nuevo,Bajo,1/2/2008,Muy Bajo,true,7/7/2004,Terapia individual,6/28/2019,Múltiple,12/28/2018,false
56035,Chandler,McTrustey,cmctrusteypg@photobucket.com,,Psicosocial,,Media académica,Medio,11/10/2008,Medio,true,,Actividades de autocuidado,12/27/2008,Psicosocial,5/29/2011,true
414868,Willi,Lealle,wlealleph@xing.com,7,Económica,Bajo,Media académica,Medio,,,true,4/22/2006,Otro,10/18/2003,Académica,4/27/2005,false
912300,Betty,Mahedy,bmahedypi@t-online.de,8,Económica,Alto,Nuevo,Alto,3/2/2010,Medio,true,3/8/2009,Actividades de autocuidado,12/21/2010,Psicosocial,5/10/2006,true
350617,Kayla,Sloyan,ksloyanpj@usda.gov,4,Psicosocial,Medio,Admitido,Bajo,4/16/2016,Medio,false,9/1/2017,Asesoría grupal,4/7/2019,Académica,1/12/2018,false
405298,Nolly,Engelmann,nengelmannpk@admin.ch,,Económica,Alto,Media académica,Medio,7/18/2016,Muy Bajo,false,8/3/2010,Actividades de autocuidado,10/1/2014,,9/25/2006,true
128805,Fawn,Ickeringill,fickeringillpl@networkadvertising.org,2,Psicosocial,Muy bajo,Admitido,,9/17/2007,Muy Bajo,true,5/1/2014,Talleres psicosociales,9/1/2010,Psicosocial,8/20/2002,false
638865,Kary,Tanswill,ktanswillpm@squidoo.com,7,Académica,Medio,Media académica,Medio,7/6/2005,Alto,false,1/15/2000,Terapia individual,6/8/2015,Académica,12/5/2022,false
514562,Dennie,Smyley,dsmyleypn@mediafire.com,2,Múltiple,Muy alto,,Alto,2/29/2008,Alto,false,12/24/2009,,,Múltiple,5/5/2013,true
601500,Ailis,Espinoza,aespinozapo@redcross.org,4,Académica,Bajo,Media académica,Medio,10/13/2019,Medio,false,6/26/2020,Otro,8/2/2022,Múltiple,7/20/2018,true
368823,Julissa,Camilio,jcamiliopp@ycombinator.com,3,Académica,Alto,Nuevo,Medio,2/13/2018,Bajo,true,12/13/2001,Talleres psicosociales,5/19/2017,Múltiple,6/28/2001,false
308832,Umberto,Bendin,ubendinpq@e-recht24.de,8,Económica,,,Medio,3/10/2000,Alto,false,4/2/2015,Talleres psicosociales,10/14/2020,Académica,8/11/2014,true
321197,Holly,,hcrimpr@yandex.ru,2,Psicosocial,Muy bajo,Nuevo,Medio,6/23/2007,Alto,false,3/29/2009,,6/26/2010,Económica,3/24/2003,true
828625,Julianna,Holywell,jholywellps@jalbum.net,4,Económica,Bajo,Media académica,Medio,4/7/2018,Alto,true,2/1/2007,Otro,11/26/2001,Académica,9/15/2001,false
459891,Maximilianus,Murfett,mmurfettpt@icq.com,1,Múltiple,Muy bajo,Nuevo,,8/14/2000,Alto,false,4/6/2011,Talleres psicosociales,10/28/2003,Múltiple,10/19/2001,true
115909,Mateo,MacRorie,mmacroriepu@cdc.gov,3,Académica,Medio,Media académica,Alto,3/29/2001,Bajo,false,2/16/2014,Terapia individual,1/25/2012,Múltiple,12/18/2012,true
245596,Sax,Croyden,scroydenpv@macromedia.com,10,Múltiple,,,Medio,9/6/2004,Muy Bajo,true,3/6/2015,Actividades de autocuidado,4/23/2021,Académica,6/2/2004,true
27112,Rawley,Skeats,rskeatspw@apple.com,8,Múltiple,Bajo,Media académica,Bajo,2/8/2012,Muy Bajo,true,12/26/2013,Actividades de autocuidado,2/20/2013,Económica,8/29/2017,true
97761,Edd,Patton,epattonpx@slashdot.org,,,Medio,Nuevo,Medio,12/22/2005,Medio,false,1/31/2011,Talleres psicosociales,2/23/2000,Psicosocial,,true
929647,Montague,,mmcneachtainpy@huffingtonpost.com,7,,Muy bajo,Nuevo,Alto,1/15/2001,Bajo,false,6/22/2007,Talleres psicosociales,3/9/2000,Económica,11/29/2014,true
785683,Meg,Sirmon,msirmonpz@storify.com,4,Múltiple,Muy alto,Media académica,Bajo,3/17/2018,Medio,false,8/26/2019,Otro,9/26/2000,Académica,3/25/2016,true
625378,Nelli,Grent,ngrentq0@scribd.com,9,Múltiple,Muy alto,Media académica,Bajo,5/7/2021,Muy Bajo,true,11/8/2013,Otro,7/29/2003,Académica,,true
562937,Cobbie,Ivery,civeryq1@mysql.com,7,Académica,Alto,Nuevo,Medio,5/12/2021,Alto,,6/14/2010,Terapia individual,10/6/2016,Académica,11/2/2008,true
840514,Afton,Ascraft,aascraftq2@dedecms.com,9,,Muy alto,Media académica,Bajo,11/13/2021,Medio,false,,Talleres psicosociales,4/20/2015,Múltiple,12/27/2019,true
368477,Mandel,Upston,mupstonq3@netlog.com,8,Múltiple,Alto,Nuevo,Bajo,4/30/2014,Muy Bajo,false,2/14/2019,Actividades de autocuidado,11/20/2012,Múltiple,11/7/2004,false
215128,Rosco,,rliccardiq4@t-online.de,4,Múltiple,Medio,Media académica,Bajo,8/15/2003,Alto,false,3/31/2004,Asesoría grupal,2/18/2015,Académica,9/9/2019,true
437098,Kattie,Manns,kmannsq5@soundcloud.com,5,Múltiple,Muy alto,Nuevo,Medio,8/10/2019,Bajo,false,,Otro,2/26/2018,Académica,3/26/2015,false
881109,Jacqueline,Tither,jtitherq6@abc.net.au,10,Psicosocial,Muy alto,Admitido,Alto,5/15/2019,Muy Bajo,true,1/31/2020,Talleres psicosociales,,Múltiple,5/28/2008,true
342724,Randi,Macieiczyk,rmacieiczykq7@mail.ru,,Académica,Medio,,Bajo,1/19/2005,,false,10/14/2013,Otro,1/18/2010,Económica,9/28/2007,false
968633,Zachariah,Wingatt,zwingattq8@sun.com,8,Académica,Alto,Media académica,Alto,5/22/2008,Medio,true,1/12/2019,Terapia individual,1/19/2020,Económica,6/9/2007,false
881803,,Ambrose,pambroseq9@over-blog.com,8,,,Media académica,Alto,7/31/2018,Medio,false,10/25/2018,Asesoría grupal,9/23/2011,Económica,5/13/2003,false
580020,Jude,Pointing,jpointingqa@wikia.com,3,Múltiple,Medio,Nuevo,Alto,,Muy Bajo,false,11/25/2018,Actividades de autocuidado,12/26/2004,Económica,12/10/2009,false
122764,Barbette,Gilyatt,bgilyattqb@google.es,3,Económica,Alto,Nuevo,Medio,1/26/2013,Alto,false,7/1/2013,Actividades de autocuidado,11/1/2010,Académica,8/26/2004,false
469872,Elsey,Smalles,esmallesqc@who.int,5,Múltiple,Medio,Nuevo,Bajo,8/2/2011,Muy Bajo,false,3/15/2021,Talleres psicosociales,7/10/2010,Psicosocial,11/15/2007,true
105567,Frasco,Kinglesyd,,2,Psicosocial,,Media académica,Alto,5/16/2004,Muy Bajo,false,5/10/2013,Asesoría grupal,2/4/2004,Psicosocial,3/24/2018,true
531082,Karlen,Surguine,ksurguineqe@hao123.com,9,Múltiple,Medio,Nuevo,,7/9/2001,Alto,true,1/27/2020,Otro,3/2/2009,Académica,10/20/2013,false
242447,Madella,Bothwell,mbothwellqf@harvard.edu,9,Psicosocial,Bajo,Media académica,Medio,9/21/2021,Alto,false,10/6/2000,Talleres psicosociales,3/7/2013,Múltiple,9/24/2001,true
582708,Ailyn,Giurio,agiurioqg@dion.ne.jp,5,Múltiple,Muy alto,Admitido,Alto,1/26/2003,Bajo,false,1/9/2008,Asesoría grupal,1/12/2019,Múltiple,6/11/2011,true
929113,Ertha,Whithorn,ewhithornqh@hubpages.com,7,Económica,Muy bajo,Media académica,Bajo,5/26/2007,Bajo,false,5/8/2016,Terapia individual,6/23/2012,Económica,1/20/2020,true
334270,Gwendolen,Gorringe,ggorringeqi@homestead.com,,,Muy alto,Nuevo,Bajo,3/1/2003,Muy Bajo,true,9/7/2019,Otro,3/18/2009,Psicosocial,3/12/2020,true
163220,,Fontenot,,4,Psicosocial,Muy bajo,Admitido,Medio,2/5/2008,Muy Bajo,true,6/24/2018,Actividades de autocuidado,6/12/2010,Académica,12/30/2015,false
395774,Meryl,Locke,mlockeqk@yolasite.com,1,Económica,Medio,Admitido,,2/3/2021,Alto,false,7/10/2009,Terapia individual,11/22/2017,Psicosocial,12/19/2011,true
377419,Eunice,Gumn,egumnql@dell.com,7,Múltiple,Muy bajo,Nuevo,Alto,3/31/2017,Medio,false,8/23/2008,Talleres psicosociales,9/9/2012,Psicosocial,6/14/2018,false
95506,Donna,Prangley,dprangleyqm@dot.gov,1,Psicosocial,Muy alto,Admitido,Bajo,6/5/2018,Medio,true,12/3/2018,Asesoría grupal,12/30/2014,Psicosocial,7/9/2003,false
99593,Marlowe,Spatig,mspatigqn@blogspot.com,4,Múltiple,Bajo,Admitido,Medio,2/6/2004,Bajo,,7/8/2010,Terapia individual,1/30/2008,Económica,2/26/2006,true
395525,Cristiano,Tidman,ctidmanqo@walmart.com,,Económica,Bajo,Media académica,Bajo,7/14/2015,Alto,false,4/5/2008,Talleres psicosociales,7/26/2010,Múltiple,3/18/2008,false
770998,Tucky,Tolumello,ttolumelloqp@mozilla.com,5,Económica,Bajo,,Bajo,6/24/2011,Muy Bajo,true,10/14/2005,Asesoría grupal,3/29/2002,Psicosocial,1/2/2014,false
691322,Henderson,Chatband,hchatbandqq@taobao.com,3,Económica,Muy alto,Media académica,Alto,,Bajo,false,,Talleres psicosociales,10/22/2000,Académica,5/4/2016,false
908383,Rosette,Broster,rbrosterqr@lycos.com,,Psicosocial,Medio,Nuevo,,,Muy Bajo,true,5/7/2019,Asesoría grupal,6/26/2015,Económica,,false
393381,Lucina,Pochet,lpochetqs@go.com,5,Psicosocial,Medio,Media académica,Bajo,7/18/2003,Alto,,7/31/2001,Talleres psicosociales,,Económica,2/29/2000,true
46561,Cilka,Kinchley,ckinchleyqt@oracle.com,1,Múltiple,Alto,Media académica,,3/13/2001,Medio,false,6/23/2021,Actividades de autocuidado,10/3/2015,Psicosocial,8/3/2002,false
617656,Emmit,Pietrasik,epietrasikqu@sfgate.com,4,Académica,Bajo,Nuevo,Bajo,6/15/2000,Bajo,false,10/9/2000,Terapia individual,10/17/2020,,10/15/2008,false
989753,Ethyl,Torn,etornqv@phoca.cz,4,Económica,Alto,Admitido,Alto,4/26/2021,Muy Bajo,true,6/7/2009,Actividades de autocuidado,11/30/2019,Múltiple,3/2/2016,true
879293,Tedda,Lillistone,tlillistoneqw@slideshare.net,7,Múltiple,Muy bajo,Admitido,,3/3/2000,Medio,false,10/3/2017,Actividades de autocuidado,9/29/2019,Múltiple,9/8/2013,true
143787,Paten,Ackers,packersqx@nymag.com,2,Académica,Muy bajo,Media académica,Medio,4/25/2008,Bajo,true,7/16/2006,Talleres psicosociales,5/19/2009,Múltiple,4/2/2007,true
58065,Virgina,,vtinsleyqy@blogs.com,10,Académica,Bajo,Nuevo,Bajo,2/27/2011,Medio,false,11/5/2007,Asesoría grupal,1/14/2008,,7/14/2014,true
891995,Stephanie,MacCleay,smaccleayqz@state.tx.us,4,Económica,Bajo,Media académica,Bajo,12/19/2014,Bajo,true,11/10/2019,Terapia individual,10/3/2009,Múltiple,7/14/2020,false
261621,Maggie,Slingsby,mslingsbyr0@google.nl,1,Múltiple,,Media académica,Medio,1/24/2017,Muy Bajo,true,,Terapia individual,4/15/2017,Múltiple,6/24/2013,true
867252,Jehanna,Brazener,jbrazenerr1@gizmodo.com,10,,,Media académica,,11/30/2014,Alto,true,,Terapia individual,1/7/2018,Académica,5/4/2017,true
160137,Brett,Prozillo,,2,Económica,Muy alto,,,3/8/2012,Bajo,false,2/14/2016,Otro,7/30/2018,Psicosocial,2/6/2019,true
369419,Bar,Gabler,bgablerr3@wp.com,4,Académica,Muy bajo,Admitido,Bajo,9/24/2012,Bajo,true,1/10/2005,Talleres psicosociales,6/17/2018,Académica,8/8/2012,false
183692,Gertrude,Center,gcenterr4@si.edu,1,Psicosocial,,,Alto,3/20/2017,Medio,false,9/18/2015,Asesoría grupal,3/5/2019,Psicosocial,12/11/2021,false
511766,Leah,Kyd,lkydr5@google.ru,6,,Bajo,Admitido,Medio,4/24/2016,Medio,false,6/5/2017,Actividades de autocuidado,7/28/2015,Económica,5/16/2001,true
411171,Maren,Gibbon,mgibbonr6@wikispaces.com,7,Académica,Bajo,Nuevo,Medio,1/3/2012,Medio,false,4/1/2010,Actividades de autocuidado,4/9/2011,Psicosocial,5/6/2003,false
365337,,Pennetta,mpennettar7@ucoz.ru,8,Múltiple,Alto,,Bajo,,Bajo,true,7/21/2009,Actividades de autocuidado,8/30/2020,Económica,9/17/2002,true
239176,Tedra,Blown,,8,Psicosocial,Bajo,Admitido,Medio,3/14/2006,Medio,false,8/15/2002,Talleres psicosociales,6/17/2015,Académica,12/2/2017,false
638608,Stern,Hickenbottom,shickenbottomr9@intel.com,10,Psicosocial,Muy bajo,Media académica,Bajo,5/8/2005,Muy Bajo,true,4/27/2011,Terapia individual,1/14/2002,Psicosocial,7/3/2022,false
644693,Blinnie,Andreichik,bandreichikra@hostgator.com,,Psicosocial,Bajo,Admitido,Medio,5/29/2020,Medio,,7/11/2016,Terapia individual,8/27/2001,Académica,2/6/2021,true
845374,Quinlan,Matveiko,,3,Económica,,Admitido,Medio,2/8/2013,Medio,false,10/26/2006,Asesoría grupal,8/7/2006,Académica,7/10/2017,false
917620,Carolee,Belfelt,cbelfeltrc@domainmarket.com,1,Académica,Alto,Admitido,Medio,6/2/2016,Muy Bajo,true,10/29/2003,Terapia individual,7/29/2006,Múltiple,4/12/2000,false
673116,Hoebart,Jeppensen,hjeppensenrd@latimes.com,2,Múltiple,Muy bajo,Media académica,Bajo,10/29/2007,Medio,true,6/3/2020,Terapia individual,10/24/2018,Académica,4/30/2018,true
12883,Vivia,Folbige,vfolbigere@china.com.cn,2,Económica,Medio,,Bajo,11/18/2011,Muy Bajo,true,1/28/2009,Talleres psicosociales,12/20/2000,Económica,10/21/2020,false
135085,Dolly,Rable,drablerf@theglobeandmail.com,2,,Muy alto,Admitido,Alto,5/10/2001,Muy Bajo,false,5/10/2022,Actividades de autocuidado,11/24/2003,Psicosocial,4/17/2021,true
196126,,Packman,lpackmanrg@cargocollective.com,5,Académica,Bajo,Admitido,Alto,9/17/2003,Muy Bajo,false,11/27/2021,Actividades de autocuidado,3/5/2020,,11/6/2000,false
777232,Beatrisa,Acaster,bacasterrh@artisteer.com,4,Múltiple,Medio,Media académica,Bajo,11/21/2011,Alto,,11/12/2002,Talleres psicosociales,3/21/2005,Académica,12/27/2000,
799835,Sloane,Sherwen,ssherwenri@bloomberg.com,4,Psicosocial,Bajo,Admitido,Alto,8/28/2010,,true,8/13/2017,Otro,2/4/2008,Múltiple,11/26/2002,true
911708,Stefa,Vasyunkin,svasyunkinrj@pbs.org,10,Psicosocial,Medio,Nuevo,Alto,3/8/2003,,,8/16/2006,Otro,2/25/2015,Psicosocial,10/27/2002,true
862203,Ganny,Dunridge,gdunridgerk@drupal.org,3,Académica,,Media académica,Bajo,1/23/2016,Bajo,false,6/11/2018,Actividades de autocuidado,9/22/2013,Económica,3/17/2010,false
907906,Nolie,Dines,ndinesrl@ask.com,10,Económica,Medio,,Medio,8/29/2000,Alto,false,10/11/2020,Terapia individual,11/27/2015,Económica,4/10/2019,false
381843,Betsy,Feacham,bfeachamrm@msu.edu,2,Académica,Medio,Nuevo,Alto,7/11/2006,Medio,false,7/7/2002,Talleres psicosociales,5/21/2007,Psicosocial,12/9/2009,true
367109,Elset,Bambery,ebamberyrn@opera.com,6,Económica,Muy bajo,Media académica,Bajo,3/28/2019,Medio,true,3/16/2020,Asesoría grupal,8/11/2003,Académica,,false
724563,Worden,Bratcher,wbratcherro@guardian.co.uk,5,Académica,Muy bajo,Nuevo,Bajo,6/13/2006,Muy Bajo,false,3/24/2006,Terapia individual,8/14/2014,Psicosocial,5/26/2004,true
263385,Tuckie,Ambrogioli,tambrogiolirp@hostgator.com,3,Múltiple,Muy alto,Admitido,Medio,12/26/2006,Alto,true,8/30/2001,Talleres psicosociales,4/8/2002,Académica,4/1/2017,true
662722,Lee,Conisbee,lconisbeerq@godaddy.com,7,Económica,Muy alto,Nuevo,Alto,9/3/2010,Medio,false,5/16/2003,Talleres psicosociales,8/23/2013,Psicosocial,8/4/2007,false
635606,Pattie,Akister,pakisterrr@tamu.edu,7,Económica,Medio,Nuevo,Medio,9/15/2010,Alto,true,,Talleres psicosociales,10/13/2013,Económica,3/3/2019,false
760451,Larissa,Hartin,lhartin0@ox.ac.uk,9,Económica,Alto,Admitido,Medio,,Bajo,true,4/19/2010,Otro,3/28/2013,Económica,6/26/2012,true
169944,Holt,Bracco,hbracco1@webeden.co.uk,2,Económica,Alto,Media académica,Alto,4/5/2016,Muy Bajo,true,3/12/2022,Talleres psicosociales,5/14/2022,Psicosocial,5/17/2003,false
251282,Robinet,Dimond,rdimond2@cnet.com,7,Académica,Muy bajo,Admitido,Bajo,11/21/2005,Muy Bajo,false,7/30/2005,Terapia individual,1/5/2017,Psicosocial,11/7/2007,false
579283,Flora,Marchello,fmarchello3@mysql.com,4,Múltiple,Medio,Nuevo,Bajo,7/4/2003,Medio,true,11/3/2003,Talleres psicosociales,2/28/2017,Psicosocial,3/4/2001,true
281380,Wittie,Kraut,wkraut4@guardian.co.uk,4,Académica,Alto,Admitido,Alto,3/17/2004,Medio,true,7/30/2022,Asesoría grupal,9/8/2022,Académica,3/28/2013,true
809209,Jolyn,Torra,jtorra5@indiegogo.com,9,Múltiple,Medio,Nuevo,Bajo,8/26/2006,Medio,false,12/20/2019,Actividades de autocuidado,5/30/2016,Económica,3/10/2018,true
267590,Garik,Galier,ggalier6@cocolog-nifty.com,6,Académica,Muy alto,Admitido,Alto,12/29/2014,Bajo,false,6/27/2016,Actividades de autocuidado,1/23/2004,Económica,10/19/2018,false
360719,Stacee,Gronw,sgronw7@ucla.edu,8,Psicosocial,Muy alto,Media académica,Alto,10/23/2002,Alto,true,2/1/2012,Asesoría grupal,7/3/2022,Múltiple,3/22/2011,true
809321,Currie,Brimfield,cbrimfield8@google.com.br,3,Múltiple,Bajo,Nuevo,Medio,12/2/2005,Bajo,false,8/14/2005,Actividades de autocuidado,3/23/2014,Múltiple,4/2/2004,true
652173,Mischa,Jimenez,mjimenez9@naver.com,3,Económica,Alto,Nuevo,Bajo,10/19/2018,Medio,true,3/7/2010,Terapia individual,12/30/2022,Económica,4/28/2016,true
803929,Tadeas,Scrimshaw,tscrimshawa@sfgate.com,4,Económica,Muy alto,Admitido,Alto,9/15/2011,Muy Bajo,true,11/22/2021,Terapia individual,6/19/2005,Múltiple,7/1/2005,false
726643,Dorolice,Matasov,dmatasovb@fc2.com,4,Múltiple,Muy alto,Admitido,Bajo,4/22/2015,Muy Bajo,false,9/25/2000,Terapia individual,11/29/2020,Económica,4/16/2005,false
633091,Roby,Tuxell,rtuxellc@arstechnica.com,10,Económica,Alto,Admitido,Alto,4/20/2000,Alto,false,5/9/2015,Actividades de autocuidado,3/31/2011,Económica,2/3/2000,true
697973,Shaun,Chellam,schellamd@ucla.edu,7,Psicosocial,Medio,Media académica,Bajo,,Muy Bajo,false,4/6/2018,Actividades de autocuidado,9/22/2022,Académica,12/12/2015,true
988523,Gusella,Tubb,gtubbe@com.com,1,Económica,Bajo,Media académica,Bajo,3/9/2002,Muy Bajo,true,5/15/2004,Otro,8/2/2001,Psicosocial,7/20/2014,false
52691,Kahaleel,Vassel,kvasself@nyu.edu,6,Académica,Muy alto,Media académica,Alto,,Alto,false,12/7/2020,Actividades de autocuidado,10/12/2020,Económica,9/7/2013,false
353616,Audry,Standering,astanderingg@pinterest.com,5,Académica,Bajo,Media académica,Alto,5/29/2009,Bajo,false,5/17/2021,Otro,6/13/2022,Múltiple,2/12/2019,false
748589,Doti,Esel,deselh@scientificamerican.com,7,Académica,Muy alto,Nuevo,Alto,4/10/2011,Muy Bajo,true,2/1/2022,Otro,1/22/2002,Múltiple,6/18/2021,true
949864,Mel,Epine,mepinei@cargocollective.com,1,Académica,Alto,Admitido,Alto,11/13/2016,Bajo,true,3/28/2014,Asesoría grupal,7/12/2008,Económica,12/15/2004,false
737781,Davy,Stean,dsteanj@issuu.com,3,Psicosocial,Medio,Media académica,Alto,1/17/2000,Muy Bajo,false,9/27/2006,Actividades de autocuidado,2/18/2015,Psicosocial,9/14/2013,true
189533,Rea,Coulton,rcoultonk@nyu.edu,1,Académica,Alto,Admitido,Alto,4/23/2000,Muy Bajo,true,2/2/2007,Otro,4/29/2009,Múltiple,7/23/2022,false
680376,Maighdiln,Weir,mweirl@yellowpages.com,1,Múltiple,Alto,Media académica,Alto,7/28/2020,Bajo,false,7/24/2020,Actividades de autocuidado,4/3/2015,Psicosocial,4/1/2019,true
234098,Willy,Battison,wbattisonm@lycos.com,1,Psicosocial,Muy bajo,Admitido,Alto,,Bajo,true,11/14/2002,Talleres psicosociales,7/4/2011,Múltiple,7/14/2021,false
407908,Dimitri,Santhouse,dsanthousen@over-blog.com,7,Psicosocial,Muy bajo,Admitido,Bajo,6/25/2014,Bajo,false,12/4/2018,Otro,5/22/2015,Múltiple,1/25/2010,true
297523,Laurena,Poulton,lpoultono@indiegogo.com,4,Múltiple,Muy bajo,Media académica,Bajo,6/13/2017,Alto,true,10/15/2005,Asesoría grupal,10/5/2014,Académica,3/1/2010,true
495771,Jennee,Beare,jbearep@gravatar.com,10,Múltiple,Alto,Admitido,Medio,5/30/2005,Medio,true,6/26/2022,Otro,12/13/2004,Académica,11/1/2006,true
221474,Sergeant,Hewell,shewellq@omniture.com,6,Académica,Alto,Media académica,Medio,12/28/2016,Muy Bajo,true,11/12/2017,Otro,2/11/2017,Académica,9/16/2020,true
743551,Flor,Towriss,ftowrissr@meetup.com,6,Económica,Muy alto,Nuevo,Alto,1/7/2019,Medio,true,3/29/2010,Asesoría grupal,12/20/2021,Económica,3/14/2022,false
97980,Sebastian,Arnow,sarnows@weibo.com,3,Económica,Alto,Admitido,Medio,11/30/2018,Alto,false,9/29/2015,Otro,2/15/2019,Psicosocial,6/26/2008,true
18686,Roch,Auton,rautont@hud.gov,5,Psicosocial,Bajo,Nuevo,Medio,4/11/2001,Medio,false,8/15/2007,Actividades de autocuidado,9/10/2009,Económica,8/16/2012,false
104671,Onfroi,Cosgreave,ocosgreaveu@berkeley.edu,6,Económica,Medio,Admitido,Bajo,4/17/2004,Medio,false,5/18/2009,Talleres psicosociales,5/9/2011,Económica,7/18/2010,true
226180,Chrisy,Gentzsch,cgentzschv@google.pl,9,Psicosocial,Muy bajo,Nuevo,Medio,7/12/2015,Bajo,false,12/21/2020,Terapia individual,5/14/2019,Económica,2/6/2011,true
192270,Mike,Duckett,mduckettw@weather.com,10,Económica,Muy alto,Nuevo,Medio,12/8/2022,Alto,true,11/13/2017,Otro,3/5/2008,Académica,8/29/2004,false
901170,Durante,Allsepp,dallseppx@sfgate.com,4,Económica,Bajo,Media académica,Medio,7/31/2010,Medio,false,10/5/2022,Talleres psicosociales,12/4/2014,Múltiple,8/28/2018,true
52987,Carie,Neeson,cneesony@uol.com.br,1,Psicosocial,Alto,Nuevo,Alto,7/9/2013,Medio,false,11/24/2007,Actividades de autocuidado,10/18/2012,Psicosocial,9/4/2001,false
5039,Hervey,Crozier,hcrozierz@i2i.jp,10,Académica,Muy bajo,Media académica,Bajo,6/9/2009,Bajo,false,8/20/2000,Asesoría grupal,11/27/2010,Múltiple,2/20/2006,true
833031,Westbrook,Pariso,wpariso10@unesco.org,4,Múltiple,Bajo,Admitido,Medio,2/10/2013,Muy Bajo,false,3/16/2008,Asesoría grupal,6/9/2012,Académica,11/10/2013,true
963935,Mill,Saer,msaer11@wordpress.com,2,Académica,Medio,Media académica,Medio,8/7/2021,Alto,true,6/7/2012,Otro,3/12/2001,Múltiple,5/8/2018,true
224599,Lorry,Lattin,llattin12@jalbum.net,10,Múltiple,Bajo,Admitido,Bajo,4/29/2021,Muy Bajo,true,6/20/2006,Otro,7/27/2007,Múltiple,6/6/2022,false
220395,Lissa,Belz,lbelz13@chron.com,8,Académica,Muy bajo,Nuevo,Bajo,9/21/2021,Alto,true,11/15/2016,Asesoría grupal,5/26/2018,Múltiple,6/26/2004,false
3122,Blayne,Telford,btelford14@gov.uk,3,Múltiple,Bajo,Nuevo,Bajo,2/25/2021,Alto,true,11/20/2000,Otro,10/21/2022,Múltiple,2/16/2002,true
988541,Nonie,Blakes,nblakes15@google.es,8,Económica,Muy bajo,Admitido,Medio,9/9/2014,Bajo,false,12/3/2012,Actividades de autocuidado,7/16/2017,Académica,12/19/2020,true
992547,Josefina,Janse,jjanse16@wufoo.com,9,Psicosocial,Muy alto,Admitido,Bajo,3/30/2015,Bajo,false,6/25/2017,Talleres psicosociales,2/13/2009,Económica,3/17/2016,true
545438,Junina,Paolo,jpaolo17@engadget.com,10,Académica,Bajo,Admitido,Bajo,8/29/2005,Muy Bajo,true,11/22/2011,Terapia individual,2/12/2000,Económica,3/29/2004,true
2914,Nick,Ryrie,nryrie18@nasa.gov,1,Múltiple,Medio,Admitido,Medio,8/19/2004,Medio,true,11/16/2002,Asesoría grupal,4/16/2018,Académica,1/26/2010,false
347805,Vincent,Denisot,vdenisot19@springer.com,3,Psicosocial,Bajo,Media académica,Medio,9/2/2021,Medio,false,10/18/2022,Talleres psicosociales,12/25/2002,Psicosocial,10/10/2012,false
40204,Rufe,Fratson,rfratson1a@dailymotion.com,5,Psicosocial,Muy bajo,Media académica,Alto,12/30/2000,Alto,true,10/8/2003,Terapia individual,2/15/2003,Psicosocial,3/13/2001,true
892288,Mahala,Leamy,mleamy1b@cloudflare.com,4,Económica,Alto,Admitido,Medio,1/17/2016,Muy Bajo,false,2/11/2019,Asesoría grupal,4/12/2021,Económica,5/7/2016,false
855407,Marya,Inkin,minkin1c@howstuffworks.com,5,Económica,Muy alto,Admitido,Bajo,,Bajo,true,2/28/2015,Asesoría grupal,8/21/2001,Económica,9/28/2012,false
927292,Krystyna,Pallister,kpallister1d@hc360.com,8,Académica,Muy bajo,Nuevo,Bajo,11/17/2004,Bajo,true,2/13/2018,Actividades de autocuidado,5/28/2019,Académica,10/14/2005,true
492768,Ximenez,Skains,xskains1e@printfriendly.com,2,Psicosocial,Muy alto,Media académica,Bajo,5/7/2009,Muy Bajo,true,6/23/2013,Terapia individual,9/11/2006,Económica,4/9/2010,false
222843,Tyrone,Mion,tmion1f@marriott.com,7,Múltiple,Alto,Admitido,Bajo,12/10/2022,Bajo,false,7/30/2000,Talleres psicosociales,5/17/2012,Económica,3/13/2022,true
468593,Terrell,Jencken,tjencken1g@devhub.com,9,Académica,Alto,Media académica,Medio,6/2/2019,Muy Bajo,false,9/7/2009,Otro,9/6/2003,Múltiple,12/29/2018,true
218376,Sari,Crowcher,scrowcher1h@cmu.edu,7,Psicosocial,Muy bajo,Nuevo,Bajo,10/19/2005,Bajo,true,11/2/2010,Talleres psicosociales,9/4/2006,Económica,5/8/2009,true
543131,Emmerich,McCanny,emccanny1i@slate.com,1,Múltiple,Alto,Nuevo,Medio,9/8/2010,Muy Bajo,false,12/6/2019,Asesoría grupal,2/4/2001,Académica,10/28/2005,true
212510,Ludovika,O'Fallone,lofallone1j@yahoo.com,7,Económica,Alto,Media académica,Alto,10/29/2006,Muy Bajo,true,2/1/2000,Otro,12/9/2001,Académica,2/2/2020,true
570737,Ken,Ismirnioglou,kismirnioglou1k@reddit.com,7,Psicosocial,Medio,Nuevo,Alto,,Medio,true,11/29/2007,Terapia individual,9/7/2016,Económica,5/7/2015,true
924124,Catlaina,Bainton,cbainton1l@businessweek.com,4,Psicosocial,Bajo,Media académica,Alto,6/9/2018,Medio,true,1/20/2022,Otro,4/5/2003,Psicosocial,8/28/2018,false
465671,Bren,Blondin,bblondin1m@google.com.br,7,Psicosocial,Medio,Media académica,Medio,4/28/2016,Muy Bajo,true,2/18/2006,Talleres psicosociales,2/6/2020,Múltiple,5/30/2009,true
180854,Isidora,Elderkin,ielderkin1n@over-blog.com,10,Psicosocial,Muy alto,Nuevo,Alto,1/6/2009,Muy Bajo,false,3/5/2022,Asesoría grupal,11/13/2021,Económica,12/28/2007,true
427310,Selinda,Ivanikhin,sivanikhin1o@tiny.cc,2,Múltiple,Muy alto,Media académica,Alto,12/23/2017,Muy Bajo,false,7/3/2013,Actividades de autocuidado,4/6/2010,Múltiple,7/28/2014,false
57232,Maison,Millsap,mmillsap1p@census.gov,2,Psicosocial,Medio,Nuevo,Medio,2/24/2014,Alto,false,11/25/2004,Talleres psicosociales,11/17/2014,Económica,12/26/2007,true
448080,Alexander,Figgures,afiggures1q@studiopress.com,4,Múltiple,Medio,Media académica,Bajo,,Bajo,true,1/11/2001,Asesoría grupal,3/2/2009,Múltiple,5/26/2018,true
867181,Kandace,Rosenwasser,krosenwasser1r@bloglines.com,5,Económica,Muy bajo,Nuevo,Medio,12/10/2001,Medio,true,11/28/2020,Asesoría grupal,6/11/2004,Psicosocial,12/23/2015,false
581680,Adelaida,Easey,aeasey1s@ehow.com,7,Académica,Medio,Admitido,Medio,3/27/2016,Muy Bajo,false,9/2/2001,Otro,8/2/2022,Psicosocial,2/19/2007,true
897547,Garret,Phillcock,gphillcock1t@bandcamp.com,3,Académica,Alto,Nuevo,Alto,5/2/2003,Muy Bajo,true,9/9/2000,Actividades de autocuidado,11/4/2012,Económica,9/11/2002,false
902269,Rodney,Flew,rflew1u@storify.com,2,Académica,Alto,Admitido,Bajo,8/9/2013,Muy Bajo,false,6/1/2010,Otro,12/29/2011,Económica,8/18/2016,true
771474,Ruy,Askin,raskin1v@wp.com,6,Psicosocial,Medio,Admitido,Medio,6/21/2000,Muy Bajo,true,5/19/2001,Terapia individual,3/20/2005,Académica,2/13/2005,false
462430,Carmita,Costelow,ccostelow1w@so-net.ne.jp,8,Económica,Muy alto,Admitido,Medio,11/14/2010,Muy Bajo,true,5/13/2009,Actividades de autocuidado,9/27/2020,Psicosocial,5/28/2022,true
452696,Marney,Munning,mmunning1x@amazon.com,9,Múltiple,Muy alto,Nuevo,Medio,6/16/2015,Medio,false,11/27/2018,Otro,11/9/2000,Económica,2/25/2017,true
670739,Cassandry,Stidever,cstidever1y@bigcartel.com,7,Psicosocial,Medio,Admitido,Medio,5/21/2012,Bajo,false,10/13/2016,Talleres psicosociales,8/31/2015,Múltiple,2/21/2004,false
471114,Felicio,Scammonden,fscammonden1z@sitemeter.com,6,Económica,Muy alto,Media académica,Alto,12/2/2000,Medio,true,5/13/2012,Otro,4/30/2020,Académica,2/6/2016,true
844934,Latashia,Guitt,lguitt20@weather.com,10,Psicosocial,Muy bajo,Nuevo,Medio,9/13/2001,Alto,false,7/15/2017,Otro,5/1/2019,Psicosocial,8/22/2000,false
476868,Ilise,Piccard,ipiccard21@mac.com,3,Psicosocial,Medio,Admitido,Medio,11/28/2006,Bajo,false,12/1/2017,Asesoría grupal,7/13/2019,Académica,4/1/2020,true
112123,Quill,Cornilli,qcornilli22@over-blog.com,10,Psicosocial,Alto,Admitido,Alto,9/24/2016,Bajo,false,11/3/2002,Talleres psicosociales,11/3/2006,Múltiple,8/11/2000,false
747331,Pascale,Clohessy,pclohessy23@tripod.com,9,Múltiple,Medio,Media académica,Alto,10/12/2001,Alto,false,2/18/2004,Talleres psicosociales,12/23/2003,Económica,12/30/2004,true
844821,Ellissa,Zupo,ezupo24@liveinternet.ru,5,Académica,Medio,Nuevo,Alto,9/25/2022,Alto,true,8/26/2007,Otro,9/5/2004,Psicosocial,7/4/2007,false
180467,Lucien,Wherry,lwherry25@delicious.com,9,Económica,Muy alto,Nuevo,Medio,2/13/2004,Bajo,false,4/20/2014,Terapia individual,5/29/2001,Económica,5/31/2013,false
13320,Gerry,Dagworthy,gdagworthy26@eepurl.com,10,Múltiple,Medio,Admitido,Medio,4/6/2019,Medio,true,8/10/2011,Otro,5/26/2001,Psicosocial,12/21/2022,false
192841,Delcina,Doohan,ddoohan27@nytimes.com,1,Psicosocial,Muy bajo,Admitido,Bajo,9/6/2006,Bajo,false,5/18/2022,Talleres psicosociales,5/21/2005,Académica,3/22/2012,true
568225,Vera,Hallas,vhallas28@ftc.gov,5,Psicosocial,Medio,Media académica,Alto,9/15/2021,Alto,false,9/22/2007,Talleres psicosociales,9/21/2008,Académica,9/4/2001,true
546585,Nilson,McGreal,nmcgreal29@geocities.jp,2,Psicosocial,Muy alto,Media académica,Medio,2/9/2007,Alto,true,4/17/2020,Otro,8/17/2009,Psicosocial,9/9/2016,true
244528,Samaria,Kensit,skensit2a@hud.gov,5,Económica,Bajo,Media académica,Alto,6/27/2010,Muy Bajo,false,1/11/2007,Actividades de autocuidado,10/11/2019,Académica,5/16/2011,true
644297,Vachel,Bastiman,vbastiman2b@tiny.cc,9,Económica,Alto,Media académica,Medio,3/3/2022,Alto,true,2/11/2003,Talleres psicosociales,8/21/2004,Psicosocial,8/13/2006,false
658267,Ossie,Nolleth,onolleth2c@ted.com,7,Académica,Bajo,Admitido,Medio,5/28/2011,Bajo,true,10/16/2015,Terapia individual,12/2/2021,Múltiple,11/27/2007,true
807874,Guillema,Jewitt,gjewitt2d@google.ca,3,Múltiple,Medio,Admitido,Medio,1/3/2000,Medio,true,1/13/2013,Talleres psicosociales,7/14/2005,Múltiple,8/2/2000,false
358414,Stacy,Dowdle,sdowdle2e@sfgate.com,1,Psicosocial,Muy bajo,Nuevo,Medio,5/17/2007,Bajo,true,12/26/2019,Talleres psicosociales,12/31/2012,Académica,10/18/2002,false
753018,Edeline,Fidal,efidal2f@bloglines.com,3,Académica,Bajo,Media académica,Medio,11/10/2004,Bajo,false,7/7/2015,Terapia individual,3/29/2018,Múltiple,8/29/2004,true
640097,Paquito,Snipe,psnipe2g@furl.net,7,Múltiple,Muy bajo,Media académica,Bajo,6/24/2019,Medio,true,5/12/2011,Actividades de autocuidado,5/19/2021,Económica,4/3/2005,false
964328,Mattie,Largen,mlargen2h@vkontakte.ru,6,Múltiple,Bajo,Media académica,Bajo,,Bajo,false,8/27/2004,Otro,7/6/2013,Psicosocial,7/20/2016,false
29010,Terencio,Reddoch,treddoch2i@imageshack.us,7,Académica,Medio,Nuevo,Bajo,3/29/2013,Medio,true,10/7/2001,Actividades de autocuidado,4/16/2017,Académica,7/11/2021,true
40722,Aeriela,Frizell,afrizell2j@123-reg.co.uk,4,Psicosocial,Bajo,Admitido,Medio,10/9/2005,Bajo,false,3/1/2008,Terapia individual,1/3/2002,Económica,1/15/2010,false
664139,Ella,Piaggia,epiaggia2k@photobucket.com,8,Académica,Muy bajo,Media académica,Medio,10/8/2013,Medio,true,2/15/2010,Otro,3/8/2004,Múltiple,6/7/2010,true
733228,Sisely,Andrea,sandrea2l@tmall.com,4,Económica,Bajo,Admitido,Alto,8/27/2019,Muy Bajo,false,2/9/2013,Asesoría grupal,1/8/2012,Académica,10/1/2014,false
685577,Neel,Beslier,nbeslier2m@fema.gov,8,Psicosocial,Muy alto,Admitido,Bajo,3/30/2015,Medio,true,2/22/2002,Talleres psicosociales,5/23/2013,Económica,3/17/2015,true
515868,Trenton,Bris,tbris2n@theglobeandmail.com,7,Académica,Alto,Media académica,Medio,11/17/2019,Alto,true,7/8/2020,Talleres psicosociales,12/8/2017,Académica,10/23/2013,false
356578,Benjie,Phair,bphair2o@spotify.com,8,Psicosocial,Muy bajo,Media académica,Alto,7/23/2019,Alto,false,2/13/2017,Talleres psicosociales,2/21/2015,Económica,4/7/2003,true
597985,Jeana,Steagall,jsteagall2p@gravatar.com,7,Económica,Muy alto,Nuevo,Alto,8/1/2022,Bajo,false,11/14/2005,Talleres psicosociales,2/5/2015,Académica,8/28/2003,true
747466,Ericka,Kensall,ekensall2q@walmart.com,3,Económica,Medio,Admitido,Alto,5/14/2006,Medio,false,2/2/2011,Asesoría grupal,10/5/2017,Múltiple,4/14/2017,false
368689,Glenine,Antoniazzi,gantoniazzi2r@geocities.com,6,Académica,Medio,Admitido,Alto,3/23/2008,Bajo,true,2/2/2008,Actividades de autocuidado,10/15/2000,Múltiple,2/3/2001,true
501263,Aldous,Gisby,agisby2s@usnews.com,6,Económica,Muy alto,Admitido,Alto,11/14/2010,Bajo,false,2/26/2015,Talleres psicosociales,9/26/2022,Psicosocial,9/3/2012,true
775483,Joannes,Niles,jniles2t@indiatimes.com,10,Psicosocial,Alto,Admitido,Medio,3/29/2009,Bajo,false,2/25/2002,Terapia individual,10/1/2008,Psicosocial,6/28/2013,true
750075,Mildrid,Chell,mchell2u@ovh.net,9,Múltiple,Bajo,Nuevo,Bajo,5/1/2010,Bajo,false,3/1/2003,Asesoría grupal,2/3/2005,Múltiple,6/15/2004,false
501773,Leo,Duguid,lduguid2v@wsj.com,5,Múltiple,Alto,Media académica,Bajo,10/20/2005,Alto,false,3/18/2003,Actividades de autocuidado,2/8/2011,Académica,1/12/2002,false
150353,Amalita,Gosnay,agosnay2w@noaa.gov,8,Económica,Alto,Media académica,Bajo,5/25/2009,Bajo,false,12/10/2012,Asesoría grupal,9/2/2008,Múltiple,7/14/2013,false
636699,Goldarina,Baldi,gbaldi2x@ning.com,1,Múltiple,Medio,Media académica,Bajo,5/22/2002,Bajo,false,10/7/2010,Terapia individual,4/4/2010,Psicosocial,12/13/2021,true
206859,Norbie,Coumbe,ncoumbe2y@washington.edu,8,Psicosocial,Muy bajo,Admitido,Bajo,,Muy Bajo,true,11/18/2016,Talleres psicosociales,11/2/2019,Múltiple,3/4/2005,true
259006,Viva,Roof,vroof2z@51.la,9,Múltiple,Bajo,Admitido,Alto,10/22/2008,Bajo,false,1/25/2015,Asesoría grupal,2/3/2000,Académica,6/6/2007,false
499744,Quintilla,Vernalls,qvernalls30@surveymonkey.com,7,Económica,Bajo,Nuevo,Alto,11/29/2006,Alto,false,3/16/2018,Asesoría grupal,11/2/2014,Múltiple,7/11/2013,true
531341,Lorin,Cudbird,lcudbird31@vkontakte.ru,3,Múltiple,Medio,Admitido,Alto,9/9/2007,Bajo,true,7/21/2010,Asesoría grupal,8/26/2011,Económica,12/9/2002,false
379897,Doretta,Cissen,dcissen32@joomla.org,1,Múltiple,Bajo,Media académica,Bajo,11/17/2006,Muy Bajo,true,1/3/2019,Asesoría grupal,11/28/2016,Económica,6/4/2001,false
593814,Justen,Jeram,jjeram33@cisco.com,5,Económica,Bajo,Media académica,Medio,12/9/2005,Medio,false,12/3/2021,Actividades de autocuidado,5/15/2018,Académica,1/22/2003,false
187264,Sandi,Harriot,sharriot34@arstechnica.com,1,Psicosocial,Medio,Admitido,Bajo,4/20/2000,Muy Bajo,true,3/26/2000,Terapia individual,1/16/2006,Económica,5/5/2011,false
238528,Edyth,Horribine,ehorribine35@ask.com,3,Académica,Bajo,Admitido,Bajo,10/2/2006,Muy Bajo,true,4/10/2003,Terapia individual,2/28/2020,Múltiple,7/17/2003,true
521143,Udell,Mosey,umosey36@wp.com,6,Académica,Alto,Media académica,Bajo,5/26/2020,Medio,false,1/9/2000,Terapia individual,1/21/2015,Múltiple,3/1/2020,true
949137,Arel,Saffell,asaffell37@biblegateway.com,6,Múltiple,Bajo,Media académica,Bajo,2/25/2010,Muy Bajo,false,9/11/2015,Otro,6/28/2000,Económica,4/11/2022,true
567559,Amory,Monday,amonday38@oakley.com,8,Múltiple,Bajo,Media académica,Bajo,2/13/2020,Medio,true,4/2/2016,Actividades de autocuidado,1/25/2021,Económica,7/14/2011,false
628405,Violette,Eskell,veskell39@globo.com,7,Económica,Muy alto,Media académica,Medio,4/8/2005,Muy Bajo,false,11/8/2020,Terapia individual,10/2/2021,Múltiple,6/24/2009,false
732876,Pennie,Elsey,pelsey3a@weibo.com,9,Múltiple,Alto,Admitido,Medio,10/21/2000,Bajo,false,8/12/2019,Actividades de autocuidado,10/8/2004,Psicosocial,7/9/2004,false
386470,Ayn,Jaan,ajaan3b@google.co.uk,10,Múltiple,Muy alto,Admitido,Alto,6/27/2012,Bajo,false,11/28/2002,Asesoría grupal,6/28/2000,Múltiple,8/14/2017,false
286162,Adrianna,Longega,alongega3c@alibaba.com,8,Económica,Medio,Nuevo,Bajo,11/20/2004,Muy Bajo,false,12/23/2019,Terapia individual,4/16/2001,Económica,9/8/2022,false
131322,Darline,Wims,dwims3d@usgs.gov,7,Económica,Muy alto,Admitido,Bajo,7/8/2013,Muy Bajo,false,4/30/2001,Otro,12/26/2016,Psicosocial,3/29/2002,true
864183,Paulette,Brennand,pbrennand3e@slideshare.net,5,Psicosocial,Muy bajo,Nuevo,Bajo,3/16/2015,Alto,true,7/24/2011,Talleres psicosociales,2/13/2014,Psicosocial,10/30/2010,false
204603,Shanan,Mulliss,smulliss3f@goodreads.com,10,Múltiple,Alto,Admitido,Medio,11/22/2008,Bajo,true,7/31/2001,Actividades de autocuidado,11/29/2015,Múltiple,3/17/2014,true
162275,Colan,Cuardall,ccuardall3g@plala.or.jp,4,Económica,Muy alto,Media académica,Bajo,10/5/2013,Alto,false,7/18/2009,Actividades de autocuidado,4/3/2007,Económica,8/10/2000,true
433968,Newton,Theobald,ntheobald3h@lulu.com,5,Psicosocial,Muy alto,Media académica,Medio,10/31/2008,Medio,true,11/13/2007,Otro,10/10/2011,Múltiple,5/30/2000,true
742692,Orella,McCarty,omccarty3i@telegraph.co.uk,5,Económica,Alto,Nuevo,Medio,11/2/2020,Medio,true,8/26/2014,Otro,11/25/2011,Académica,5/22/2021,false
14646,Maison,Tempest,mtempest3j@sakura.ne.jp,5,Psicosocial,Alto,Nuevo,Alto,6/12/2008,Bajo,true,3/13/2007,Actividades de autocuidado,10/19/2003,Múltiple,5/1/2019,true
198622,Brenden,Philpault,bphilpault3k@baidu.com,8,Económica,Bajo,Admitido,Bajo,3/1/2003,Medio,true,12/16/2014,Talleres psicosociales,7/11/2008,Múltiple,2/2/2004,true
744894,Cherianne,Bosward,cbosward3l@dailymail.co.uk,10,Académica,Muy alto,Media académica,Medio,9/27/2001,Medio,true,1/19/2016,Talleres psicosociales,2/26/2001,Académica,3/29/2014,false
548431,Gianina,Miguel,gmiguel3m@census.gov,9,Económica,Alto,Media académica,Bajo,11/20/2016,Bajo,false,8/27/2019,Asesoría grupal,4/7/2010,Psicosocial,1/4/2020,true
674779,Kris,Paish,kpaish3n@sbwire.com,6,Psicosocial,Bajo,Nuevo,Medio,4/11/2020,Medio,false,5/9/2008,Asesoría grupal,3/12/2007,Económica,10/7/2015,false
281770,Imogen,Bagworth,ibagworth3o@webs.com,5,Múltiple,Alto,Admitido,Bajo,8/10/2009,Bajo,true,9/4/2006,Talleres psicosociales,10/19/2003,Psicosocial,6/5/2006,true
850465,Blisse,Entwhistle,bentwhistle3p@wufoo.com,3,Psicosocial,Bajo,Media académica,Medio,10/1/2004,Bajo,false,7/7/2018,Terapia individual,4/24/2017,Académica,3/15/2022,false
785136,Karalynn,Boshers,kboshers3q@epa.gov,1,Múltiple,Bajo,Media académica,Bajo,8/18/2005,Bajo,true,11/22/2014,Otro,7/14/2009,Múltiple,1/25/2011,false
723597,Moses,Leipelt,mleipelt3r@marriott.com,2,Económica,Muy bajo,Admitido,Alto,1/13/2005,Bajo,true,3/29/2011,Terapia individual,7/14/2021,Académica,2/5/2022,false
994651,Henryetta,Wintersgill,hwintersgill3s@wordpress.org,2,Múltiple,Bajo,Media académica,Bajo,3/7/2011,Muy Bajo,false,8/22/2010,Talleres psicosociales,9/26/2006,Psicosocial,2/2/2008,true
488891,Willetta,Delaney,wdelaney3t@zimbio.com,6,Psicosocial,Muy alto,Media académica,Alto,4/3/2003,Medio,true,2/20/2022,Asesoría grupal,8/19/2021,Psicosocial,7/16/2000,true
955870,Henriette,Wilbraham,hwilbraham3u@dell.com,10,Académica,Bajo,Media académica,Alto,6/17/2001,Muy Bajo,true,7/14/2012,Terapia individual,4/17/2008,Económica,10/12/2011,true
154201,Calley,Abelwhite,cabelwhite3v@blinklist.com,2,Económica,Bajo,Nuevo,Alto,3/26/2016,Muy Bajo,true,11/29/2014,Talleres psicosociales,10/16/2016,Académica,9/6/2000,true
352201,Layton,Bussy,lbussy3w@naver.com,5,Psicosocial,Medio,Media académica,Bajo,7/21/2012,Alto,true,10/3/2009,Terapia individual,9/17/2022,Múltiple,3/23/2004,false
675446,Judd,Ryburn,jryburn3x@studiopress.com,2,Académica,Muy bajo,Nuevo,Alto,8/25/2010,Alto,false,2/19/2017,Talleres psicosociales,5/22/2011,Económica,7/21/2000,true
703507,Rhona,Durant,rdurant3y@wix.com,1,Académica,Medio,Admitido,Medio,4/5/2009,Muy Bajo,false,4/29/2006,Otro,2/1/2018,Académica,2/24/2016,false
314645,Bevin,Blanchette,bblanchette3z@hugedomains.com,1,Psicosocial,Bajo,Nuevo,Medio,7/28/2021,Alto,true,1/17/2001,Actividades de autocuidado,10/12/2009,Económica,1/30/2007,true
958347,Ada,Bernhart,abernhart40@ask.com,5,Académica,Medio,Media académica,Alto,2/18/2008,Alto,false,1/25/2005,Otro,6/22/2006,Económica,3/13/2021,true
996793,Langsdon,Shepeard,lshepeard41@elegantthemes.com,5,Académica,Bajo,Media académica,Bajo,12/17/2018,Alto,true,5/5/2000,Actividades de autocuidado,10/22/2011,Múltiple,9/6/2016,false
707195,Sonnie,Aicken,saicken42@biglobe.ne.jp,3,Económica,Muy bajo,Nuevo,Alto,6/9/2012,Alto,true,3/24/2000,Actividades de autocuidado,8/2/2016,Económica,12/20/2016,true
300038,Freddy,Cumo,fcumo43@blogtalkradio.com,6,Académica,Muy alto,Media académica,Alto,12/29/2017,Bajo,true,11/28/2013,Otro,6/22/2022,Económica,1/28/2019,true
173100,Marguerite,Lambkin,mlambkin44@opera.com,7,Económica,Muy alto,Media académica,Alto,7/23/2000,Bajo,false,10/26/2011,Asesoría grupal,7/4/2003,Económica,8/30/2007,false
607148,Phyllys,Gofton,pgofton45@nhs.uk,6,Psicosocial,Muy alto,Media académica,Medio,8/25/2021,Muy Bajo,false,12/14/2021,Talleres psicosociales,5/7/2008,Académica,2/10/2006,true
689828,Harold,Okie,hokie46@istockphoto.com,3,Económica,Bajo,Nuevo,Medio,5/10/2000,Medio,true,11/15/2006,Actividades de autocuidado,1/30/2000,Múltiple,9/2/2001,false
201963,Adair,Larciere,alarciere47@wikia.com,8,Múltiple,Medio,Media académica,Bajo,12/19/2004,Bajo,true,6/12/2018,Actividades de autocuidado,10/23/2020,Múltiple,6/19/2011,true
374450,Jerrine,Faircloth,jfaircloth48@pagesperso-orange.fr,9,Psicosocial,Muy alto,Admitido,Medio,8/9/2013,Medio,false,6/9/2011,Asesoría grupal,12/13/2021,Económica,6/1/2003,false
617690,Krisha,Orwell,korwell49@prnewswire.com,9,Psicosocial,Muy alto,Media académica,Medio,12/5/2018,Medio,true,4/14/2020,Talleres psicosociales,12/25/2017,Psicosocial,12/3/2002,false
774922,Prisca,Hardwidge,phardwidge4a@aboutads.info,8,Múltiple,Bajo,Admitido,Alto,11/29/2010,Medio,true,6/10/2010,Asesoría grupal,8/29/2008,Psicosocial,10/2/2021,false
753482,Agretha,Labdon,alabdon4b@symantec.com,6,Múltiple,Muy alto,Nuevo,Alto,10/17/2011,Alto,false,7/22/2014,Talleres psicosociales,5/2/2019,Económica,9/2/2006,true
820573,Osbert,Desouza,odesouza4c@fastcompany.com,5,Académica,Bajo,Media académica,Alto,7/27/2004,Alto,true,3/15/2002,Talleres psicosociales,12/12/2003,Múltiple,2/23/2006,false
350935,Jeno,Sexten,jsexten4d@1688.com,1,Psicosocial,Muy bajo,Admitido,Medio,10/13/2000,Medio,false,7/4/2021,Terapia individual,10/22/2021,Económica,7/18/2011,false
316688,Lianna,Ibotson,libotson4e@themeforest.net,4,Psicosocial,Muy bajo,Nuevo,Bajo,11/2/2016,Bajo,false,4/2/2014,Terapia individual,5/12/2019,Académica,7/10/2016,true
277300,Corabella,Furst,cfurst4f@gmpg.org,9,Múltiple,Alto,Media académica,Alto,,Alto,true,8/1/2021,Terapia individual,12/25/2021,Académica,11/13/2013,false
83298,Jenn,Pietrusiak,jpietrusiak4g@japanpost.jp,6,Académica,Alto,Admitido,Medio,5/16/2006,Muy Bajo,false,12/29/2013,Asesoría grupal,6/23/2015,Económica,1/9/2007,false
982203,Noland,Jindrich,njindrich4h@a8.net,6,Académica,Muy bajo,Nuevo,Alto,5/15/2018,Medio,true,12/12/2022,Otro,4/22/2014,Psicosocial,1/30/2021,true
257715,Dyann,Lamburn,dlamburn4i@xrea.com,6,Académica,Bajo,Admitido,Medio,5/28/2020,Alto,true,7/15/2019,Terapia individual,8/21/2011,Académica,5/10/2008,false
387590,Consolata,Blenkiron,cblenkiron4j@usda.gov,2,Económica,Bajo,Media académica,Alto,,Medio,false,9/11/2019,Actividades de autocuidado,11/16/2016,Psicosocial,7/25/2018,false
562929,Danita,Mackrell,dmackrell4k@princeton.edu,3,Académica,Bajo,Media académica,Alto,7/23/2010,Muy Bajo,false,6/4/2014,Asesoría grupal,3/9/2017,Económica,8/12/2009,true
651677,Lea,Ivasechko,livasechko4l@ebay.co.uk,3,Múltiple,Muy alto,Nuevo,Medio,6/27/2006,Alto,false,3/24/2005,Asesoría grupal,8/26/2006,Académica,12/22/2017,true
265336,Hazel,Nortunen,hnortunen4m@chron.com,6,Múltiple,Muy bajo,Media académica,Medio,6/2/2020,Alto,true,8/10/2020,Asesoría grupal,1/20/2020,Académica,9/14/2002,true
816977,Ola,Briamo,obriamo4n@noaa.gov,10,Psicosocial,Alto,Admitido,Alto,1/12/2017,Bajo,false,7/19/2005,Asesoría grupal,9/8/2017,Psicosocial,5/7/2009,true
746685,Etienne,Philipet,ephilipet4o@jigsy.com,6,Psicosocial,Medio,Media académica,Medio,2/21/2004,Muy Bajo,false,10/20/2005,Otro,7/28/2019,Psicosocial,3/31/2003,false
839022,Franz,Border,fborder4p@ow.ly,1,Psicosocial,Bajo,Admitido,Medio,8/18/2015,Muy Bajo,false,5/26/2005,Asesoría grupal,11/17/2020,Académica,3/19/2017,true
333153,Mala,Chismon,mchismon4q@php.net,2,Académica,Muy bajo,Nuevo,Alto,9/19/2018,Medio,false,9/14/2004,Otro,7/22/2000,Múltiple,10/23/2011,false
862479,Sukey,Utley,sutley4r@craigslist.org,9,Económica,Muy alto,Media académica,Bajo,12/11/2020,Medio,false,5/21/2003,Otro,4/20/2021,Económica,8/7/2016,false
975174,Tomaso,Croker,tcroker4s@foxnews.com,5,Académica,Bajo,Media académica,Bajo,12/3/2016,Bajo,true,3/13/2016,Talleres psicosociales,3/17/2011,Múltiple,3/14/2012,true
232480,Adrianne,Sidden,asidden4t@163.com,2,Económica,Alto,Admitido,Bajo,10/13/2007,Medio,true,2/14/2005,Asesoría grupal,10/12/2003,Múltiple,7/22/2018,true
293450,Zedekiah,Jess,zjess4u@unicef.org,10,Psicosocial,Muy bajo,Nuevo,Bajo,5/22/2019,Muy Bajo,true,9/29/2018,Actividades de autocuidado,12/11/2007,Psicosocial,9/12/2015,false
615653,Stefan,Armatys,sarmatys4v@buzzfeed.com,4,Múltiple,Medio,Admitido,Medio,9/23/2005,Muy Bajo,true,7/26/2012,Talleres psicosociales,5/29/2001,Psicosocial,2/16/2011,false
319475,Tobey,Gettens,tgettens4w@purevolume.com,1,Múltiple,Medio,Nuevo,Alto,10/24/2012,Bajo,false,12/11/2010,Terapia individual,8/18/2002,Psicosocial,12/19/2020,true
980454,Muffin,Rippin,mrippin4x@deviantart.com,7,Múltiple,Alto,Nuevo,Bajo,9/20/2002,Medio,true,9/3/2003,Actividades de autocuidado,9/7/2019,Múltiple,9/23/2006,true
333556,Elliott,Gumn,egumn4y@flickr.com,4,Académica,Medio,Media académica,Bajo,4/2/2009,Bajo,true,6/11/2017,Asesoría grupal,12/4/2006,Económica,2/8/2021,false
90766,Celle,Dimblebee,cdimblebee4z@ed.gov,4,Académica,Muy alto,Admitido,Alto,,Bajo,true,1/9/2012,Asesoría grupal,11/7/2018,Psicosocial,4/14/2009,true
707471,Natalie,Philp,nphilp50@narod.ru,5,Académica,Alto,Media académica,Bajo,9/30/2004,Bajo,true,9/20/2015,Talleres psicosociales,12/12/2000,Múltiple,11/29/2021,true
439259,Evangelin,Aikman,eaikman51@boston.com,4,Académica,Muy bajo,Nuevo,Alto,7/7/2012,Muy Bajo,false,2/9/2009,Terapia individual,6/7/2003,Económica,8/26/2000,true
433547,Ilyssa,Leftbridge,ileftbridge52@4shared.com,3,Múltiple,Muy alto,Admitido,Alto,1/27/2021,Muy Bajo,false,7/3/2001,Talleres psicosociales,7/22/2017,Económica,7/21/2005,true
840141,Charley,Levey,clevey53@huffingtonpost.com,10,Psicosocial,Muy bajo,Media académica,Medio,11/18/2006,Alto,true,9/9/2006,Talleres psicosociales,9/17/2009,Psicosocial,5/10/2010,true
160276,Blair,Pedrozzi,bpedrozzi54@weibo.com,6,Económica,Muy alto,Media académica,Alto,10/21/2016,Alto,false,3/12/2012,Actividades de autocuidado,2/26/2013,Psicosocial,2/5/2001,true
60682,Linell,Woolis,lwoolis55@boston.com,4,Psicosocial,Muy bajo,Media académica,Bajo,12/12/2016,Muy Bajo,false,1/8/2016,Terapia individual,10/8/2018,Económica,9/16/2018,false
342801,Addia,Crother,acrother56@amazon.de,10,Múltiple,Muy alto,Nuevo,Bajo,12/30/2004,Alto,false,7/9/2021,Talleres psicosociales,8/13/2006,Académica,7/20/2003,true
73668,Raquel,Ginty,rginty57@webmd.com,7,Económica,Medio,Media académica,Bajo,5/5/2016,Alto,false,1/11/2008,Terapia individual,10/11/2017,Múltiple,10/5/2007,true
229495,Pierette,Biagini,pbiagini58@etsy.com,8,Económica,Muy bajo,Media académica,Medio,10/1/2001,Medio,true,11/18/2002,Terapia individual,9/16/2000,Económica,2/10/2007,true
159562,Lindsay,Choldcroft,lcholdcroft59@ibm.com,9,Académica,Alto,Admitido,Alto,10/17/2003,Medio,true,10/20/2011,Terapia individual,1/6/2005,Múltiple,10/25/2009,false
491991,Johnathan,Chicotti,jchicotti5a@ihg.com,6,Económica,Muy bajo,Admitido,Bajo,2/12/2019,Alto,true,5/18/2012,Terapia individual,5/19/2021,Psicosocial,11/4/2002,true
302666,Charlotte,Reyner,creyner5b@wsj.com,4,Económica,Muy bajo,Media académica,Bajo,2/14/2016,Muy Bajo,true,12/27/2022,Asesoría grupal,7/6/2009,Múltiple,7/21/2003,true
132322,Ephrem,Vasechkin,evasechkin5c@is.gd,9,Económica,Medio,Admitido,Alto,6/22/2007,Muy Bajo,true,3/31/2013,Talleres psicosociales,9/2/2014,Múltiple,12/1/2011,false
370160,Vivianna,Wrates,vwrates5d@odnoklassniki.ru,5,Económica,Bajo,Admitido,Medio,5/18/2016,Medio,true,7/13/2015,Terapia individual,8/15/2004,Académica,5/25/2002,false
148562,Aprilette,Noir,anoir5e@cloudflare.com,10,Económica,Bajo,Media académica,Medio,1/22/2008,Alto,false,9/4/2016,Terapia individual,9/21/2009,Psicosocial,9/3/2016,false
573515,Allistir,Pallister,apallister5f@craigslist.org,5,Académica,Medio,Admitido,Bajo,12/3/2006,Alto,true,9/21/2009,Terapia individual,11/9/2005,Económica,9/7/2012,true
541730,Roslyn,Mangan,rmangan5g@skype.com,1,Económica,Bajo,Nuevo,Bajo,12/6/2021,Alto,true,12/3/2001,Asesoría grupal,2/24/2004,Económica,6/27/2019,true
181316,Silvie,Reinhard,sreinhard5h@webeden.co.uk,10,Psicosocial,Alto,Admitido,Alto,2/15/2008,Alto,false,11/6/2017,Actividades de autocuidado,3/5/2007,Psicosocial,4/22/2003,true
577144,Lelah,Vitler,lvitler5i@barnesandnoble.com,1,Académica,Muy alto,Admitido,Bajo,5/30/2006,Medio,true,11/9/2004,Asesoría grupal,3/16/2005,Múltiple,8/24/2010,true
60713,Son,Furphy,sfurphy5j@edublogs.org,7,Académica,Bajo,Media académica,Bajo,2/9/2016,Bajo,false,7/27/2019,Actividades de autocuidado,5/11/2017,Múltiple,3/20/2007,false
913736,Lucias,Maiklem,lmaiklem5k@prweb.com,3,Múltiple,Muy alto,Nuevo,Medio,10/8/2016,Bajo,false,5/15/2006,Asesoría grupal,11/3/2017,Económica,7/8/2020,false
180118,Sawyer,Dreher,sdreher5l@histats.com,9,Económica,Bajo,Nuevo,Alto,5/25/2009,Bajo,false,11/17/2020,Talleres psicosociales,1/7/2001,Económica,3/25/2006,true
695598,Garey,Benadette,gbenadette5m@imgur.com,4,Psicosocial,Alto,Media académica,Bajo,,Alto,true,5/11/2011,Talleres psicosociales,9/20/2004,Psicosocial,8/13/2017,true
795017,Dom,Knowller,dknowller5n@java.com,9,Múltiple,Muy bajo,Admitido,Medio,6/13/2011,Medio,false,5/22/2019,Talleres psicosociales,6/17/2018,Académica,4/3/2010,true
277885,Lindsay,Pancoast,lpancoast5o@mysql.com,6,Académica,Alto,Admitido,Bajo,1/14/2005,Bajo,true,4/24/2012,Actividades de autocuidado,1/5/2020,Económica,4/29/2018,false
255878,Marcia,Jurick,mjurick5p@nationalgeographic.com,9,Múltiple,Bajo,Admitido,Medio,,Alto,true,2/7/2018,Talleres psicosociales,4/3/2000,Psicosocial,9/15/2008,false
866815,Pauly,Kern,pkern5q@pbs.org,2,Múltiple,Muy alto,Admitido,Bajo,11/10/2005,Bajo,false,4/12/2010,Asesoría grupal,11/28/2002,Psicosocial,3/22/2014,true
34230,Vanna,Pietruschka,vpietruschka5r@deviantart.com,8,Psicosocial,Alto,Admitido,Alto,3/29/2012,Medio,false,2/26/2016,Talleres psicosociales,6/30/2009,Múltiple,1/27/2006,true
250477,Vaclav,Jagiello,vjagiello5s@zdnet.com,9,Económica,Muy bajo,Media académica,Alto,9/1/2000,Medio,true,9/19/2007,Terapia individual,12/23/2004,Psicosocial,7/19/2012,false
791986,Tim,Wedderburn,twedderburn5t@google.pl,2,Psicosocial,Muy bajo,Media académica,Medio,11/22/2016,Bajo,true,3/21/2001,Otro,3/21/2008,Económica,11/29/2011,false
644279,Kiri,Strafford,kstrafford5u@cpanel.net,2,Múltiple,Muy alto,Admitido,Alto,6/16/2004,Medio,true,1/30/2006,Actividades de autocuidado,8/15/2005,Psicosocial,3/16/2018,true
913487,Olympe,Smalley,osmalley5v@google.fr,3,Académica,Muy alto,Admitido,Medio,8/14/2015,Muy Bajo,true,2/20/2015,Asesoría grupal,12/15/2013,Económica,9/27/2000,false
210981,Jocko,Cartmael,jcartmael5w@zimbio.com,8,Económica,Muy bajo,Admitido,Medio,6/4/2019,Alto,false,12/24/2007,Otro,4/14/2022,Psicosocial,11/22/2007,true
153488,Federico,Sholl,fsholl5x@businesswire.com,4,Múltiple,Bajo,Media académica,Alto,8/21/2004,Alto,true,9/2/2018,Actividades de autocuidado,5/30/2018,Psicosocial,12/22/2012,true
779728,Zorina,Sarvar,zsarvar5y@va.gov,6,Académica,Muy bajo,Nuevo,Bajo,4/19/2014,Bajo,false,1/31/2022,Terapia individual,5/14/2021,Psicosocial,9/30/2015,false
724935,Corissa,Charlick,ccharlick5z@aboutads.info,1,Psicosocial,Muy bajo,Admitido,Bajo,9/17/2016,Bajo,false,9/4/2010,Actividades de autocuidado,3/18/2003,Económica,2/26/2002,false
77561,Tandi,Llorente,tllorente60@imgur.com,9,Múltiple,Alto,Admitido,Bajo,3/10/2017,Muy Bajo,false,10/1/2005,Talleres psicosociales,1/19/2005,Múltiple,5/20/2010,false
380811,Astrid,Revans,arevans61@github.com,6,Múltiple,Muy alto,Nuevo,Medio,3/18/2002,Bajo,true,12/21/2011,Otro,12/29/2000,Económica,3/31/2006,true
708325,Brad,Emmitt,bemmitt62@artisteer.com,6,Económica,Muy bajo,Admitido,Bajo,8/5/2007,Alto,false,11/1/2002,Actividades de autocuidado,5/31/2018,Psicosocial,5/31/2014,false
730778,Tillie,Bloxholm,tbloxholm63@ft.com,10,Múltiple,Muy alto,Media académica,Bajo,8/8/2020,Alto,true,8/1/2011,Actividades de autocuidado,9/12/2009,Económica,1/18/2014,true
476420,Peggi,Folkerd,pfolkerd64@chron.com,4,Psicosocial,Alto,Media académica,Medio,8/8/2011,Muy Bajo,false,4/20/2014,Talleres psicosociales,2/20/2005,Económica,7/21/2020,true
483522,Adelaida,Broader,abroader65@google.com.au,7,Económica,Muy bajo,Media académica,Bajo,3/28/2006,Bajo,false,2/24/2000,Asesoría grupal,12/24/2011,Académica,2/6/2001,false
331490,Thomasina,Tansill,ttansill66@senate.gov,8,Académica,Medio,Nuevo,Medio,4/5/2004,Medio,true,4/9/2018,Otro,8/28/2000,Psicosocial,1/29/2011,false
887655,Agosto,Deluze,adeluze67@myspace.com,2,Académica,Bajo,Nuevo,Alto,,Muy Bajo,true,12/6/2010,Otro,12/16/2017,Múltiple,9/1/2002,true
402002,Kelsi,Fillon,kfillon68@paypal.com,9,Académica,Muy alto,Nuevo,Medio,,Muy Bajo,false,9/10/2009,Talleres psicosociales,12/14/2022,Psicosocial,3/22/2013,true
392884,Garald,Bluck,gbluck69@macromedia.com,7,Económica,Alto,Nuevo,Medio,9/19/2019,Bajo,false,7/15/2021,Talleres psicosociales,7/13/2004,Múltiple,9/21/2022,true
169313,Emalee,Maycock,emaycock6a@trellian.com,1,Académica,Medio,Admitido,Alto,9/25/2001,Alto,false,2/11/2001,Actividades de autocuidado,3/28/2021,Psicosocial,6/26/2011,true
617597,Sallie,Fieller,sfieller6b@surveymonkey.com,7,Económica,Alto,Nuevo,Medio,11/19/2011,Bajo,false,7/27/2019,Talleres psicosociales,5/31/2007,Económica,11/12/2007,false
610846,Urban,Ketteman,uketteman6c@etsy.com,3,Psicosocial,Bajo,Media académica,Medio,6/6/2000,Alto,true,9/26/2014,Otro,11/13/2011,Académica,10/8/2016,true
845131,Stanislaus,Riedel,sriedel6d@kickstarter.com,1,Académica,Alto,Nuevo,Bajo,9/20/2005,Bajo,false,7/27/2015,Otro,12/14/2004,Económica,8/2/2010,false
732879,Armand,Munt,amunt6e@google.es,9,Psicosocial,Alto,Media académica,Alto,9/3/2006,Muy Bajo,false,5/26/2000,Terapia individual,2/24/2020,Psicosocial,12/7/2022,false
151534,Aland,Duetschens,aduetschens6f@storify.com,8,Económica,Bajo,Media académica,Alto,10/27/2013,Bajo,false,5/4/2003,Otro,11/20/2013,Académica,12/31/2006,false
287620,Reggie,Brandreth,rbrandreth6g@sina.com.cn,2,Académica,Alto,Media académica,Alto,12/3/2014,Muy Bajo,true,12/31/2018,Terapia individual,4/26/2008,Académica,12/8/2007,true
21979,Camille,Seamon,cseamon6h@pinterest.com,9,Múltiple,Muy alto,Nuevo,Alto,1/28/2017,Muy Bajo,true,2/15/2007,Terapia individual,6/10/2011,Psicosocial,12/8/2008,false
677787,Fredelia,Hedditch,fhedditch6i@bluehost.com,7,Múltiple,Medio,Media académica,Medio,12/13/2003,Muy Bajo,true,11/13/2012,Asesoría grupal,10/14/2017,Económica,12/14/2003,true
472186,Michale,Lowmass,mlowmass6j@amazon.co.uk,8,Económica,Bajo,Admitido,Medio,7/11/2013,Alto,true,2/2/2022,Terapia individual,4/26/2005,Económica,7/18/2017,false
720611,Romain,Paler,rpaler6k@sogou.com,9,Psicosocial,Bajo,Nuevo,Bajo,2/7/2021,Medio,true,2/27/2009,Terapia individual,1/22/2007,Múltiple,10/11/2010,false
704524,Emlen,Gratten,egratten6l@woothemes.com,8,Académica,Muy bajo,Media académica,Medio,1/13/2018,Alto,true,7/10/2011,Asesoría grupal,12/6/2000,Múltiple,6/11/2006,false
816502,Paule,McGeever,pmcgeever6m@free.fr,8,Múltiple,Bajo,Media académica,Bajo,1/5/2012,Bajo,true,6/8/2000,Actividades de autocuidado,8/19/2011,Psicosocial,3/22/2022,true
744099,Westley,Stedman,wstedman6n@chicagotribune.com,5,Psicosocial,Bajo,Nuevo,Alto,6/10/2000,Medio,false,4/16/2017,Terapia individual,1/12/2003,Económica,5/12/2008,true
685237,Gunar,Murgatroyd,gmurgatroyd6o@is.gd,9,Psicosocial,Muy bajo,Nuevo,Bajo,2/23/2001,Alto,false,12/27/2007,Asesoría grupal,7/10/2008,Académica,12/9/2001,false
613154,Ranna,Veryard,rveryard6p@histats.com,6,Múltiple,Medio,Media académica,Medio,4/20/2018,Alto,false,7/6/2003,Actividades de autocuidado,6/22/2007,Múltiple,5/31/2013,true
706231,Hube,Rucklidge,hrucklidge6q@wp.com,2,Económica,Alto,Admitido,Alto,3/22/2006,Alto,true,11/8/2004,Actividades de autocuidado,9/25/2005,Psicosocial,10/5/2008,true
785384,Wayland,Flintoft,wflintoft6r@marketwatch.com,5,Múltiple,Alto,Admitido,Bajo,1/8/2007,Muy Bajo,false,9/18/2014,Talleres psicosociales,5/15/2002,Psicosocial,5/13/2015,true
131604,Gale,Mathevon,gmathevon6s@utexas.edu,1,Múltiple,Muy bajo,Nuevo,Bajo,6/12/2005,Alto,false,2/14/2014,Talleres psicosociales,4/25/2010,Múltiple,4/1/2006,false
586466,Carmine,Webermann,cwebermann6t@sphinn.com,9,Múltiple,Medio,Media académica,Bajo,6/3/2018,Bajo,true,3/21/2013,Asesoría grupal,10/22/2016,Académica,2/13/2005,true
839497,Bryana,Braidford,bbraidford6u@simplemachines.org,1,Múltiple,Medio,Admitido,Alto,,Bajo,false,2/1/2008,Otro,4/13/2004,Económica,7/6/2011,false
807888,Melloney,Hrycek,mhrycek6v@umich.edu,8,Académica,Alto,Nuevo,Bajo,10/11/2016,Medio,true,3/21/2002,Terapia individual,6/18/2016,Psicosocial,7/20/2006,true
930109,Rivalee,O'Grada,rograda6w@bbc.co.uk,4,Múltiple,Muy alto,Admitido,Medio,4/21/2018,Bajo,true,5/7/2010,Otro,10/3/2018,Económica,9/26/2002,false
83205,Merissa,Mulryan,mmulryan6x@psu.edu,6,Psicosocial,Muy alto,Nuevo,Alto,6/2/2002,Alto,false,2/11/2006,Actividades de autocuidado,4/16/2019,Múltiple,7/24/2007,true
320307,Bendicty,Maiden,bmaiden6y@ifeng.com,6,Múltiple,Muy alto,Nuevo,Bajo,1/8/2006,Medio,true,8/15/2013,Asesoría grupal,8/1/2007,Académica,11/14/2010,false
294955,Laurianne,Esler,lesler6z@comcast.net,10,Psicosocial,Muy bajo,Media académica,Bajo,12/3/2022,Muy Bajo,false,7/6/2008,Talleres psicosociales,9/23/2018,Académica,10/3/2003,true
182326,Cathie,Feast,cfeast70@networksolutions.com,7,Económica,Muy alto,Admitido,Medio,11/17/2001,Bajo,true,8/21/2012,Talleres psicosociales,4/4/2013,Económica,11/12/2006,false
52157,Idelle,Pattinson,ipattinson71@yahoo.co.jp,4,Psicosocial,Muy bajo,Media académica,Medio,7/27/2016,Alto,true,1/16/2004,Terapia individual,1/17/2003,Económica,3/3/2022,true
115532,Homer,Farleigh,hfarleigh72@weather.com,1,Económica,Muy alto,Admitido,Bajo,,Medio,true,5/23/2016,Asesoría grupal,6/3/2017,Académica,3/27/2012,true
528234,Noella,Stoite,nstoite73@weibo.com,10,Económica,Muy bajo,Media académica,Alto,12/31/2006,Bajo,true,3/11/2021,Otro,9/14/2018,Académica,8/18/2021,true
72516,Norrie,Castro,ncastro74@mysql.com,6,Múltiple,Bajo,Media académica,Medio,11/5/2001,Medio,false,9/21/2009,Actividades de autocuidado,5/5/2015,Académica,9/4/2006,false
424271,Letti,Van der Merwe,lvandermerwe75@mediafire.com,9,Académica,Alto,Admitido,Alto,10/22/2007,Alto,true,6/24/2006,Actividades de autocuidado,11/19/2017,Económica,11/24/2018,true
34883,Wini,Jones,wjones76@goo.gl,9,Académica,Bajo,Media académica,Medio,,Medio,true,6/8/2007,Terapia individual,4/3/2022,Psicosocial,9/24/2012,true
84679,Dorian,Jeens,djeens77@livejournal.com,8,Económica,Alto,Nuevo,Medio,5/11/2007,Bajo,true,8/24/2020,Asesoría grupal,5/21/2009,Múltiple,8/7/2009,false
471438,Ashley,Flohard,aflohard78@engadget.com,1,Académica,Muy alto,Media académica,Alto,,Muy Bajo,true,4/10/2014,Terapia individual,5/26/2007,Psicosocial,10/14/2017,false
931795,Romonda,Copeman,rcopeman79@nymag.com,1,Académica,Bajo,Media académica,Bajo,2/21/2021,Muy Bajo,false,11/18/2015,Otro,4/2/2014,Múltiple,7/8/2020,true
352046,Norris,Stapleton,nstapleton7a@usnews.com,3,Psicosocial,Alto,Media académica,Medio,5/25/2014,Bajo,false,1/23/2008,Otro,9/29/2010,Múltiple,5/22/2001,true
574008,Brooks,Lortzing,blortzing7b@opera.com,10,Académica,Bajo,Admitido,Alto,10/16/2011,Alto,true,3/21/2018,Otro,10/25/2005,Múltiple,8/14/2001,false
144839,Domeniga,Bonn,dbonn7c@redcross.org,4,Académica,Bajo,Admitido,Alto,10/25/2011,Alto,true,3/16/2006,Talleres psicosociales,4/12/2006,Económica,9/9/2007,true
97035,Elisha,Petruk,epetruk7d@123-reg.co.uk,4,Psicosocial,Muy bajo,Media académica,Medio,1/30/2014,Medio,false,11/5/2000,Talleres psicosociales,12/22/2009,Psicosocial,3/1/2018,true
563982,Hillie,O'Longain,holongain7e@indiegogo.com,7,Académica,Muy bajo,Admitido,Medio,5/17/2008,Bajo,false,10/30/2006,Otro,7/24/2002,Económica,11/7/2002,false
516160,Den,Cranna,dcranna7f@tripadvisor.com,3,Académica,Bajo,Admitido,Bajo,10/6/2003,Medio,true,11/26/2010,Talleres psicosociales,2/25/2003,Económica,1/19/2000,true
562471,Shaine,Tuppeny,stuppeny7g@yale.edu,4,Psicosocial,Bajo,Nuevo,Bajo,3/16/2014,Alto,true,6/12/2005,Terapia individual,12/11/2017,Económica,10/5/2019,true
473996,Sidoney,Tinham,stinham7h@slashdot.org,8,Económica,Bajo,Nuevo,Medio,1/11/2004,Medio,true,3/15/2008,Otro,1/10/2012,Académica,5/22/2019,true
223250,Willabella,Lodford,wlodford7i@myspace.com,10,Académica,Muy alto,Admitido,Medio,11/28/2010,Bajo,false,3/15/2014,Asesoría grupal,4/22/2006,Psicosocial,3/5/2022,true
825802,Skippy,Hartle,shartle7j@quantcast.com,2,Psicosocial,Bajo,Admitido,Bajo,1/4/2016,Bajo,false,7/17/2005,Otro,4/19/2004,Múltiple,12/25/2013,false
323757,Bard,Jephson,bjephson7k@yellowbook.com,4,Académica,Alto,Admitido,Medio,,Medio,true,1/30/2013,Talleres psicosociales,2/28/2014,Económica,12/6/2006,true
410923,Paul,Bradock,pbradock7l@globo.com,6,Académica,Muy alto,Media académica,Bajo,6/11/2022,Alto,false,1/27/2003,Asesoría grupal,5/20/2013,Académica,2/17/2019,false
280025,Bathsheba,Dammarell,bdammarell7m@linkedin.com,5,Psicosocial,Alto,Admitido,Bajo,4/9/2008,Muy Bajo,false,5/22/2003,Asesoría grupal,7/13/2008,Académica,11/20/2015,false
433625,Nicholle,Gulleford,ngulleford7n@java.com,10,Económica,Muy bajo,Admitido,Alto,6/7/2002,Alto,true,7/24/2012,Otro,8/19/2017,Psicosocial,3/12/2021,false
864028,Marlon,Cowhig,mcowhig7o@illinois.edu,6,Psicosocial,Medio,Media académica,Medio,10/6/2008,Alto,true,3/24/2015,Terapia individual,4/14/2009,Académica,5/12/2001,true
719724,Boris,Sedgeman,bsedgeman7p@answers.com,9,Académica,Muy alto,Nuevo,Alto,1/12/2004,Muy Bajo,true,2/29/2000,Asesoría grupal,11/8/2014,Múltiple,3/15/2012,true
52933,Nikoletta,Kliemchen,nkliemchen7q@trellian.com,4,Psicosocial,Muy bajo,Nuevo,Bajo,11/5/2013,Bajo,false,11/8/2022,Terapia individual,6/10/2013,Múltiple,4/12/2019,false
495213,Bab,Haestier,bhaestier7r@dmoz.org,3,Múltiple,Bajo,Nuevo,Bajo,,Muy Bajo,false,7/16/2014,Terapia individual,4/29/2007,Académica,7/31/2001,true
328887,Prue,Mingauld,pmingauld7s@smugmug.com,6,Múltiple,Alto,Media académica,Alto,4/3/2002,Muy Bajo,true,3/14/2006,Talleres psicosociales,12/13/2013,Académica,9/21/2010,false
655194,Clarence,Deesly,cdeesly7t@wufoo.com,10,Múltiple,Alto,Nuevo,Alto,,Bajo,false,7/6/2004,Asesoría grupal,10/7/2012,Académica,2/6/2021,false
222321,Xenia,Manuelli,xmanuelli7u@ezinearticles.com,7,Múltiple,Alto,Media académica,Bajo,4/13/2014,Alto,false,9/13/2022,Actividades de autocuidado,7/24/2009,Económica,5/21/2010,true
514372,Pacorro,Bielfelt,pbielfelt7v@ustream.tv,5,Académica,Medio,Nuevo,Medio,8/1/2009,Alto,true,1/16/2006,Talleres psicosociales,2/12/2001,Económica,4/18/2001,true
960745,Jasun,By,jby7w@seattletimes.com,7,Económica,Medio,Nuevo,Alto,6/14/2007,Alto,true,5/8/2011,Terapia individual,2/6/2016,Psicosocial,9/10/2008,true
843115,Tracy,Boniface,tboniface7x@bloglovin.com,3,Psicosocial,Bajo,Nuevo,Alto,5/27/2016,Alto,false,6/2/2003,Otro,7/24/2020,Económica,9/26/2020,false
756902,Freeman,O'Siaghail,fosiaghail7y@i2i.jp,1,Psicosocial,Bajo,Admitido,Medio,9/7/2009,Muy Bajo,false,7/3/2000,Talleres psicosociales,6/22/2014,Múltiple,5/17/2008,true
631427,Neal,Rooney,nrooney7z@engadget.com,8,Psicosocial,Medio,Nuevo,Bajo,6/23/2005,Medio,false,10/29/2020,Asesoría grupal,9/15/2005,Económica,10/22/2000,false
966693,Reilly,Ostrich,rostrich80@icq.com,5,Económica,Muy alto,Media académica,Alto,9/10/2020,Bajo,true,11/28/2012,Talleres psicosociales,9/18/2019,Económica,5/31/2000,false
491896,Derek,Getty,dgetty81@oakley.com,1,Psicosocial,Muy alto,Nuevo,Medio,11/19/2000,Medio,false,1/1/2002,Terapia individual,12/3/2021,Económica,3/8/2013,true
279720,Bertie,Battersby,bbattersby82@google.it,5,Psicosocial,Bajo,Nuevo,Alto,5/27/2017,Medio,false,9/16/2012,Talleres psicosociales,8/17/2013,Múltiple,2/9/2004,false
718409,Sampson,Somes,ssomes83@t-online.de,1,Económica,Muy alto,Media académica,Medio,2/2/2011,Medio,false,1/11/2018,Actividades de autocuidado,11/11/2008,Múltiple,1/4/2005,false
32040,Neila,McCoish,nmccoish84@ask.com,4,Psicosocial,Bajo,Admitido,Alto,5/11/2016,Bajo,false,5/29/2019,Asesoría grupal,8/13/2022,Múltiple,11/15/2022,true
467197,Berte,Rickett,brickett85@latimes.com,9,Múltiple,Alto,Admitido,Medio,4/6/2008,Medio,true,12/17/2010,Otro,2/3/2009,Múltiple,8/18/2015,true
290133,Hayward,Bernardot,hbernardot86@wikimedia.org,6,Académica,Muy alto,Media académica,Bajo,11/1/2004,Medio,true,2/17/2019,Talleres psicosociales,5/16/2021,Económica,3/11/2009,true
208000,Leroi,Maitland,lmaitland87@opensource.org,9,Psicosocial,Bajo,Nuevo,Medio,1/12/2014,Medio,true,4/1/2005,Otro,6/11/2005,Académica,12/18/2015,false
721739,Muffin,Sweett,msweett88@indiegogo.com,8,Económica,Alto,Nuevo,Bajo,9/12/2011,Alto,false,5/15/2021,Talleres psicosociales,2/12/2003,Académica,5/4/2011,false
635403,Jenni,Gagg,jgagg89@nasa.gov,3,Psicosocial,Medio,Admitido,Medio,12/2/2022,Muy Bajo,true,2/15/2016,Asesoría grupal,3/12/2016,Psicosocial,4/10/2019,true
133554,Lorant,Frift,lfrift8a@skyrock.com,9,Múltiple,Bajo,Admitido,Medio,,Muy Bajo,true,11/6/2022,Asesoría grupal,12/8/2013,Económica,9/16/2002,false
426499,Fern,Beushaw,fbeushaw8b@google.co.uk,1,Psicosocial,Muy bajo,Nuevo,Alto,8/31/2010,Bajo,true,7/17/2015,Talleres psicosociales,10/9/2002,Académica,6/23/2010,false
473802,Ardeen,Midson,amidson8c@jigsy.com,3,Psicosocial,Medio,Nuevo,Medio,4/20/2001,Muy Bajo,true,2/24/2009,Otro,10/28/2018,Múltiple,7/7/2018,false
611717,Loree,Petasch,lpetasch8d@dion.ne.jp,4,Económica,Bajo,Media académica,Bajo,8/25/2009,Bajo,true,7/9/2011,Talleres psicosociales,3/20/2004,Económica,12/28/2000,false
46521,Taddeo,Wainman,twainman8e@loc.gov,4,Económica,Muy bajo,Admitido,Alto,4/8/2010,Medio,true,11/21/2015,Otro,1/9/2009,Psicosocial,4/11/2000,false
252504,Kendell,Franciotti,kfranciotti8f@engadget.com,3,Psicosocial,Muy alto,Nuevo,Alto,12/20/2009,Medio,false,6/10/2001,Terapia individual,5/3/2009,Académica,6/28/2018,false
906710,Ramsey,Snawden,rsnawden8g@trellian.com,1,Psicosocial,Bajo,Admitido,Bajo,12/15/2003,Alto,true,4/15/2020,Talleres psicosociales,12/3/2012,Económica,8/27/2022,false
75975,Rikki,Mackney,rmackney8h@prlog.org,6,Múltiple,Muy alto,Admitido,Bajo,9/17/2008,Muy Bajo,false,5/13/2010,Otro,12/26/2011,Económica,9/21/2008,true
985465,Elijah,Spada,espada8i@shop-pro.jp,7,Académica,Muy alto,Nuevo,Bajo,4/26/2002,Bajo,false,9/4/2021,Actividades de autocuidado,6/11/2016,Psicosocial,2/12/2009,false
551513,West,Drinkall,wdrinkall8j@addthis.com,9,Económica,Alto,Nuevo,Alto,2/2/2004,Alto,true,2/25/2010,Otro,9/8/2002,Múltiple,5/11/2009,false
969921,Myrta,Rosekilly,mrosekilly8k@ameblo.jp,6,Académica,Alto,Nuevo,Alto,5/4/2021,Medio,true,10/1/2008,Asesoría grupal,1/3/2010,Económica,6/27/2014,false
697110,Lucretia,Abbet,labbet8l@princeton.edu,6,Psicosocial,Alto,Admitido,Bajo,1/24/2004,Alto,true,5/14/2009,Talleres psicosociales,2/22/2009,Psicosocial,11/7/2019,false
945931,Nappie,Simo,nsimo8m@sitemeter.com,5,Múltiple,Alto,Media académica,Bajo,,Muy Bajo,true,3/6/2002,Actividades de autocuidado,6/30/2004,Múltiple,8/1/2002,true
61148,Noak,Casey,ncasey8n@engadget.com,9,Múltiple,Muy bajo,Nuevo,Bajo,5/3/2004,Muy Bajo,true,5/8/2005,Otro,1/29/2012,Académica,4/18/2014,false
351451,Timofei,Jaze,tjaze8o@sfgate.com,9,Académica,Medio,Nuevo,Bajo,10/5/2005,Bajo,true,12/7/2004,Terapia individual,3/7/2003,Económica,3/11/2005,false
937988,Kellby,Scawen,kscawen8p@yandex.ru,1,Académica,Alto,Admitido,Medio,6/23/2022,Alto,false,7/26/2012,Talleres psicosociales,6/2/2022,Académica,8/7/2005,true
481244,Eve,Iddons,eiddons8q@tamu.edu,6,Económica,Bajo,Nuevo,Medio,10/16/2006,Bajo,true,10/8/2006,Terapia individual,5/28/2014,Académica,5/8/2022,false
260533,Bernice,Peebles,bpeebles8r@slate.com,2,Académica,Alto,Nuevo,Alto,11/26/2002,Medio,true,9/1/2006,Talleres psicosociales,11/8/2013,Económica,1/22/2005,false
846611,Chrisse,Assad,cassad8s@google.com,9,Académica,Muy bajo,Media académica,Medio,12/13/2007,Alto,true,5/21/2020,Asesoría grupal,2/3/2020,Académica,3/11/2013,false
424005,Bendite,Hoovart,bhoovart8t@toplist.cz,2,Económica,Bajo,Media académica,Alto,10/1/2010,Bajo,true,7/4/2019,Asesoría grupal,10/31/2021,Económica,9/23/2002,true
931658,Mariellen,Tuft,mtuft8u@wp.com,8,Económica,Muy alto,Media académica,Medio,2/20/2011,Bajo,true,5/13/2012,Terapia individual,8/28/2016,Psicosocial,5/10/2008,false
991642,Tom,Dietz,tdietz8v@google.ca,5,Económica,Bajo,Admitido,Medio,10/24/2018,Medio,true,1/29/2013,Talleres psicosociales,5/4/2009,Académica,8/8/2003,true
720847,Candie,Levane,clevane8w@wunderground.com,5,Múltiple,Muy alto,Media académica,Medio,3/3/2021,Bajo,false,11/30/2013,Actividades de autocuidado,8/21/2019,Múltiple,7/30/2012,false
833449,Tabby,Marrable,tmarrable8x@house.gov,10,Académica,Medio,Admitido,Bajo,12/16/2000,Bajo,false,3/6/2008,Asesoría grupal,1/4/2016,Económica,2/17/2021,false
814829,Dynah,Boothroyd,dboothroyd8y@blogger.com,6,Psicosocial,Alto,Admitido,Bajo,5/12/2012,Alto,false,3/21/2002,Asesoría grupal,8/9/2011,Académica,5/16/2016,false
986168,Andros,Danaher,adanaher8z@hostgator.com,10,Psicosocial,Muy alto,Admitido,Bajo,2/9/2013,Muy Bajo,true,8/20/2013,Asesoría grupal,3/17/2017,Múltiple,2/21/2004,true
184502,Drucill,Aasaf,daasaf90@blogs.com,5,Múltiple,Muy alto,Media académica,Alto,3/21/2010,Alto,true,9/4/2017,Asesoría grupal,5/14/2006,Múltiple,1/4/2001,false
119942,West,Lundbech,wlundbech91@discovery.com,5,Académica,Muy bajo,Nuevo,Medio,3/24/2007,Medio,true,2/26/2019,Terapia individual,2/23/2012,Académica,5/28/2000,false
648996,Suzy,Curtois,scurtois92@arstechnica.com,1,Académica,Muy bajo,Nuevo,Medio,7/26/2005,Muy Bajo,false,3/17/2006,Terapia individual,3/2/2005,Académica,3/5/2014,false
329880,Sebastien,Gard,sgard93@wordpress.org,1,Académica,Alto,Nuevo,Alto,6/4/2001,Medio,false,7/16/2017,Talleres psicosociales,11/4/2008,Psicosocial,8/21/2014,false
730047,Dorey,Bridewell,dbridewell94@cdbaby.com,8,Académica,Bajo,Nuevo,Medio,7/12/2016,Bajo,false,4/20/2009,Actividades de autocuidado,12/21/2019,Económica,2/26/2003,false
88488,Ruttger,Joliffe,rjoliffe95@twitter.com,6,Múltiple,Muy alto,Admitido,Alto,5/25/2012,Muy Bajo,false,12/27/2016,Actividades de autocuidado,1/18/2012,Múltiple,3/22/2011,false
67245,Rosanne,Lahrs,rlahrs96@posterous.com,7,Psicosocial,Bajo,Nuevo,Alto,9/30/2007,Alto,true,7/3/2020,Actividades de autocuidado,1/8/2013,Múltiple,10/5/2005,false
844838,Cory,Lazenbury,clazenbury97@cloudflare.com,9,Psicosocial,Alto,Admitido,Alto,10/5/2011,Bajo,false,8/31/2010,Terapia individual,6/23/2019,Académica,12/1/2003,true
606827,Cecilio,Lytle,clytle98@omniture.com,10,Económica,Medio,Admitido,Alto,4/5/2016,Alto,true,7/3/2020,Terapia individual,1/29/2001,Múltiple,5/10/2021,true
636969,Addison,Saunper,asaunper99@foxnews.com,9,Psicosocial,Muy alto,Admitido,Alto,5/31/2015,Medio,true,6/4/2009,Talleres psicosociales,3/11/2018,Psicosocial,7/9/2016,false
259492,Emyle,Stiles,estiles9a@nih.gov,5,Múltiple,Muy alto,Admitido,Medio,7/15/2018,Alto,false,9/3/2017,Asesoría grupal,5/25/2010,Económica,8/2/2019,false
941822,Dulciana,Castiglione,dcastiglione9b@yolasite.com,2,Académica,Medio,Nuevo,Medio,4/26/2019,Muy Bajo,true,6/8/2000,Talleres psicosociales,1/2/2012,Académica,4/13/2001,true
904152,Torie,Strutz,tstrutz9c@taobao.com,2,Múltiple,Bajo,Nuevo,Medio,7/5/2002,Bajo,true,3/19/2017,Talleres psicosociales,11/3/2002,Académica,5/5/2003,false
530372,Cross,Balfour,cbalfour9d@nydailynews.com,6,Psicosocial,Muy bajo,Nuevo,Medio,3/13/2003,Medio,false,8/1/2011,Talleres psicosociales,6/18/2003,Académica,12/30/2000,false
578926,Darda,Widdowes,dwiddowes9e@nymag.com,6,Económica,Muy alto,Media académica,Bajo,7/21/2008,Medio,false,4/5/2000,Terapia individual,7/17/2022,Académica,7/4/2002,true
923308,Norene,Congreave,ncongreave9f@yolasite.com,4,Múltiple,Bajo,Admitido,Bajo,7/13/2020,Alto,false,10/3/2012,Actividades de autocuidado,11/29/2009,Académica,9/16/2017,true
70952,Jodie,Delph,jdelph9g@marriott.com,1,Económica,Muy bajo,Nuevo,Medio,6/24/2018,Bajo,false,11/13/2013,Otro,7/2/2010,Económica,2/16/2000,true
673259,Caddric,Hutcheon,chutcheon9h@craigslist.org,7,Académica,Muy alto,Media académica,Bajo,12/3/2018,Muy Bajo,false,11/15/2013,Asesoría grupal,7/14/2001,Psicosocial,9/16/2000,true
373876,Archibald,McLoney,amcloney9i@geocities.jp,7,Psicosocial,Alto,Admitido,Alto,1/29/2012,Medio,true,10/3/2016,Otro,2/18/2007,Psicosocial,11/21/2016,true
509806,Mab,Juniper,mjuniper9j@nytimes.com,5,Psicosocial,Alto,Media académica,Alto,7/25/2011,Muy Bajo,false,8/18/2006,Otro,7/2/2009,Académica,3/17/2018,true
609965,Camella,Campagne,ccampagne9k@sciencedaily.com,6,Económica,Medio,Admitido,Bajo,2/13/2016,Muy Bajo,true,2/7/2001,Asesoría grupal,3/3/2003,Múltiple,2/25/2009,false
745471,Hammad,Iggo,higgo9l@businesswire.com,8,Psicosocial,Medio,Nuevo,Medio,2/5/2014,Bajo,false,11/2/2013,Otro,5/2/2020,Psicosocial,5/22/2001,false
176867,Renault,Grinston,rgrinston9m@hc360.com,7,Múltiple,Bajo,Nuevo,Alto,2/24/2011,Muy Bajo,true,11/12/2022,Terapia individual,12/19/2008,Psicosocial,10/27/2010,true
63105,Ophelie,Epp,oepp9n@tinypic.com,4,Económica,Muy alto,Nuevo,Bajo,4/19/2020,Medio,true,7/22/2014,Actividades de autocuidado,8/19/2014,Múltiple,1/10/2006,false
886365,Gustavus,Baldetti,gbaldetti9o@phpbb.com,7,Múltiple,Medio,Nuevo,Medio,3/30/2012,Bajo,false,12/27/2013,Terapia individual,10/12/2005,Académica,4/8/2011,false
818614,Homer,Andrioni,handrioni9p@globo.com,8,Psicosocial,Medio,Media académica,Medio,11/3/2018,Medio,true,7/27/2014,Talleres psicosociales,11/15/2006,Académica,3/10/2018,false
352982,Vassili,Swannick,vswannick9q@wufoo.com,1,Múltiple,Medio,Media académica,Bajo,2/6/2017,Muy Bajo,false,5/12/2006,Talleres psicosociales,1/26/2021,Académica,3/23/2016,true
747696,Gav,Corden,gcorden9r@hud.gov,2,Académica,Alto,Nuevo,Medio,9/13/2009,Alto,true,4/13/2003,Terapia individual,1/8/2010,Psicosocial,4/27/2003,true
124932,Riley,Jonke,rjonke9s@ameblo.jp,5,Académica,Muy alto,Media académica,Bajo,7/25/2022,Muy Bajo,false,4/4/2000,Asesoría grupal,10/12/2009,Múltiple,11/26/2018,true
497170,Daniel,Milroy,dmilroy9t@mac.com,9,Económica,Muy bajo,Nuevo,Alto,11/17/2003,Medio,false,11/17/2009,Otro,10/13/2004,Económica,8/14/2004,true
432296,Kendre,Cawdron,kcawdron9u@mysql.com,5,Académica,Alto,Nuevo,Bajo,11/21/2019,Muy Bajo,false,4/26/2001,Otro,5/26/2009,Múltiple,2/16/2006,false
247723,Antonia,Gluyus,agluyus9v@zimbio.com,8,Psicosocial,Muy bajo,Nuevo,Bajo,7/21/2009,Bajo,true,1/16/2021,Otro,12/29/2009,Psicosocial,7/14/2009,true
798427,Carolin,Tippett,ctippett9w@bing.com,1,Económica,Medio,Admitido,Medio,1/18/2022,Alto,false,11/9/2005,Otro,5/23/2001,Múltiple,6/14/2019,true
742272,Kassie,Olivello,kolivello9x@ox.ac.uk,3,Académica,Muy bajo,Admitido,Medio,3/26/2007,Muy Bajo,true,5/8/2008,Otro,4/28/2006,Académica,7/13/2006,false
317245,Gusti,Tanton,gtanton9y@alexa.com,4,Académica,Bajo,Nuevo,Alto,9/14/2009,Muy Bajo,true,8/25/2009,Asesoría grupal,1/10/2014,Múltiple,2/16/2010,false
938265,Lincoln,Hanks,lhanks9z@lycos.com,2,Múltiple,Alto,Admitido,Medio,10/28/2013,Alto,false,9/14/2022,Asesoría grupal,6/6/2016,Psicosocial,3/20/2013,true
686861,Duncan,Silman,dsilmana0@trellian.com,8,Académica,Alto,Nuevo,Bajo,12/17/2006,Muy Bajo,true,10/25/2006,Asesoría grupal,1/31/2016,Económica,6/18/2008,true
897384,Harri,Norsister,hnorsistera1@hexun.com,4,Múltiple,Medio,Admitido,Bajo,4/5/2018,Muy Bajo,true,7/13/2005,Terapia individual,8/22/2011,Psicosocial,3/30/2002,true
171714,Starla,Kuzma,skuzmaa2@marketwatch.com,4,Académica,Muy bajo,Admitido,Alto,5/14/2004,Muy Bajo,false,10/7/2010,Terapia individual,7/23/2010,Psicosocial,7/15/2004,true
224625,Christa,Acres,cacresa3@opera.com,10,Psicosocial,Bajo,Admitido,Bajo,12/9/2003,Muy Bajo,false,10/23/2008,Actividades de autocuidado,9/23/2015,Psicosocial,11/13/2013,false
476915,Odo,Dranfield,odranfielda4@arizona.edu,9,Psicosocial,Bajo,Media académica,Alto,6/22/2002,Bajo,false,12/14/2015,Talleres psicosociales,4/11/2016,Económica,10/29/2017,true
801603,Edsel,Giamelli,egiamellia5@angelfire.com,8,Económica,Muy alto,Media académica,Alto,7/27/2017,Alto,false,1/26/2006,Talleres psicosociales,6/13/2009,Psicosocial,10/26/2003,false
862281,Mufi,Loxley,mloxleya6@soundcloud.com,6,Múltiple,Muy alto,Nuevo,Alto,3/11/2005,Alto,true,9/21/2017,Actividades de autocuidado,6/21/2015,Económica,3/12/2005,true
169789,Nathanil,Barbery,nbarberya7@topsy.com,4,Económica,Muy bajo,Media académica,Alto,,Alto,true,7/19/2002,Actividades de autocuidado,2/17/2018,Económica,8/24/2009,false
379597,Regan,Fassan,rfassana8@youtube.com,5,Psicosocial,Bajo,Admitido,Alto,10/10/2012,Medio,false,6/18/2017,Otro,2/11/2017,Académica,5/23/2021,true
437089,Roxanne,Forster,rforstera9@mit.edu,2,Económica,Bajo,Nuevo,Alto,11/18/2006,Alto,true,11/3/2002,Otro,1/31/2013,Psicosocial,6/13/2002,true
87566,Carolan,Mault,cmaultaa@cocolog-nifty.com,2,Económica,Muy alto,Nuevo,Medio,11/10/2019,Muy Bajo,true,7/24/2022,Talleres psicosociales,2/20/2011,Psicosocial,8/5/2015,true
197268,Monroe,Dodsworth,mdodsworthab@dagondesign.com,5,Económica,Muy bajo,Media académica,Alto,5/4/2022,Muy Bajo,true,5/1/2011,Asesoría grupal,1/10/2016,Múltiple,2/6/2022,false
943980,Birk,Kiellor,bkiellorac@scientificamerican.com,3,Académica,Alto,Admitido,Alto,4/13/2015,Bajo,false,5/1/2012,Otro,8/24/2007,Múltiple,6/10/2016,true
711661,Rosabel,Parrot,rparrotad@hostgator.com,2,Psicosocial,Alto,Admitido,Medio,2/7/2008,Bajo,false,4/22/2022,Talleres psicosociales,3/22/2005,Psicosocial,6/1/2008,true
351687,Carlye,Grevatt,cgrevattae@fastcompany.com,2,Psicosocial,Muy bajo,Nuevo,Medio,8/7/2018,Medio,false,5/4/2000,Asesoría grupal,11/15/2002,Académica,11/28/2011,false
487573,Dyane,Peacham,dpeachamaf@mapy.cz,7,Académica,Alto,Nuevo,Alto,3/10/2003,Bajo,true,6/10/2003,Talleres psicosociales,3/26/2011,Psicosocial,4/11/2014,true
263702,Marley,Eggers,meggersag@ebay.co.uk,5,Múltiple,Alto,Media académica,Alto,1/10/2013,Muy Bajo,true,3/28/2008,Asesoría grupal,10/23/2014,Psicosocial,6/4/2013,true
363649,Linea,Roelofsen,lroelofsenah@redcross.org,7,Psicosocial,Bajo,Media académica,Bajo,1/21/2021,Alto,false,9/10/2000,Talleres psicosociales,11/4/2013,Económica,2/8/2012,false
246917,Erhard,St. Quintin,estquintinai@mashable.com,3,Económica,Muy alto,Media académica,Medio,11/3/2006,Bajo,false,7/6/2004,Otro,1/9/2013,Múltiple,1/5/2019,true
977056,Cassandra,Wren,cwrenaj@sourceforge.net,3,Académica,Muy alto,Nuevo,Bajo,11/16/2019,Alto,true,5/31/2003,Terapia individual,12/15/2021,Académica,11/4/2019,false
798464,Jilly,Dressell,jdressellak@weibo.com,10,Económica,Muy alto,Nuevo,Bajo,12/7/2009,Medio,true,4/27/2000,Otro,12/10/2007,Académica,2/8/2002,true
639069,Merridie,Shilleto,mshilletoal@angelfire.com,10,Académica,Bajo,Media académica,Alto,2/13/2017,Bajo,true,10/3/2005,Terapia individual,5/10/2016,Académica,8/22/2017,false
48352,Madlin,Cuttelar,mcuttelaram@reverbnation.com,3,Académica,Medio,Media académica,Medio,12/17/2018,Bajo,true,4/22/2009,Terapia individual,2/2/2000,Múltiple,12/8/2019,false
310693,Junette,Braznell,jbraznellan@sourceforge.net,5,Económica,Muy bajo,Nuevo,Alto,12/14/2019,Alto,false,10/13/2015,Talleres psicosociales,7/20/2019,Económica,5/4/2000,false
960182,Briant,McCrillis,bmccrillisao@jalbum.net,7,Económica,Muy bajo,Admitido,Bajo,7/17/2012,Alto,false,4/29/2018,Asesoría grupal,10/25/2006,Psicosocial,5/18/2003,false
930657,Juan,Tully,jtullyap@army.mil,10,Económica,Muy bajo,Admitido,Medio,,Bajo,true,11/8/2022,Asesoría grupal,4/19/2015,Académica,9/29/2003,true
795128,Cordi,Tait,ctaitaq@marketwatch.com,9,Académica,Muy bajo,Media académica,Medio,7/18/2014,Alto,true,7/28/2011,Actividades de autocuidado,10/20/2021,Psicosocial,9/8/2020,false
772343,Stefa,Lanaway,slanawayar@google.co.uk,6,Psicosocial,Muy alto,Admitido,Medio,11/5/2018,Bajo,true,2/23/2004,Actividades de autocuidado,7/20/2012,Académica,1/11/2013,true
245022,Vilhelmina,Norvill,vnorvillas@bandcamp.com,4,Académica,Muy bajo,Admitido,Alto,4/10/2004,Medio,false,5/6/2005,Actividades de autocuidado,8/5/2005,Psicosocial,10/23/2014,false
214770,Whittaker,Souza,wsouzaat@sohu.com,8,Múltiple,Muy alto,Nuevo,Medio,3/6/2016,Medio,true,11/11/2005,Terapia individual,12/24/2014,Académica,4/22/2011,true
855979,Zsa zsa,Zanitti,zzanittiau@tinypic.com,10,Académica,Muy bajo,Nuevo,Bajo,8/10/2008,Muy Bajo,true,8/26/2016,Talleres psicosociales,10/13/2019,Académica,5/19/2000,true
630173,Octavia,Wenger,owengerav@un.org,2,Económica,Medio,Nuevo,Medio,12/11/2008,Bajo,false,4/23/2014,Terapia individual,2/28/2019,Psicosocial,3/1/2019,false
91321,Mirelle,Ekell,mekellaw@china.com.cn,7,Económica,Muy alto,Media académica,Bajo,11/29/2000,Alto,false,11/13/2020,Talleres psicosociales,8/15/2002,Múltiple,7/7/2018,true
391734,Vivi,Wagg,vwaggax@delicious.com,7,Económica,Medio,Media académica,Alto,3/27/2008,Muy Bajo,true,4/4/2005,Talleres psicosociales,11/22/2009,Múltiple,2/27/2017,true
81759,Dolph,Haverson,dhaversonay@yale.edu,5,Psicosocial,Muy bajo,Admitido,Bajo,2/8/2006,Medio,false,5/28/2018,Asesoría grupal,7/18/2008,Económica,4/28/2019,false
516034,Margaretta,Tugman,mtugmanaz@wiley.com,8,Económica,Bajo,Media académica,Alto,1/26/2001,Medio,false,4/14/2014,Otro,9/14/2018,Psicosocial,1/28/2012,false
33961,Guillemette,Arundel,garundelb0@mit.edu,1,Psicosocial,Medio,Media académica,Alto,5/9/2018,Medio,false,5/21/2022,Asesoría grupal,8/17/2022,Académica,2/25/2000,true
144580,Madalyn,Ripley,mripleyb1@archive.org,7,Múltiple,Muy alto,Admitido,Bajo,10/10/2022,Bajo,true,6/25/2017,Otro,1/29/2012,Académica,9/3/2019,true
119987,Maurise,Burtonshaw,mburtonshawb2@booking.com,10,Psicosocial,Muy bajo,Admitido,Medio,4/19/2017,Muy Bajo,false,2/17/2005,Asesoría grupal,11/30/2010,Múltiple,11/30/2000,false
377403,Wood,Janicijevic,wjanicijevicb3@rambler.ru,6,Académica,Muy alto,Nuevo,Alto,5/16/2011,Medio,true,5/14/2003,Actividades de autocuidado,4/6/2004,Académica,10/26/2009,false
552789,Yoko,Samper,ysamperb4@hc360.com,8,Económica,Medio,Media académica,Bajo,3/29/2002,Bajo,true,3/18/2009,Talleres psicosociales,10/27/2016,Académica,5/26/2008,true
480096,Garfield,Chamney,gchamneyb5@51.la,7,Económica,Bajo,Admitido,Medio,11/20/2009,Alto,true,10/10/2009,Asesoría grupal,12/6/2021,Académica,12/29/2004,false
871892,Tracey,Castana,tcastanab6@list-manage.com,6,Económica,Medio,Nuevo,Alto,9/20/2016,Alto,false,1/14/2018,Asesoría grupal,11/2/2008,Económica,7/5/2003,false
537592,Dilan,Keighley,dkeighleyb7@fc2.com,6,Académica,Bajo,Admitido,Alto,3/25/2021,Medio,true,10/19/2007,Asesoría grupal,8/13/2019,Psicosocial,12/8/2019,false
871740,Ximenes,Flintuff,xflintuffb8@geocities.com,2,Académica,Bajo,Media académica,Medio,6/18/2001,Alto,true,10/12/2011,Talleres psicosociales,9/14/2007,Múltiple,8/6/2020,true
977597,Reider,Voak,rvoakb9@quantcast.com,7,Psicosocial,Bajo,Admitido,Medio,2/26/2012,Bajo,true,9/16/2011,Talleres psicosociales,4/19/2009,Psicosocial,8/21/2002,true
765176,Marcello,Cressor,mcressorba@blog.com,10,Múltiple,Alto,Admitido,Medio,4/27/2004,Bajo,false,3/25/2003,Asesoría grupal,11/4/2000,Económica,11/6/2002,false
320992,Shamus,Dinesen,sdinesenbb@over-blog.com,10,Psicosocial,Muy bajo,Media académica,Alto,3/24/2003,Muy Bajo,false,11/18/2008,Asesoría grupal,6/8/2021,Múltiple,10/8/2021,true
285251,Dunstan,Iannello,diannellobc@gizmodo.com,7,Académica,Muy alto,Media académica,Medio,11/23/2019,Muy Bajo,false,11/8/2013,Terapia individual,8/19/2018,Psicosocial,2/20/2007,false
129596,Lesya,Browse,lbrowsebd@deliciousdays.com,3,Psicosocial,Bajo,Nuevo,Alto,12/6/2016,Medio,false,7/2/2010,Talleres psicosociales,10/14/2019,Académica,3/15/2000,true
794798,Cherey,Cartin,ccartinbe@ezinearticles.com,6,Psicosocial,Muy bajo,Admitido,Medio,,Alto,false,5/7/2002,Actividades de autocuidado,9/3/2014,Psicosocial,10/3/2012,true
577994,Othello,Bathurst,obathurstbf@marketwatch.com,2,Académica,Medio,Media académica,Alto,9/14/2004,Muy Bajo,false,7/10/2007,Otro,2/26/2004,Económica,7/22/2008,false
756428,Celestyn,Waite,cwaitebg@redcross.org,10,Académica,Bajo,Admitido,Alto,5/17/2000,Medio,true,9/17/2011,Asesoría grupal,11/10/2021,Económica,6/3/2019,true
273516,Chaddy,Lowdiane,clowdianebh@dell.com,6,Académica,Muy bajo,Media académica,Medio,10/18/2007,Medio,true,11/18/2004,Otro,3/6/2006,Múltiple,10/29/2016,false
856946,Gris,Maplestone,gmaplestonebi@abc.net.au,2,Múltiple,Bajo,Nuevo,Medio,6/13/2013,Bajo,false,7/26/2017,Terapia individual,3/18/2003,Económica,1/27/2022,true
352138,Rouvin,Harbron,rharbronbj@zdnet.com,3,Múltiple,Alto,Media académica,Bajo,5/30/2009,Alto,false,6/29/2015,Otro,3/12/2015,Múltiple,3/22/2015,false
204116,Nonna,Prowse,nprowsebk@networkadvertising.org,7,Múltiple,Alto,Admitido,Bajo,4/21/2019,Muy Bajo,false,3/23/2019,Otro,6/23/2016,Múltiple,7/13/2008,true
641580,Shepherd,Clemente,sclementebl@sciencedirect.com,10,Económica,Muy bajo,Admitido,Medio,3/5/2017,Bajo,true,3/10/2017,Asesoría grupal,11/9/2002,Académica,5/7/2008,false
166557,Alard,Oakenford,aoakenfordbm@friendfeed.com,9,Académica,Muy bajo,Admitido,Medio,10/12/2019,Muy Bajo,false,11/12/2007,Otro,4/5/2016,Económica,11/29/2019,true
976,Ethyl,Fosdick,efosdickbn@omniture.com,9,Académica,Muy bajo,Media académica,Bajo,3/15/2004,Bajo,false,12/22/2013,Otro,6/19/2021,Económica,11/2/2021,true
709780,Shaun,Sieb,ssiebbo@mapquest.com,1,Académica,Muy bajo,Admitido,Alto,6/2/2004,Muy Bajo,false,4/11/2021,Otro,2/2/2011,Académica,12/1/2003,true
720654,Mireielle,Filipczak,mfilipczakbp@qq.com,7,Múltiple,Muy alto,Media académica,Bajo,1/22/2011,Medio,false,3/10/2017,Terapia individual,6/24/2006,Económica,1/8/2012,false
21337,Val,Probbing,vprobbingbq@irs.gov,5,Psicosocial,Alto,Media académica,Bajo,11/22/2021,Bajo,false,9/19/2002,Otro,4/18/2010,Psicosocial,5/8/2007,false
880667,Iggy,Melliard,imelliardbr@miibeian.gov.cn,2,Múltiple,Alto,Media académica,Bajo,4/10/2004,Muy Bajo,true,6/10/2015,Asesoría grupal,5/1/2019,Psicosocial,6/8/2010,false
76631,Rafaelita,Cremins,rcreminsbs@diigo.com,2,Psicosocial,Bajo,Media académica,Alto,,Alto,true,3/18/2005,Talleres psicosociales,8/13/2002,Múltiple,2/12/2017,true
583557,Dasie,Rennolds,drennoldsbt@prnewswire.com,3,Múltiple,Bajo,Admitido,Medio,5/10/2003,Medio,true,9/6/2008,Talleres psicosociales,2/22/2019,Psicosocial,10/12/2021,false
169220,Zelda,Tankin,ztankinbu@ovh.net,6,Psicosocial,Muy bajo,Nuevo,Alto,6/29/2007,Muy Bajo,false,5/7/2014,Asesoría grupal,9/27/2005,Psicosocial,11/17/2016,true
632801,Cal,Pendle,cpendlebv@tumblr.com,6,Múltiple,Medio,Media académica,Alto,6/29/2002,Medio,false,10/9/2013,Asesoría grupal,6/14/2014,Académica,3/6/2013,true
469586,Rosetta,Revance,rrevancebw@omniture.com,5,Múltiple,Bajo,Media académica,Alto,5/12/2014,Alto,false,12/13/2010,Talleres psicosociales,10/30/2008,Económica,6/4/2012,true
959574,Clay,Ellson,cellsonbx@surveymonkey.com,6,Múltiple,Alto,Media académica,Medio,,Bajo,true,11/12/2022,Otro,6/23/2012,Múltiple,8/19/2001,true
431993,Drake,Harsant,dharsantby@wp.com,8,Múltiple,Alto,Admitido,Bajo,5/24/2008,Medio,false,11/18/2003,Actividades de autocuidado,6/6/2018,Psicosocial,6/28/2001,false
865660,Allard,Kenen,akenenbz@abc.net.au,8,Académica,Alto,Nuevo,Bajo,1/18/2002,Alto,true,10/10/2008,Terapia individual,3/12/2017,Económica,6/25/2012,true
36831,Dionysus,Hoofe,dhoofec0@yahoo.com,2,Económica,Alto,Nuevo,Medio,6/15/2020,Bajo,false,10/23/2018,Talleres psicosociales,12/14/2019,Económica,7/14/2012,false
615535,Vivie,Gensavage,vgensavagec1@sfgate.com,5,Psicosocial,Alto,Media académica,Bajo,3/14/2016,Muy Bajo,true,4/16/2003,Actividades de autocuidado,2/15/2003,Académica,10/24/2020,true
59149,Brew,Hinchon,bhinchonc2@admin.ch,7,Múltiple,Alto,Media académica,Medio,11/28/2003,Muy Bajo,true,1/2/2004,Asesoría grupal,11/20/2001,Académica,11/15/2009,true
109558,Shoshanna,Keaves,skeavesc3@multiply.com,9,Económica,Medio,Admitido,Alto,11/17/2021,Alto,false,1/6/2000,Asesoría grupal,1/24/2006,Académica,2/24/2020,true
963932,Jolynn,Bosley,jbosleyc4@ucla.edu,5,Académica,Bajo,Admitido,Medio,8/29/2010,Muy Bajo,true,4/5/2016,Talleres psicosociales,1/5/2005,Económica,6/30/2019,true
107648,Daisey,Quilligan,dquilliganc5@seattletimes.com,10,Psicosocial,Medio,Media académica,Alto,3/8/2017,Alto,true,2/8/2007,Otro,3/15/2009,Múltiple,7/24/2013,true
565792,Sibella,Goodlett,sgoodlettc6@mac.com,6,Académica,Medio,Nuevo,Bajo,7/7/2018,Alto,false,8/5/2017,Asesoría grupal,6/5/2021,Económica,7/4/2011,true
440285,Jany,Litherborough,jlitherboroughc7@artisteer.com,1,Académica,Alto,Nuevo,Bajo,6/18/2015,Medio,true,9/2/2008,Talleres psicosociales,1/12/2022,Económica,5/28/2001,true
540755,Bernardo,Jeaycock,bjeaycockc8@wikia.com,2,Múltiple,Muy alto,Nuevo,Bajo,9/7/2007,Muy Bajo,true,2/10/2007,Otro,5/3/2001,Académica,4/13/2015,false
391022,Joye,Bartzen,jbartzenc9@latimes.com,1,Académica,Bajo,Nuevo,Medio,1/3/2017,Bajo,false,7/7/2012,Actividades de autocuidado,3/21/2004,Psicosocial,11/6/2004,true
677598,Dari,Souness,dsounessca@goodreads.com,8,Psicosocial,Muy bajo,Media académica,Medio,11/14/2018,Muy Bajo,true,8/19/2008,Terapia individual,1/9/2020,Económica,4/7/2009,false
722560,Noby,Noad,nnoadcb@topsy.com,2,Económica,Muy bajo,Nuevo,Alto,8/5/2005,Medio,false,10/17/2022,Otro,10/26/2008,Económica,4/16/2021,false
551376,Saxe,Tiesman,stiesmancc@printfriendly.com,10,Psicosocial,Muy alto,Nuevo,Medio,4/21/2020,Medio,false,10/13/2014,Talleres psicosociales,5/2/2001,Psicosocial,11/7/2005,true
932631,Adam,Mathis,amathiscd@amazon.com,7,Psicosocial,Muy bajo,Admitido,Medio,8/1/2009,Bajo,false,4/8/2003,Terapia individual,12/10/2022,Económica,7/24/2008,true
430316,Jenna,Scotchmur,jscotchmurce@oracle.com,1,Académica,Medio,Nuevo,Alto,7/28/2013,Muy Bajo,true,3/22/2008,Asesoría grupal,9/8/2003,Psicosocial,7/20/2007,false
292902,Rozella,La Batie,rlabatiecf@people.com.cn,5,Económica,Alto,Nuevo,Medio,10/4/2010,Medio,true,10/8/2004,Otro,1/17/2012,Múltiple,8/30/2018,true
452166,Quintus,Heino,qheinocg@parallels.com,1,Académica,Bajo,Admitido,Alto,4/20/2005,Muy Bajo,true,1/10/2017,Talleres psicosociales,2/17/2007,Múltiple,6/15/2005,true
545798,Laryssa,Stoving,lstovingch@exblog.jp,5,Económica,Bajo,Nuevo,Medio,4/2/2016,Muy Bajo,true,11/14/2002,Terapia individual,9/4/2013,Múltiple,11/10/2002,true
945954,Madelene,Burrage,mburrageci@intel.com,8,Económica,Muy bajo,Nuevo,Bajo,6/6/2011,Medio,false,9/18/2005,Asesoría grupal,12/10/2014,Múltiple,10/18/2008,true
532903,Sansone,Gaiford,sgaifordcj@intel.com,10,Psicosocial,Bajo,Admitido,Medio,5/4/2018,Alto,false,4/27/2019,Asesoría grupal,1/7/2006,Económica,3/26/2016,false
306786,Hilliard,Woolgar,hwoolgarck@clickbank.net,7,Múltiple,Muy bajo,Admitido,Alto,8/27/2018,Bajo,true,6/14/2018,Actividades de autocuidado,3/29/2007,Económica,4/10/2002,false
784624,Roseann,Chalkly,rchalklycl@symantec.com,9,Psicosocial,Bajo,Admitido,Medio,5/9/2000,Alto,false,11/15/2017,Terapia individual,9/9/2022,Académica,10/23/2003,false
115479,Raddie,Toulson,rtoulsoncm@tinypic.com,9,Económica,Medio,Nuevo,Bajo,7/6/2006,Medio,true,11/14/2021,Terapia individual,9/18/2014,Múltiple,2/1/2018,false
218616,Carce,Hudspith,chudspithcn@ucla.edu,7,Psicosocial,Bajo,Admitido,Bajo,12/24/2008,Bajo,true,2/25/2012,Terapia individual,4/18/2021,Académica,1/7/2010,false
86796,Karl,Cerman,kcermanco@indiegogo.com,2,Académica,Muy alto,Media académica,Medio,3/23/2010,Medio,true,7/2/2009,Terapia individual,2/1/2009,Académica,12/1/2010,false
146899,Barbie,Torn,btorncp@tumblr.com,10,Psicosocial,Medio,Media académica,Alto,4/11/2011,Alto,true,12/6/2003,Actividades de autocuidado,1/4/2012,Múltiple,3/30/2016,true
629235,Lek,Grievson,lgrievsoncq@prnewswire.com,7,Psicosocial,Alto,Admitido,Medio,9/28/2002,Muy Bajo,true,4/12/2007,Otro,10/4/2017,Académica,10/5/2012,false
337480,Ed,Smowton,esmowtoncr@wp.com,5,Académica,Medio,Media académica,Bajo,7/8/2002,Bajo,false,11/13/2008,Asesoría grupal,9/22/2008,Académica,2/15/2009,false
424548,Benji,Gorring,bgorringcs@newyorker.com,10,Psicosocial,Medio,Media académica,Alto,10/27/2019,Medio,true,2/25/2010,Terapia individual,11/18/2017,Múltiple,4/3/2013,true
456619,Kiah,Lackeye,klackeyect@histats.com,4,Psicosocial,Bajo,Media académica,Medio,10/27/2001,Alto,true,7/26/2013,Otro,6/15/2002,Académica,8/28/2008,true
93383,Bondy,Habishaw,bhabishawcu@tripod.com,10,Psicosocial,Medio,Media académica,Alto,5/16/2013,Bajo,false,8/10/2007,Actividades de autocuidado,1/22/2018,Económica,9/10/2011,true
174453,Junia,Stollsteimer,jstollsteimercv@sciencedirect.com,7,Académica,Alto,Nuevo,Medio,11/25/2019,Bajo,false,1/16/2017,Otro,11/21/2020,Económica,7/16/2017,false
775854,Hermina,Busse,hbussecw@irs.gov,4,Múltiple,Alto,Nuevo,Medio,6/11/2016,Muy Bajo,true,11/1/2009,Asesoría grupal,7/30/2009,Académica,11/29/2006,false
412185,Hugues,Vanezis,hvaneziscx@newyorker.com,2,Económica,Muy bajo,Media académica,Medio,3/20/2006,Alto,false,1/9/2018,Asesoría grupal,12/27/2016,Económica,2/5/2012,true
682980,Zorah,Clausewitz,zclausewitzcy@reference.com,8,Económica,Muy bajo,Nuevo,Alto,3/23/2006,Alto,false,9/14/2019,Terapia individual,8/4/2001,Económica,7/14/2000,false
695548,Heda,Idill,hidillcz@cargocollective.com,4,Académica,Alto,Nuevo,Bajo,,Alto,true,2/14/2012,Otro,11/24/2019,Psicosocial,12/4/2002,false
467653,Lucie,Wade,lwaded0@soundcloud.com,3,Psicosocial,Alto,Admitido,Bajo,2/5/2014,Medio,true,8/22/2013,Otro,10/3/2022,Múltiple,4/19/2006,false
487582,Coop,Peskin,cpeskind1@spotify.com,8,Múltiple,Medio,Admitido,Medio,2/14/2014,Medio,false,12/28/2018,Talleres psicosociales,1/1/2003,Múltiple,1/8/2005,false
977758,Brennan,Ghilardi,bghilardid2@sphinn.com,9,Económica,Muy alto,Admitido,Bajo,12/29/2005,Alto,false,8/31/2004,Terapia individual,8/11/2021,Múltiple,3/12/2020,true
721862,Carlotta,Geroldi,cgeroldid3@a8.net,7,Múltiple,Muy alto,Media académica,Bajo,2/23/2004,Alto,false,8/16/2010,Terapia individual,3/23/2009,Psicosocial,7/1/2002,true
883304,Jabez,Sapsforde,jsapsforded4@i2i.jp,1,Económica,Muy bajo,Admitido,Medio,2/12/2013,Bajo,false,7/20/2022,Otro,3/24/2018,Académica,11/14/2012,true
232381,Belia,Skatcher,bskatcherd5@skype.com,6,Múltiple,Alto,Nuevo,Bajo,8/7/2001,Bajo,true,11/6/2022,Terapia individual,11/13/2015,Académica,7/28/2011,true
24836,Candide,Roberto,crobertod6@twitpic.com,6,Múltiple,Medio,Nuevo,Alto,12/15/2021,Bajo,false,5/14/2000,Talleres psicosociales,11/16/2012,Económica,9/27/2022,false
156153,Cirillo,Petras,cpetrasd7@artisteer.com,8,Múltiple,Bajo,Nuevo,Medio,9/16/2017,Alto,true,2/7/2014,Terapia individual,3/29/2017,Académica,12/28/2009,false
818845,Gib,Pickthorn,gpickthornd8@bing.com,5,Múltiple,Alto,Media académica,Alto,6/8/2011,Alto,false,9/3/2004,Actividades de autocuidado,2/15/2021,Económica,3/1/2000,false
446241,Thebault,Maddy,tmaddyd9@mit.edu,5,Múltiple,Alto,Nuevo,Bajo,12/25/2003,Alto,false,8/3/2010,Otro,6/12/2000,Académica,2/20/2008,true
205305,Lanie,Fuentez,lfuentezda@infoseek.co.jp,4,Múltiple,Muy alto,Media académica,Alto,12/29/2002,Muy Bajo,false,4/24/2022,Asesoría grupal,12/17/2012,Económica,10/5/2017,true
72574,Fan,Holtum,fholtumdb@apache.org,4,Múltiple,Muy bajo,Admitido,Alto,10/3/2011,Medio,true,6/24/2010,Otro,7/30/2010,Económica,9/1/2020,false
441282,Donnell,Andrieux,dandrieuxdc@theglobeandmail.com,7,Académica,Bajo,Admitido,Alto,4/21/2022,Alto,false,11/19/2022,Talleres psicosociales,4/4/2003,Psicosocial,6/5/2002,true
164244,Billie,Roderick,broderickdd@eepurl.com,4,Económica,Alto,Nuevo,Medio,2/23/2009,Bajo,false,10/21/2005,Terapia individual,6/30/2020,Económica,3/20/2003,false
837070,Ozzie,Cowderay,ocowderayde@ca.gov,6,Psicosocial,Alto,Nuevo,Bajo,10/23/2005,Alto,false,10/18/2008,Actividades de autocuidado,1/6/2003,Múltiple,4/22/2001,false
271099,Gaultiero,Diack,gdiackdf@uiuc.edu,8,Académica,Muy bajo,Admitido,Bajo,11/12/2004,Alto,true,12/14/2011,Otro,12/19/2013,Múltiple,2/22/2020,true
538636,Jeff,Lysaght,jlysaghtdg@forbes.com,9,Académica,Medio,Media académica,Bajo,12/8/2006,Alto,false,6/1/2013,Actividades de autocuidado,10/19/2012,Económica,3/2/2002,false
259924,Xymenes,Balme,xbalmedh@businesswire.com,3,Múltiple,Alto,Nuevo,Alto,11/6/2016,Bajo,false,10/18/2012,Terapia individual,3/25/2012,Psicosocial,9/3/2000,false
489209,Nahum,McNuff,nmcnuffdi@cnet.com,7,Psicosocial,Bajo,Admitido,Bajo,4/18/2012,Bajo,true,10/29/2002,Actividades de autocuidado,3/2/2009,Económica,7/19/2003,true
293583,Lesya,Domanek,ldomanekdj@bluehost.com,10,Económica,Muy bajo,Nuevo,Alto,8/22/2005,Alto,false,8/14/2000,Asesoría grupal,12/18/2019,Psicosocial,10/27/2018,false
156770,Madel,Whitloe,mwhitloedk@tumblr.com,6,Psicosocial,Bajo,Admitido,Bajo,10/18/2021,Bajo,true,9/3/2009,Otro,5/4/2015,Psicosocial,12/13/2010,false
141085,Audry,McConnel,amcconneldl@yahoo.co.jp,8,Psicosocial,Bajo,Media académica,Bajo,,Alto,true,12/18/2003,Asesoría grupal,1/1/2009,Académica,7/16/2016,false
447120,Fidelity,Seal,fsealdm@ucoz.ru,8,Psicosocial,Medio,Admitido,Medio,1/23/2002,Muy Bajo,true,5/2/2012,Terapia individual,12/2/2019,Múltiple,3/6/2018,false
858478,Jennilee,Hercock,jhercockdn@wordpress.com,5,Múltiple,Muy alto,Admitido,Bajo,1/19/2010,Medio,false,2/12/2017,Terapia individual,3/5/2013,Académica,4/10/2018,false
729283,Carita,Bavidge,cbavidgedo@ask.com,2,Psicosocial,Muy alto,Admitido,Bajo,2/18/2012,Bajo,false,1/26/2004,Terapia individual,4/11/2015,Académica,11/18/2013,false
785332,Brandon,Malloy,bmalloydp@jalbum.net,8,Académica,Medio,Media académica,Alto,3/9/2002,Muy Bajo,true,4/14/2001,Otro,7/3/2018,Económica,9/23/2015,false
31615,Judie,Layne,jlaynedq@hubpages.com,7,Económica,Medio,Admitido,Medio,2/7/2007,Muy Bajo,true,8/15/2003,Talleres psicosociales,7/28/2000,Múltiple,11/26/2015,true
421952,Iggy,Klulisek,iklulisekdr@uol.com.br,10,Académica,Alto,Media académica,Bajo,7/6/2013,Medio,false,9/11/2012,Asesoría grupal,4/16/2003,Económica,11/4/2021,true
906576,Romola,McElvine,rmcelvineds@domainmarket.com,6,Psicosocial,Medio,Admitido,Alto,11/11/2018,Bajo,false,3/28/2018,Actividades de autocuidado,1/29/2007,Múltiple,4/19/2005,false
532345,Barnett,Coatts,bcoattsdt@theglobeandmail.com,7,Académica,Bajo,Admitido,Bajo,7/2/2022,Muy Bajo,false,6/3/2021,Talleres psicosociales,8/19/2020,Económica,4/13/2017,false
967849,Fifi,Balshen,fbalshendu@indiatimes.com,3,Múltiple,Alto,Admitido,Medio,3/23/2008,Medio,false,8/31/2022,Asesoría grupal,11/17/2022,Múltiple,7/3/2008,true
568060,Godiva,Mourton,gmourtondv@wikipedia.org,7,Psicosocial,Muy alto,Media académica,Bajo,12/24/2013,Bajo,false,7/11/2016,Talleres psicosociales,8/8/2022,Múltiple,6/2/2013,true
887639,Lin,Georgiev,lgeorgievdw@oakley.com,7,Económica,Alto,Admitido,Alto,9/1/2016,Bajo,false,1/20/2005,Actividades de autocuidado,10/29/2012,Académica,3/23/2000,true
733608,Liva,Chalcroft,lchalcroftdx@oakley.com,6,Económica,Medio,Admitido,Bajo,2/5/2022,Bajo,false,3/27/2013,Otro,9/24/2001,Económica,1/24/2011,false
91072,Fraze,O'Gleasane,fogleasanedy@github.com,3,Múltiple,Bajo,Nuevo,Bajo,12/7/2016,Bajo,true,6/7/2018,Talleres psicosociales,6/27/2022,Psicosocial,6/5/2021,true
900695,Michel,Lyburn,mlyburndz@unicef.org,3,Psicosocial,Alto,Admitido,Medio,6/13/2022,Bajo,true,11/9/2007,Otro,2/11/2013,Académica,10/10/2006,true
893814,Jackson,Greensite,jgreensitee0@java.com,8,Académica,Alto,Media académica,Medio,7/24/2011,Muy Bajo,false,1/30/2019,Otro,7/13/2005,Múltiple,1/13/2002,false
853390,Ruttger,Cawood,rcawoode1@yale.edu,8,Académica,Alto,Media académica,Alto,2/28/2004,Bajo,false,2/4/2013,Otro,10/11/2017,Psicosocial,11/8/2004,false
836648,Otto,Bonds,obondse2@google.cn,9,Psicosocial,Alto,Media académica,Medio,12/26/2007,Bajo,true,8/9/2022,Talleres psicosociales,2/15/2015,Académica,3/30/2012,false
457356,Rey,McCloughen,rmccloughene3@cnn.com,7,Económica,Muy bajo,Media académica,Alto,4/23/2021,Medio,true,5/13/2018,Otro,4/16/2001,Psicosocial,4/22/2019,true
24962,Ronnie,Tilbrook,rtilbrooke4@bbc.co.uk,2,Económica,Medio,Nuevo,Medio,9/1/2017,Medio,false,1/28/2008,Otro,1/12/2004,Académica,3/16/2012,true
651877,Sharlene,Northfield,snorthfielde5@mail.ru,3,Psicosocial,Bajo,Nuevo,Medio,1/19/2020,Bajo,true,7/3/2011,Talleres psicosociales,3/21/2002,Psicosocial,3/4/2001,true
66290,Rowland,Gustus,rgustuse6@virginia.edu,5,Económica,Muy bajo,Admitido,Medio,11/9/2019,Muy Bajo,false,2/8/2008,Asesoría grupal,5/17/2021,Psicosocial,7/26/2004,false
541284,Molly,Nother,mnothere7@techcrunch.com,8,Académica,Alto,Media académica,Alto,4/29/2007,Muy Bajo,false,8/3/2022,Terapia individual,12/9/2003,Psicosocial,2/21/2002,true
475028,Jammal,Geeves,jgeevese8@edublogs.org,3,Múltiple,Bajo,Nuevo,Medio,12/25/2008,Alto,false,11/29/2012,Otro,11/25/2015,Psicosocial,11/9/2004,true
544818,Phil,Tregido,ptregidoe9@cisco.com,3,Psicosocial,Muy bajo,Media académica,Bajo,5/13/2002,Bajo,true,7/1/2014,Otro,6/16/2013,Múltiple,11/3/2003,true
634214,Emanuele,Rozzier,erozzierea@mozilla.com,9,Psicosocial,Medio,Nuevo,Medio,1/30/2011,Bajo,false,7/3/2005,Actividades de autocuidado,2/28/2016,Académica,9/14/2005,true
103203,Fleur,Rive,friveeb@blogs.com,2,Económica,Muy bajo,Nuevo,Medio,2/10/2000,Bajo,true,10/14/2012,Asesoría grupal,9/24/2021,Económica,10/8/2008,true
398597,Quillan,Gimbrett,qgimbrettec@dailymail.co.uk,3,Psicosocial,Alto,Media académica,Bajo,7/2/2012,Alto,false,4/12/2008,Asesoría grupal,11/10/2022,Múltiple,10/29/2010,false
943938,Alicia,Nurdin,anurdined@icq.com,10,Psicosocial,Bajo,Nuevo,Bajo,2/14/2010,Medio,false,8/12/2010,Otro,7/17/2016,Múltiple,3/21/2015,true
419283,Nikola,Nicholls,nnichollsee@ameblo.jp,9,Múltiple,Medio,Nuevo,Medio,10/10/2006,Bajo,true,9/1/2008,Talleres psicosociales,3/29/2016,Académica,10/19/2001,true
976837,Erskine,Pittoli,epittolief@sakura.ne.jp,10,Psicosocial,Muy bajo,Nuevo,Medio,7/3/2010,Alto,true,10/4/2005,Actividades de autocuidado,2/9/2004,Académica,8/7/2006,false
476369,Emogene,Allmond,eallmondeg@friendfeed.com,2,Económica,Medio,Admitido,Bajo,7/19/2017,Medio,false,7/15/2004,Terapia individual,6/11/2000,Múltiple,1/16/2004,true
886686,Sanders,Mehew,smeheweh@yelp.com,6,Múltiple,Muy alto,Admitido,Alto,3/31/2018,Bajo,false,1/12/2016,Asesoría grupal,3/14/2011,Económica,5/28/2008,false
442920,Berty,MacMickan,bmacmickanei@chronoengine.com,10,Múltiple,Muy alto,Admitido,Alto,,Alto,false,7/8/2003,Actividades de autocuidado,12/3/2015,Psicosocial,5/11/2009,true
904479,Alexandrina,Ocheltree,aocheltreeej@goo.ne.jp,6,Económica,Muy alto,Media académica,Medio,4/11/2000,Alto,false,12/5/2016,Asesoría grupal,3/29/2004,Múltiple,2/21/2018,true
547265,Lazarus,Gostage,lgostageek@uol.com.br,1,Psicosocial,Alto,Media académica,Medio,9/9/2013,Muy Bajo,true,7/4/2019,Actividades de autocuidado,6/30/2014,Psicosocial,8/31/2021,true
567412,Marguerite,Morales,mmoralesel@tinypic.com,6,Múltiple,Alto,Media académica,Bajo,5/2/2019,Medio,true,5/28/2005,Terapia individual,4/20/2017,Múltiple,4/26/2002,false
895101,Nada,Woloschin,nwoloschinem@economist.com,4,Múltiple,Bajo,Admitido,Alto,,Medio,false,7/1/2000,Otro,7/20/2015,Múltiple,10/12/2015,true
758235,Kale,Trass,ktrassen@chronoengine.com,10,Múltiple,Muy alto,Admitido,Alto,1/4/2016,Medio,true,4/2/2000,Otro,2/18/2008,Psicosocial,6/20/2013,false
917032,Tremain,Peschka,tpeschkaeo@google.co.jp,3,Múltiple,Muy alto,Admitido,Medio,2/3/2015,Muy Bajo,true,2/6/2021,Asesoría grupal,11/29/2018,Académica,7/25/2002,true
124334,Liliane,Fransewich,lfransewichep@earthlink.net,5,Múltiple,Muy bajo,Media académica,Alto,11/26/2014,Muy Bajo,false,5/26/2015,Talleres psicosociales,2/21/2013,Psicosocial,8/12/2021,false
500448,Jabez,Fransseni,jfranssenieq@china.com.cn,6,Académica,Bajo,Nuevo,Medio,11/3/2014,Alto,false,1/14/2019,Otro,9/18/2015,Múltiple,4/21/2005,false
550878,Barbey,Parrington,bparringtoner@smugmug.com,10,Económica,Muy bajo,Nuevo,Medio,4/9/2012,Muy Bajo,true,6/10/2008,Terapia individual,6/8/2019,Psicosocial,3/29/2007,true
769967,Noni,Olijve,nolijvees@census.gov,9,Económica,Muy alto,Admitido,Bajo,7/22/2010,Medio,true,6/28/2003,Actividades de autocuidado,8/21/2005,Múltiple,4/12/2015,true
530015,Curcio,Jallin,cjallinet@dyndns.org,1,Académica,Alto,Nuevo,Alto,2/16/2007,Medio,true,1/20/2003,Otro,5/14/2016,Psicosocial,5/30/2002,true
55978,Pearline,Grane,pgraneeu@phoca.cz,10,Múltiple,Muy alto,Nuevo,Medio,8/10/2016,Bajo,false,1/12/2002,Actividades de autocuidado,12/27/2011,Académica,2/9/2005,false
585604,Arthur,Clyant,aclyantev@webs.com,10,Múltiple,Muy alto,Nuevo,Alto,3/14/2021,Medio,true,12/22/2018,Talleres psicosociales,5/5/2014,Económica,11/10/2019,false
384066,Andrea,Lankford,alankfordew@xinhuanet.com,5,Múltiple,Medio,Admitido,Alto,1/4/2001,Bajo,true,5/20/2009,Actividades de autocuidado,8/6/2015,Económica,11/8/2013,false
272178,Hew,Gai,hgaiex@live.com,8,Económica,Muy bajo,Nuevo,Bajo,9/26/2002,Alto,true,1/22/2010,Terapia individual,9/25/2006,Académica,11/6/2007,true
914889,Gwendolyn,Habbert,ghabbertey@boston.com,5,Académica,Muy bajo,Admitido,Medio,5/2/2013,Medio,true,3/4/2021,Talleres psicosociales,1/31/2012,Académica,12/30/2000,false
52938,Sharleen,Thornthwaite,sthornthwaiteez@nifty.com,4,Múltiple,Muy alto,Nuevo,Bajo,7/11/2016,Alto,true,1/10/2018,Actividades de autocuidado,10/4/2018,Académica,8/20/2019,true
184926,Norah,Villa,nvillaf0@wired.com,10,Psicosocial,Muy alto,Media académica,Alto,4/21/2011,Alto,false,1/14/2007,Actividades de autocuidado,2/7/2018,Económica,3/4/2016,true
758622,Andrei,Thraves,athravesf1@meetup.com,6,Múltiple,Bajo,Admitido,Bajo,5/23/2017,Muy Bajo,false,2/17/2008,Actividades de autocuidado,4/8/2019,Múltiple,8/19/2001,true
599200,Aggi,Senyard,asenyardf2@51.la,3,Psicosocial,Medio,Nuevo,Bajo,6/18/2021,Bajo,false,7/4/2018,Terapia individual,4/26/2011,Múltiple,6/2/2014,true
966644,Farand,Gleaves,fgleavesf3@example.com,5,Múltiple,Alto,Admitido,Alto,2/2/2002,Bajo,true,12/21/2003,Asesoría grupal,2/8/2018,Académica,6/24/2001,false
674625,Brynne,Taft,btaftf4@over-blog.com,5,Psicosocial,Alto,Media académica,Alto,5/29/2020,Alto,false,10/11/2004,Actividades de autocuidado,11/6/2011,Múltiple,6/16/2004,true
902640,Minta,Cunniffe,mcunniffef5@free.fr,9,Psicosocial,Bajo,Nuevo,Alto,,Medio,false,1/16/2016,Talleres psicosociales,1/12/2003,Múltiple,2/28/2010,false
697727,Oren,Hopfner,ohopfnerf6@constantcontact.com,9,Psicosocial,Muy bajo,Media académica,Alto,2/20/2006,Medio,true,1/17/2013,Terapia individual,10/4/2010,Económica,8/2/2017,true
670882,Lock,Astall,lastallf7@dedecms.com,5,Económica,Alto,Media académica,Medio,6/29/2009,Muy Bajo,false,7/28/2001,Talleres psicosociales,9/7/2009,Académica,5/9/2003,true
365121,Modesta,Yelden,myeldenf8@technorati.com,5,Económica,Muy alto,Admitido,Alto,8/27/2005,Medio,true,5/28/2011,Terapia individual,10/29/2011,Psicosocial,10/6/2005,true
57884,Meryl,Yushkov,myushkovf9@ask.com,4,Psicosocial,Muy bajo,Nuevo,Bajo,1/22/2018,Medio,false,8/29/2022,Talleres psicosociales,5/23/2011,Múltiple,10/24/2002,true
294834,Risa,Delea,rdeleafa@technorati.com,8,Psicosocial,Muy bajo,Admitido,Medio,7/29/2020,Bajo,true,1/17/2022,Terapia individual,10/31/2001,Psicosocial,3/30/2014,true
268536,Tiphani,Skinner,tskinnerfb@webs.com,9,Psicosocial,Muy bajo,Nuevo,Bajo,6/24/2010,Muy Bajo,true,5/30/2016,Terapia individual,8/30/2011,Económica,4/12/2000,false
809268,Dalis,Guinane,dguinanefc@mozilla.com,8,Económica,Muy bajo,Nuevo,Alto,5/21/2002,Bajo,false,11/13/2013,Otro,7/4/2005,Psicosocial,1/20/2017,true
400283,Leland,Krook,lkrookfd@sciencedaily.com,6,Académica,Bajo,Admitido,Alto,7/5/2005,Muy Bajo,true,4/3/2012,Actividades de autocuidado,8/9/2002,Psicosocial,4/14/2020,true
989028,Angelina,Gallop,agallopfe@smugmug.com,7,Académica,Muy bajo,Media académica,Alto,11/10/2014,Medio,true,3/6/2001,Actividades de autocuidado,12/18/2013,Múltiple,9/14/2016,true
481290,Lloyd,Tufts,ltuftsff@miibeian.gov.cn,2,Múltiple,Bajo,Media académica,Alto,8/18/2012,Medio,true,7/2/2019,Terapia individual,12/9/2019,Académica,1/17/2015,true
397674,Sarina,Chiommienti,schiommientifg@netscape.com,1,Académica,Muy alto,Nuevo,Medio,9/3/2012,Medio,false,2/8/2006,Actividades de autocuidado,3/19/2004,Psicosocial,5/8/2021,true
923760,Sheelah,Ehlerding,sehlerdingfh@icq.com,10,Psicosocial,Medio,Nuevo,Bajo,9/27/2002,Muy Bajo,false,4/9/2011,Asesoría grupal,12/3/2009,Económica,12/24/2011,true
595100,Rhody,McCunn,rmccunnfi@sogou.com,3,Académica,Alto,Nuevo,Medio,8/30/2011,Bajo,true,7/3/2016,Talleres psicosociales,4/29/2005,Múltiple,2/27/2009,true
503532,Mia,MacQuaker,mmacquakerfj@sogou.com,5,Psicosocial,Muy bajo,Admitido,Alto,,Muy Bajo,false,5/26/2018,Actividades de autocuidado,8/13/2007,Económica,8/29/2005,true
153673,Kort,Janes,kjanesfk@spiegel.de,2,Psicosocial,Alto,Admitido,Alto,11/15/2008,Bajo,true,2/10/2021,Actividades de autocuidado,11/2/2014,Académica,8/23/2013,true
707368,Redd,Redfield,rredfieldfl@epa.gov,6,Múltiple,Alto,Nuevo,Medio,6/7/2016,Alto,false,4/5/2005,Talleres psicosociales,1/22/2013,Económica,10/17/2020,false
814236,Laurel,Ellerbeck,lellerbeckfm@1688.com,2,Psicosocial,Muy alto,Media académica,Alto,6/8/2004,Bajo,true,12/9/2006,Talleres psicosociales,7/2/2010,Psicosocial,4/1/2004,true
333090,Brietta,Suttill,bsuttillfn@wix.com,10,Económica,Medio,Nuevo,Bajo,3/21/2019,Medio,false,10/15/2001,Otro,10/19/2014,Académica,10/25/2017,true
821478,Teri,Bish,tbishfo@pcworld.com,1,Múltiple,Bajo,Media académica,Bajo,1/14/2008,Muy Bajo,true,11/11/2007,Actividades de autocuidado,1/31/2020,Económica,7/24/2003,true
258176,Malanie,Zima,mzimafp@cargocollective.com,1,Psicosocial,Medio,Media académica,Bajo,12/8/2000,Alto,false,12/1/2019,Asesoría grupal,3/10/2021,Económica,1/28/2014,false
274401,Kristofor,Beves,kbevesfq@furl.net,6,Académica,Muy alto,Media académica,Alto,4/29/2014,Bajo,false,1/21/2019,Asesoría grupal,3/20/2016,Académica,4/14/2007,true
411768,Giffie,Lenihan,glenihanfr@acquirethisname.com,8,Múltiple,Alto,Admitido,Medio,12/10/2014,Bajo,false,7/27/2009,Actividades de autocuidado,8/4/2012,Psicosocial,6/11/2017,true
343425,Arabela,Sottell,asottellfs@cornell.edu,3,Psicosocial,Alto,Admitido,Medio,10/7/2012,Medio,false,5/29/2005,Otro,2/21/2008,Económica,9/13/2013,false
963628,Ericha,Siemons,esiemonsft@etsy.com,8,Académica,Bajo,Admitido,Alto,11/8/2018,Bajo,false,8/20/2004,Asesoría grupal,3/9/2000,Académica,12/26/2011,false
8681,Sarajane,Fairfoul,sfairfoulfu@wikispaces.com,2,Económica,Medio,Nuevo,Medio,12/22/2006,Bajo,false,10/24/2002,Actividades de autocuidado,12/30/2022,Académica,5/25/2010,true
254364,Candice,O'Cosgra,cocosgrafv@typepad.com,5,Múltiple,Muy alto,Media académica,Medio,6/23/2008,Bajo,true,4/18/2008,Terapia individual,12/13/2017,Múltiple,5/19/2007,true
434964,Chauncey,Carette,ccarettefw@com.com,10,Académica,Muy bajo,Media académica,Alto,1/20/2006,Muy Bajo,true,12/10/2001,Asesoría grupal,8/30/2012,Psicosocial,4/9/2022,true
545408,Patty,Kemetz,pkemetzfx@digg.com,8,Académica,Muy bajo,Nuevo,Medio,12/12/2016,Medio,true,7/10/2000,Talleres psicosociales,11/9/2010,Psicosocial,10/16/2004,true
578359,Quill,Leith-Harvey,qleithharveyfy@hexun.com,9,Psicosocial,Alto,Nuevo,Alto,9/13/2018,Bajo,true,5/23/2007,Asesoría grupal,5/10/2021,Académica,1/15/2019,true
932847,Abramo,Ley,aleyfz@ft.com,7,Académica,Medio,Nuevo,Alto,4/27/2007,Alto,false,2/4/2020,Talleres psicosociales,1/15/2020,Académica,1/3/2021,false
306254,Denni,Whatman,dwhatmang0@arstechnica.com,10,Psicosocial,Medio,Admitido,Alto,12/24/2020,Bajo,true,8/27/2017,Terapia individual,5/12/2020,Múltiple,9/22/2003,false
668373,Margeaux,Totman,mtotmang1@ft.com,6,Psicosocial,Bajo,Admitido,Alto,4/26/2021,Medio,true,7/20/2019,Talleres psicosociales,8/11/2006,Múltiple,12/29/2005,true
131248,Morgan,Vickery,mvickeryg2@gizmodo.com,10,Académica,Bajo,Media académica,Bajo,8/28/2002,Alto,false,2/7/2011,Otro,11/22/2001,Económica,8/6/2003,false
595282,Brandyn,Delacourt,bdelacourtg3@xinhuanet.com,8,Múltiple,Muy bajo,Media académica,Alto,2/8/2007,Bajo,false,4/21/2011,Otro,7/25/2015,Psicosocial,5/14/2022,true
63338,Georgianna,Desquesnes,gdesquesnesg4@technorati.com,10,Múltiple,Muy bajo,Media académica,Alto,8/31/2008,Bajo,false,10/19/2005,Asesoría grupal,5/29/2020,Académica,8/19/2010,true
52710,Norbert,Martschke,nmartschkeg5@abc.net.au,7,Múltiple,Bajo,Admitido,Bajo,3/31/2013,Medio,true,1/25/2001,Talleres psicosociales,4/4/2005,Psicosocial,8/24/2010,false
852193,Guillaume,Adamovicz,gadamoviczg6@odnoklassniki.ru,7,Múltiple,Alto,Admitido,Medio,4/28/2022,Alto,false,3/1/2005,Asesoría grupal,8/20/2020,Psicosocial,9/29/2010,true
2079,Kelcy,Wadeson,kwadesong7@usa.gov,6,Académica,Muy bajo,Media académica,Medio,5/11/2012,Bajo,false,1/27/2018,Asesoría grupal,2/21/2003,Múltiple,4/29/2021,true
781608,Kerk,Rappoport,krappoportg8@pcworld.com,8,Económica,Bajo,Nuevo,Alto,3/2/2017,Medio,false,6/11/2013,Asesoría grupal,6/10/2006,Académica,1/10/2008,true
640659,Garret,Billett,gbillettg9@home.pl,3,Psicosocial,Medio,Nuevo,Alto,12/12/2017,Bajo,false,5/29/2020,Talleres psicosociales,6/7/2008,Académica,7/5/2005,true
799740,Debi,Sabie,dsabiega@mozilla.org,6,Económica,Alto,Nuevo,Bajo,12/27/2007,Bajo,false,9/2/2022,Asesoría grupal,10/7/2003,Múltiple,9/6/2004,false
700275,Sarajane,Riddel,sriddelgb@va.gov,4,Múltiple,Medio,Admitido,Alto,9/10/2002,Medio,true,10/24/2010,Terapia individual,10/12/2014,Académica,8/7/2009,false
231005,Averyl,Normansell,anormansellgc@addtoany.com,6,Psicosocial,Medio,Media académica,Alto,5/19/2004,Alto,true,5/14/2002,Talleres psicosociales,8/16/2017,Económica,9/2/2016,true
936970,Tadd,Ellesmere,tellesmeregd@moonfruit.com,8,Económica,Muy bajo,Media académica,Medio,7/15/2000,Muy Bajo,true,6/5/2019,Terapia individual,9/11/2007,Económica,8/3/2019,false
360053,Zeke,Boulsher,zboulsherge@paypal.com,2,Económica,Medio,Nuevo,Alto,12/7/2014,Alto,false,5/9/2007,Talleres psicosociales,12/3/2002,Psicosocial,8/9/2008,false
224984,Janessa,Logg,jlogggf@mac.com,1,Múltiple,Muy alto,Admitido,Alto,4/13/2008,Medio,false,1/25/2015,Actividades de autocuidado,10/9/2006,Económica,6/6/2020,false
47364,Waverly,Rault,wraultgg@diigo.com,8,Económica,Muy bajo,Media académica,Bajo,4/26/2003,Bajo,false,5/26/2002,Otro,1/3/2018,Múltiple,12/4/2015,true
495054,Angie,Cobbe,acobbegh@independent.co.uk,1,Múltiple,Muy alto,Nuevo,Alto,11/10/2012,Medio,true,6/26/2002,Actividades de autocuidado,10/13/2008,Académica,7/19/2013,false
809947,Audrey,MacGown,amacgowngi@xrea.com,4,Académica,Bajo,Admitido,Medio,8/27/2019,Medio,false,2/20/2012,Actividades de autocuidado,4/1/2000,Psicosocial,9/21/2017,true
781863,Shannen,Caron,scarongj@bbb.org,4,Académica,Bajo,Nuevo,Bajo,11/28/2011,Muy Bajo,false,4/22/2016,Talleres psicosociales,7/11/2022,Académica,10/28/2003,false
669930,Hermia,Tiery,htierygk@zimbio.com,3,Múltiple,Muy alto,Media académica,Medio,,Bajo,true,11/23/2015,Asesoría grupal,5/5/2013,Académica,2/8/2007,false
34393,Denise,Minshall,dminshallgl@merriam-webster.com,5,Psicosocial,Bajo,Admitido,Medio,6/5/2007,Bajo,true,12/7/2001,Otro,6/2/2007,Múltiple,8/6/2012,true
834664,Pippo,Curme,pcurmegm@joomla.org,1,Psicosocial,Bajo,Nuevo,Bajo,8/9/2020,Muy Bajo,false,1/21/2017,Terapia individual,7/4/2003,Académica,4/21/2009,false
638741,Hazlett,Haddington,hhaddingtongn@ask.com,8,Académica,Muy alto,Admitido,Alto,3/18/2001,Medio,true,6/19/2008,Talleres psicosociales,1/31/2003,Económica,5/9/2013,true
138738,Jocko,Liddle,jliddlego@dmoz.org,6,Múltiple,Muy alto,Media académica,Medio,5/12/2009,Bajo,true,8/24/2011,Actividades de autocuidado,4/27/2015,Psicosocial,4/10/2005,false
177837,Elnora,Krook,ekrookgp@tinypic.com,2,Múltiple,Alto,Admitido,Medio,12/20/2021,Medio,false,11/12/2016,Actividades de autocuidado,6/5/2005,Académica,9/15/2016,false
508826,Heriberto,Cousen,hcousengq@tripod.com,7,Académica,Bajo,Nuevo,Alto,5/3/2021,Medio,true,8/11/2002,Actividades de autocuidado,4/21/2017,Múltiple,11/6/2013,true
586041,Patty,Patria,ppatriagr@wix.com,6,Académica,Muy bajo,Nuevo,Medio,2/22/2010,Bajo,true,4/27/2016,Otro,7/9/2020,Psicosocial,11/23/2006,true
93564,Aristotle,Malimoe,amalimoegs@toplist.cz,8,Múltiple,Alto,Nuevo,Alto,5/5/2006,Alto,true,10/28/2019,Talleres psicosociales,11/6/2008,Económica,7/18/2003,true
453152,Harcourt,Peiser,hpeisergt@cnn.com,8,Múltiple,Muy bajo,Admitido,Medio,1/15/2013,Muy Bajo,false,8/25/2015,Talleres psicosociales,11/2/2019,Múltiple,12/4/2008,true
69283,Madeleine,Lush,mlushgu@is.gd,9,Múltiple,Medio,Nuevo,Bajo,3/19/2014,Bajo,false,7/20/2018,Terapia individual,2/14/2021,Múltiple,11/26/2002,true
366220,Connie,Firebrace,cfirebracegv@bluehost.com,2,Múltiple,Muy alto,Nuevo,Bajo,10/3/2008,Bajo,true,8/16/2009,Talleres psicosociales,12/21/2000,Psicosocial,3/22/2009,true
163958,Moyna,Florey,mfloreygw@indiegogo.com,7,Académica,Muy alto,Admitido,Bajo,11/25/2006,Alto,false,4/19/2001,Terapia individual,3/21/2017,Múltiple,7/18/2017,false
533951,Trenton,Drinkhill,tdrinkhillgx@godaddy.com,2,Económica,Bajo,Media académica,Alto,11/3/2002,Alto,true,12/4/2004,Actividades de autocuidado,9/8/2012,Económica,4/5/2007,true
128675,Jobie,Tossell,jtossellgy@prlog.org,7,Económica,Medio,Admitido,Medio,9/18/2003,Muy Bajo,false,3/20/2011,Asesoría grupal,12/7/2012,Académica,11/17/2018,true
300689,Datha,Culver,dculvergz@reddit.com,2,Múltiple,Muy alto,Nuevo,Alto,3/31/2018,Medio,true,12/9/2008,Actividades de autocuidado,10/6/2005,Psicosocial,9/30/2017,false
517287,Gaven,Lillo,glilloh0@github.io,1,Académica,Muy bajo,Admitido,Alto,1/25/2011,Alto,false,1/17/2020,Otro,7/28/2011,Psicosocial,1/21/2012,false
977696,Lyn,Boydell,lboydellh1@ebay.com,10,Múltiple,Alto,Media académica,Bajo,12/27/2006,Alto,true,3/9/2013,Talleres psicosociales,8/2/2011,Psicosocial,2/24/2012,false
316705,Conan,Bienvenu,cbienvenuh2@hatena.ne.jp,6,Múltiple,Muy bajo,Nuevo,Bajo,9/20/2000,Muy Bajo,true,7/20/2003,Actividades de autocuidado,11/9/2015,Psicosocial,5/29/2013,false
491619,Cinderella,Darbyshire,cdarbyshireh3@soup.io,2,Psicosocial,Muy alto,Media académica,Bajo,8/22/2018,Muy Bajo,false,10/30/2017,Actividades de autocuidado,3/12/2013,Económica,11/11/2006,false
375117,Nels,Tadman,ntadmanh4@mashable.com,1,Múltiple,Muy bajo,Admitido,Medio,,Medio,false,10/12/2022,Asesoría grupal,8/28/2016,Múltiple,2/19/2018,true
672528,Kristy,Messruther,kmessrutherh5@jiathis.com,8,Psicosocial,Muy bajo,Admitido,Medio,1/18/2019,Bajo,true,9/12/2018,Talleres psicosociales,12/6/2015,Económica,11/7/2010,false
55955,Zarah,Loudon,zloudonh6@usnews.com,4,Psicosocial,Muy alto,Nuevo,Alto,9/22/2016,Muy Bajo,false,9/14/2011,Terapia individual,11/3/2000,Psicosocial,5/22/2012,true
264847,Cleve,Nissle,cnissleh7@photobucket.com,2,Académica,Medio,Admitido,Alto,1/2/2004,Muy Bajo,true,8/22/2020,Otro,12/20/2006,Académica,5/27/2004,true
828982,Ingeborg,Bonnefin,ibonnefinh8@shop-pro.jp,9,Académica,Muy alto,Admitido,Medio,8/26/2016,Medio,true,10/13/2013,Actividades de autocuidado,5/2/2017,Económica,12/13/2003,true
863939,Arline,Devine,adevineh9@theglobeandmail.com,4,Múltiple,Muy bajo,Media académica,Bajo,6/10/2011,Medio,true,12/12/2009,Otro,9/8/2019,Académica,1/20/2000,false
199222,Skipp,Cutmore,scutmoreha@list-manage.com,10,Psicosocial,Muy alto,Admitido,Medio,1/20/2017,Alto,false,9/2/2012,Actividades de autocuidado,1/2/2000,Académica,6/15/2009,false
407427,Eve,Hedditeh,ehedditehhb@omniture.com,1,Múltiple,Muy alto,Admitido,Alto,12/15/2000,Alto,true,2/15/2008,Otro,7/1/2017,Económica,12/9/2006,true
175742,Phyllys,Bidnall,pbidnallhc@ftc.gov,5,Psicosocial,Alto,Media académica,Alto,2/3/2006,Alto,true,6/25/2016,Otro,11/18/2020,Psicosocial,5/11/2000,true
167148,Loralie,Brittle,lbrittlehd@moonfruit.com,3,Múltiple,Muy bajo,Nuevo,Medio,10/3/2015,Bajo,false,6/1/2001,Actividades de autocuidado,7/24/2019,Psicosocial,11/5/2017,true
751019,Emilio,Sherrell,esherrellhe@surveymonkey.com,7,Académica,Alto,Admitido,Bajo,4/8/2005,Alto,false,11/7/2014,Terapia individual,3/28/2002,Psicosocial,5/2/2008,false
376632,Michaella,Dreini,mdreinihf@meetup.com,1,Múltiple,Alto,Nuevo,Alto,11/26/2014,Medio,true,9/25/2020,Actividades de autocuidado,12/14/2007,Académica,7/24/2002,false
189528,Tommy,O'Moylan,tomoylanhg@tmall.com,5,Económica,Muy bajo,Media académica,Medio,10/2/2011,Bajo,false,2/20/2001,Otro,2/11/2021,Económica,8/23/2021,false
188352,Rey,Whannel,rwhannelhh@twitter.com,3,Económica,Medio,Nuevo,Alto,6/26/2009,Bajo,false,11/6/2018,Actividades de autocuidado,1/8/2016,Psicosocial,10/15/2009,true
3314,Samuel,Lukock,slukockhi@prnewswire.com,6,Académica,Medio,Media académica,Bajo,12/6/2004,Bajo,true,8/27/2001,Otro,9/13/2006,Económica,8/14/2007,true
785075,Parnell,Chippin,pchippinhj@elpais.com,6,Económica,Medio,Media académica,Medio,7/3/2003,Muy Bajo,true,1/29/2014,Talleres psicosociales,1/19/2012,Psicosocial,1/31/2003,false
463284,Tadeo,Gwatkins,tgwatkinshk@nih.gov,4,Académica,Medio,Media académica,Medio,7/10/2001,Muy Bajo,true,3/1/2000,Otro,9/2/2013,Económica,2/10/2009,false
987670,Noak,Gandley,ngandleyhl@wiley.com,4,Múltiple,Alto,Nuevo,Medio,4/7/2012,Medio,false,1/11/2022,Asesoría grupal,9/23/2020,Psicosocial,1/27/2001,true
751248,Tiebold,Frantzeni,tfrantzenihm@123-reg.co.uk,1,Múltiple,Medio,Nuevo,Medio,,Medio,true,2/13/2009,Terapia individual,12/26/2020,Múltiple,9/16/2013,false
99005,Michaela,Fowler,mfowlerhn@huffingtonpost.com,7,Múltiple,Bajo,Nuevo,Medio,2/10/2022,Alto,true,12/18/2001,Talleres psicosociales,11/9/2011,Económica,6/9/2018,true
496368,Silas,Maun,smaunho@seattletimes.com,9,Académica,Medio,Admitido,Medio,3/28/2006,Bajo,false,11/9/2008,Otro,7/26/2021,Psicosocial,4/15/2014,false
284507,Bobbie,Serck,bserckhp@a8.net,6,Múltiple,Muy alto,Media académica,Alto,8/5/2009,Medio,false,5/20/2000,Talleres psicosociales,3/29/2020,Económica,3/3/2008,true
953916,Karlotta,Culbert,kculberthq@wix.com,1,Económica,Alto,Media académica,Bajo,5/24/2008,Medio,true,9/18/2009,Terapia individual,9/19/2011,Múltiple,4/10/2017,false
230313,Jerrilyn,Nials,jnialshr@ucoz.com,4,Psicosocial,Muy bajo,Media académica,Alto,8/6/2003,Medio,false,8/9/2011,Terapia individual,9/14/2016,Académica,6/23/2011,false
144424,Teriann,Broadis,tbroadishs@marriott.com,6,Económica,Medio,Admitido,Alto,11/9/2002,Muy Bajo,false,11/23/2016,Actividades de autocuidado,7/5/2015,Múltiple,7/7/2010,false
785069,Engelbert,Jordeson,ejordesonht@auda.org.au,3,Psicosocial,Muy bajo,Nuevo,Alto,10/12/2002,Medio,true,11/22/2008,Asesoría grupal,10/30/2017,Múltiple,11/15/2010,true
186165,Marco,Booi,mbooihu@jimdo.com,1,Psicosocial,Muy alto,Admitido,Bajo,9/5/2006,Alto,true,1/4/2006,Talleres psicosociales,4/6/2012,Académica,11/29/2013,false
813795,Alverta,Hogben,ahogbenhv@edublogs.org,3,Psicosocial,Bajo,Media académica,Medio,2/7/2001,Muy Bajo,false,4/25/2002,Actividades de autocuidado,2/20/2005,Múltiple,12/28/2017,true
868303,Geoff,Rochewell,grochewellhw@goodreads.com,7,Psicosocial,Alto,Admitido,Medio,3/12/2006,Medio,true,5/13/2014,Asesoría grupal,7/31/2005,Psicosocial,9/24/2003,true
982042,Benji,Heiden,bheidenhx@delicious.com,9,Psicosocial,Muy alto,Media académica,Bajo,11/18/2020,Alto,true,4/7/2011,Actividades de autocuidado,9/25/2018,Múltiple,6/10/2022,false
10991,Elene,McCool,emccoolhy@freewebs.com,3,Académica,Muy bajo,Nuevo,Bajo,10/17/2010,Muy Bajo,true,5/13/2017,Talleres psicosociales,10/1/2022,Económica,1/27/2011,false
392656,Kurtis,Schwandner,kschwandnerhz@tiny.cc,5,Múltiple,Muy bajo,Media académica,Bajo,3/10/2018,Medio,false,8/15/2002,Terapia individual,1/14/2010,Económica,4/17/2013,true
421473,Paxon,Buttel,pbutteli0@a8.net,8,Psicosocial,Muy alto,Nuevo,Medio,12/23/2020,Muy Bajo,false,9/5/2005,Terapia individual,9/23/2000,Académica,12/21/2006,true
602523,Edgardo,McDiarmid,emcdiarmidi1@boston.com,7,Académica,Muy bajo,Admitido,Alto,9/9/2012,Alto,false,4/17/2015,Asesoría grupal,2/5/2019,Psicosocial,8/16/2016,false
42991,Min,Cutsforth,mcutsforthi2@yandex.ru,5,Múltiple,Muy alto,Admitido,Alto,12/1/2011,Alto,true,12/28/2009,Talleres psicosociales,1/22/2001,Académica,8/26/2013,true
535029,Emilio,Rundle,erundlei3@ocn.ne.jp,1,Económica,Alto,Nuevo,Medio,6/13/2021,Medio,false,6/19/2013,Asesoría grupal,7/14/2006,Múltiple,5/7/2002,true
424859,Norma,Edgcombe,nedgcombei4@marriott.com,7,Múltiple,Bajo,Media académica,Alto,6/15/2006,Medio,false,3/31/2016,Otro,10/11/2018,Económica,7/15/2004,true
731437,Scot,Fontin,sfontini5@slate.com,6,Académica,Alto,Media académica,Bajo,9/25/2000,Alto,false,2/24/2014,Actividades de autocuidado,11/20/2001,Múltiple,10/24/2005,false
918370,Doralia,Sarfat,dsarfati6@weebly.com,8,Económica,Alto,Admitido,Medio,,Muy Bajo,false,3/12/2022,Otro,4/22/2020,Académica,6/20/2015,false
92538,Angeline,Doddrell,adoddrelli7@home.pl,2,Psicosocial,Muy bajo,Admitido,Alto,12/23/2008,Bajo,false,8/30/2001,Asesoría grupal,10/15/2008,Académica,8/17/2005,true
814904,Jeannette,Clingan,jclingani8@msu.edu,4,Académica,Alto,Admitido,Bajo,10/7/2001,Medio,false,10/5/2013,Actividades de autocuidado,10/6/2004,Psicosocial,4/1/2001,true
171931,Sharline,Perry,sperryi9@bbc.co.uk,2,Económica,Medio,Admitido,Medio,6/19/2010,Alto,false,6/10/2013,Talleres psicosociales,9/14/2015,Académica,10/23/2003,false
358942,Filippa,Winchcombe,fwinchcombeia@cisco.com,10,Económica,Medio,Nuevo,Medio,4/30/2005,Alto,false,9/4/2020,Actividades de autocuidado,2/20/2003,Múltiple,2/18/2018,true
481414,Meridith,Godly,mgodlyib@google.co.jp,6,Económica,Muy bajo,Admitido,Medio,5/25/2018,Alto,false,9/5/2004,Asesoría grupal,7/8/2018,Múltiple,7/17/2001,true
712171,Bibbye,Shead,bsheadic@cyberchimps.com,9,Múltiple,Alto,Admitido,Alto,1/2/2009,Alto,false,6/2/2020,Talleres psicosociales,12/7/2005,Psicosocial,6/14/2015,false
947062,Peirce,Brehault,pbrehaultid@cocolog-nifty.com,10,Psicosocial,Muy alto,Admitido,Medio,10/16/2011,Bajo,true,1/6/2008,Talleres psicosociales,6/26/2008,Económica,7/26/2003,true
343519,Michale,Beaton,mbeatonie@uiuc.edu,4,Psicosocial,Medio,Admitido,Medio,12/30/2017,Muy Bajo,false,12/15/2016,Talleres psicosociales,1/1/2001,Económica,1/4/2011,false
336283,Noella,Osgar,nosgarif@pbs.org,3,Económica,Muy bajo,Admitido,Medio,1/22/2004,Alto,false,8/6/2005,Terapia individual,1/3/2008,Académica,12/18/2003,false
354896,Dacia,Greenless,dgreenlessig@ihg.com,8,Múltiple,Medio,Admitido,Alto,1/31/2001,Bajo,false,7/17/2006,Actividades de autocuidado,1/4/2005,Económica,10/31/2010,false
777978,Virginie,Stafford,vstaffordih@nba.com,8,Académica,Muy bajo,Nuevo,Medio,10/14/2007,Medio,false,6/10/2013,Otro,5/19/2010,Académica,3/6/2022,false
113138,Bob,Tancock,btancockii@addthis.com,9,Múltiple,Bajo,Nuevo,Bajo,6/22/2016,Muy Bajo,false,2/15/2016,Talleres psicosociales,9/23/2004,Múltiple,5/3/2020,false
313110,Dorena,Tuttiett,dtuttiettij@ocn.ne.jp,4,Académica,Muy bajo,Admitido,Medio,2/21/2002,Muy Bajo,true,1/10/2009,Terapia individual,4/30/2022,Psicosocial,9/27/2004,false
816325,Griffy,Nesby,gnesbyik@guardian.co.uk,4,Psicosocial,Muy bajo,Nuevo,Bajo,10/25/2010,Alto,false,7/21/2003,Terapia individual,1/30/2003,Psicosocial,12/15/2004,false
191380,Ephrem,Urpeth,eurpethil@homestead.com,7,Económica,Alto,Nuevo,Bajo,1/6/2008,Muy Bajo,true,7/3/2017,Otro,8/28/2015,Múltiple,12/26/2018,false
864697,Mara,Van der Merwe,mvandermerweim@imageshack.us,10,Económica,Alto,Media académica,Medio,12/14/2022,Bajo,false,3/9/2009,Talleres psicosociales,3/10/2002,Psicosocial,7/19/2008,false
297152,Gerrie,Gorvin,ggorvinin@ox.ac.uk,10,Múltiple,Bajo,Admitido,Medio,6/4/2000,Alto,false,11/17/2017,Asesoría grupal,6/1/2018,Económica,11/6/2015,false
179178,Casey,Cheasman,ccheasmanio@blogspot.com,8,Económica,Muy alto,Admitido,Alto,7/14/2009,Alto,false,12/28/2005,Otro,5/3/2004,Múltiple,4/12/2014,true
593617,Griffin,Drew-Clifton,gdrewcliftonip@dedecms.com,7,Múltiple,Muy alto,Media académica,Medio,3/5/2004,Bajo,false,6/13/2010,Actividades de autocuidado,9/30/2007,Múltiple,3/11/2018,true
49160,Nobie,Poley,npoleyiq@usatoday.com,10,Psicosocial,Medio,Nuevo,Medio,,Alto,false,12/12/2010,Terapia individual,2/2/2014,Psicosocial,4/10/2013,true
762343,Felicdad,MacDermid,fmacdermidir@scribd.com,4,Múltiple,Alto,Nuevo,Medio,12/17/2017,Bajo,false,12/3/2010,Talleres psicosociales,10/1/2019,Económica,1/17/2015,false
956594,Randal,Harrap,rharrapis@aol.com,5,Múltiple,Alto,Media académica,Alto,12/31/2003,Muy Bajo,true,11/23/2012,Terapia individual,8/4/2022,Académica,7/30/2004,true
294068,Ransom,Frise,rfriseit@goo.gl,3,Múltiple,Bajo,Admitido,Bajo,12/2/2001,Medio,true,12/10/2019,Actividades de autocuidado,12/28/2016,Académica,1/2/2016,false
345624,Regine,Kaming,rkamingiu@topsy.com,3,Psicosocial,Muy alto,Media académica,Alto,1/3/2020,Muy Bajo,true,4/18/2022,Actividades de autocuidado,11/21/2015,Académica,5/14/2014,false
769859,Mariele,Mowles,mmowlesiv@dell.com,10,Económica,Bajo,Admitido,Bajo,1/14/2011,Medio,false,4/2/2007,Otro,4/30/2002,Múltiple,12/15/2003,true
5724,Leeland,Baldacchino,lbaldacchinoiw@usa.gov,1,Psicosocial,Bajo,Nuevo,Alto,9/15/2001,Alto,true,10/9/2008,Talleres psicosociales,7/25/2004,Múltiple,12/10/2006,true
289103,Brit,Corstan,bcorstanix@sitemeter.com,5,Económica,Alto,Media académica,Alto,1/29/2013,Muy Bajo,false,12/8/2004,Terapia individual,6/4/2010,Psicosocial,1/18/2004,true
367331,Theodora,Greenfield,tgreenfieldiy@europa.eu,3,Múltiple,Alto,Nuevo,Alto,10/12/2003,Muy Bajo,true,9/9/2020,Otro,2/25/2016,Psicosocial,1/6/2006,false
447023,Rich,Petrulis,rpetrulisiz@wix.com,6,Académica,Medio,Nuevo,Bajo,12/27/2017,Medio,true,6/15/2020,Terapia individual,3/13/2006,Académica,2/2/2020,true
958738,Venita,Grzelczak,vgrzelczakj0@youku.com,1,Psicosocial,Bajo,Media académica,Alto,10/23/2005,Alto,false,7/28/2011,Terapia individual,8/6/2013,Múltiple,1/10/2014,false
376447,Trescha,Duberry,tduberryj1@phoca.cz,7,Académica,Alto,Nuevo,Bajo,10/10/2005,Bajo,true,6/8/2017,Otro,1/14/2002,Psicosocial,5/11/2020,false
790842,Nicola,Abbotson,nabbotsonj2@exblog.jp,7,Psicosocial,Bajo,Media académica,Medio,4/5/2010,Alto,false,3/27/2015,Asesoría grupal,10/6/2013,Económica,3/14/2007,false
527794,Nichols,Mullinger,nmullingerj3@aol.com,7,Económica,Bajo,Admitido,Medio,8/2/2005,Medio,false,9/8/2001,Otro,11/3/2011,Económica,8/17/2018,false
177200,Araldo,Gershom,agershomj4@canalblog.com,10,Económica,Muy bajo,Nuevo,Alto,10/6/2004,Alto,false,8/2/2010,Asesoría grupal,8/15/2002,Múltiple,7/16/2001,true
282650,Roxane,Marson,rmarsonj5@indiegogo.com,7,Múltiple,Medio,Media académica,Medio,1/30/2002,Muy Bajo,false,3/19/2003,Otro,12/15/2002,Múltiple,4/24/2021,false
188898,Bill,Montes,bmontesj6@chron.com,4,Académica,Bajo,Admitido,Bajo,1/23/2015,Medio,true,4/23/2020,Actividades de autocuidado,4/1/2003,Psicosocial,12/10/2004,false
900312,Lucky,Glennie,lglenniej7@feedburner.com,1,Académica,Muy bajo,Media académica,Alto,7/21/2002,Muy Bajo,false,5/20/2002,Terapia individual,6/26/2016,Académica,4/8/2000,true
437132,Flory,Angrove,fangrovej8@csmonitor.com,9,Psicosocial,Alto,Admitido,Medio,12/31/2020,Muy Bajo,true,7/27/2016,Otro,4/23/2004,Académica,2/7/2004,true
944379,Debera,Farrow,dfarrowj9@dedecms.com,2,Económica,Medio,Admitido,Medio,6/22/2000,Bajo,true,9/13/2022,Otro,5/25/2006,Psicosocial,1/5/2020,true
251406,Victoir,Dyble,vdybleja@who.int,3,Psicosocial,Medio,Media académica,Alto,7/19/2009,Alto,false,8/9/2016,Actividades de autocuidado,11/17/2001,Psicosocial,8/8/2010,false
977686,Orlan,Eddy,oeddyjb@latimes.com,2,Académica,Medio,Nuevo,Bajo,8/10/2013,Muy Bajo,true,6/21/2012,Otro,10/12/2004,Múltiple,10/27/2020,false
841229,Madella,Birkinshaw,mbirkinshawjc@arizona.edu,3,Económica,Muy alto,Nuevo,Bajo,2/26/2014,Bajo,false,5/6/2003,Actividades de autocuidado,1/19/2022,Múltiple,4/18/2017,true
542372,Marilyn,Drewe,mdrewejd@istockphoto.com,3,Múltiple,Medio,Media académica,Medio,12/7/2013,Bajo,false,1/5/2009,Asesoría grupal,7/13/2016,Múltiple,2/23/2000,false
606222,Sherill,Paterno,spaternoje@china.com.cn,8,Académica,Alto,Admitido,Alto,8/1/2019,Alto,false,2/7/2012,Asesoría grupal,11/9/2002,Económica,7/9/2011,false
86862,Alasdair,Chesworth,achesworthjf@buzzfeed.com,6,Psicosocial,Muy alto,Media académica,Bajo,6/30/2006,Bajo,true,5/30/2002,Talleres psicosociales,3/2/2011,Económica,7/4/2000,true
494626,Livia,Babalola,lbabalolajg@youku.com,3,Académica,Bajo,Media académica,Bajo,4/5/2009,Bajo,false,4/25/2015,Asesoría grupal,3/21/2000,Académica,2/15/2017,true
24386,Aileen,Illidge,aillidgejh@dropbox.com,2,Económica,Muy bajo,Nuevo,Bajo,3/21/2020,Alto,true,6/25/2022,Otro,1/2/2021,Psicosocial,9/1/2001,false
759185,Reginauld,Gout,rgoutji@hc360.com,8,Económica,Alto,Media académica,Medio,7/28/2009,Bajo,false,2/21/2020,Talleres psicosociales,3/9/2017,Académica,6/17/2007,true
816422,Leupold,Plampeyn,lplampeynjj@naver.com,3,Académica,Medio,Admitido,Alto,10/9/2015,Bajo,true,9/13/2016,Otro,4/2/2017,Académica,11/12/2017,true
453099,Karla,Stubbley,kstubbleyjk@flickr.com,1,Psicosocial,Muy bajo,Media académica,Medio,8/28/2012,Bajo,false,10/4/2005,Asesoría grupal,7/27/2005,Académica,11/27/2005,false
106534,Teador,Brislane,tbrislanejl@cisco.com,10,Económica,Medio,Admitido,Medio,6/3/2008,Medio,true,7/10/2006,Talleres psicosociales,5/22/2008,Académica,3/6/2008,false
365927,Jody,Claricoates,jclaricoatesjm@ask.com,5,Psicosocial,Medio,Admitido,Bajo,4/8/2015,Alto,true,7/16/2020,Actividades de autocuidado,6/25/2022,Psicosocial,1/23/2004,true
984206,Cherie,Shore,cshorejn@globo.com,10,Múltiple,Bajo,Media académica,Bajo,8/18/2016,Alto,true,11/7/2004,Asesoría grupal,4/23/2022,Psicosocial,1/22/2005,false
782663,Westley,Anglim,wanglimjo@zimbio.com,1,Múltiple,Alto,Nuevo,Medio,,Muy Bajo,true,10/25/2003,Talleres psicosociales,9/8/2006,Académica,10/29/2008,true
901625,Tait,Hutcheon,thutcheonjp@imageshack.us,5,Económica,Medio,Admitido,Alto,9/28/2017,Alto,false,4/20/2009,Asesoría grupal,2/27/2017,Múltiple,4/9/2009,true
360822,Sallee,Saipy,ssaipyjq@desdev.cn,7,Económica,Medio,Admitido,Medio,2/28/2004,Bajo,false,9/21/2009,Talleres psicosociales,1/14/2021,Psicosocial,7/25/2013,false
126535,Agnese,Klimkiewich,aklimkiewichjr@berkeley.edu,6,Psicosocial,Muy bajo,Nuevo,Alto,3/31/2020,Bajo,true,6/15/2016,Talleres psicosociales,9/25/2004,Psicosocial,12/17/2018,false
914604,Ardene,Reasun,areasunjs@imdb.com,10,Psicosocial,Muy bajo,Nuevo,Medio,6/25/2014,Alto,false,3/5/2016,Asesoría grupal,10/17/2009,Económica,10/26/2003,true
723673,Vincent,Feavyour,vfeavyourjt@symantec.com,10,Económica,Bajo,Admitido,Alto,1/9/2017,Bajo,true,11/8/2000,Otro,2/5/2020,Económica,10/15/2004,false
935599,Nester,Dunphie,ndunphieju@cbsnews.com,3,Económica,Alto,Nuevo,Bajo,10/20/2013,Muy Bajo,true,6/10/2000,Talleres psicosociales,3/19/2009,Psicosocial,4/28/2012,false
374887,Rebecca,Sinott,rsinottjv@arizona.edu,6,Psicosocial,Muy alto,Nuevo,Alto,4/18/2017,Medio,true,12/30/2019,Actividades de autocuidado,10/2/2018,Económica,9/21/2001,true
253713,Elle,Raccio,eracciojw@aboutads.info,9,Académica,Muy bajo,Admitido,Medio,6/23/2011,Medio,false,6/28/2005,Terapia individual,2/7/2001,Académica,8/22/2003,false
914358,Rogerio,Donegan,rdoneganjx@hud.gov,2,Académica,Muy alto,Media académica,Alto,10/21/2012,Medio,false,4/25/2005,Actividades de autocuidado,6/3/2011,Económica,11/13/2020,true
617086,Sybilla,Woolstenholmes,swoolstenholmesjy@mit.edu,1,Psicosocial,Medio,Media académica,Medio,3/22/2010,Medio,true,5/13/2013,Terapia individual,1/14/2000,Múltiple,2/7/2000,false
178089,Brion,Manginot,bmanginotjz@jalbum.net,3,Psicosocial,Alto,Admitido,Bajo,5/28/2022,Alto,true,2/5/2015,Asesoría grupal,11/26/2019,Psicosocial,5/23/2022,false
749445,Sissy,Varian,svariank0@furl.net,4,Económica,Alto,Admitido,Bajo,,Bajo,false,2/13/2013,Otro,4/6/2002,Psicosocial,7/30/2009,true
731849,Erskine,Pinnocke,epinnockek1@dropbox.com,9,Económica,Medio,Media académica,Bajo,7/21/2008,Muy Bajo,false,5/14/2002,Asesoría grupal,5/10/2014,Psicosocial,1/18/2003,true
857991,Milka,Bolin,mbolink2@walmart.com,7,Económica,Alto,Nuevo,Medio,12/10/2011,Bajo,true,9/7/2005,Terapia individual,4/18/2014,Múltiple,2/27/2002,true
422006,Sada,Arangy,sarangyk3@rambler.ru,4,Psicosocial,Bajo,Media académica,Medio,4/7/2005,Muy Bajo,true,10/19/2002,Terapia individual,10/22/2014,Económica,2/19/2000,true
974235,Dominique,Iglesia,diglesiak4@shutterfly.com,8,Económica,Medio,Admitido,Alto,,Medio,true,3/19/2008,Otro,3/10/2006,Psicosocial,7/9/2019,false
506778,Ferdy,Greenslade,fgreensladek5@chron.com,10,Psicosocial,Muy bajo,Media académica,Medio,4/7/2020,Bajo,false,3/7/2014,Talleres psicosociales,6/17/2022,Académica,11/21/2008,false
347128,Rebekah,Garraway,rgarrawayk6@icq.com,8,Psicosocial,Alto,Admitido,Alto,11/15/2017,Muy Bajo,true,4/12/2012,Asesoría grupal,9/4/2005,Económica,3/6/2004,false
948829,Jehanna,Rosita,jrositak7@spiegel.de,3,Múltiple,Muy bajo,Media académica,Alto,12/26/2005,Muy Bajo,false,6/24/2010,Talleres psicosociales,8/13/2002,Académica,8/6/2015,true
717735,Noby,Truelock,ntruelockk8@redcross.org,6,Académica,Medio,Admitido,Medio,8/23/2015,Bajo,true,1/31/2021,Talleres psicosociales,8/26/2013,Psicosocial,7/4/2013,false
597780,Buckie,Farrand,bfarrandk9@alexa.com,8,Psicosocial,Medio,Admitido,Bajo,6/29/2016,Alto,true,3/6/2001,Terapia individual,9/22/2012,Múltiple,11/27/2000,false
251128,Davy,Martugin,dmartuginka@tamu.edu,7,Económica,Medio,Admitido,Bajo,11/14/2020,Alto,true,3/23/2020,Actividades de autocuidado,4/29/2012,Académica,11/26/2006,false
473636,Filmore,Dobinson,fdobinsonkb@cocolog-nifty.com,1,Académica,Alto,Admitido,Alto,3/21/2011,Alto,true,12/5/2018,Actividades de autocuidado,5/18/2004,Psicosocial,9/26/2019,true
944133,Rani,Struther,rstrutherkc@hp.com,1,Psicosocial,Muy alto,Media académica,Bajo,2/20/2000,Medio,true,10/29/2009,Otro,4/7/2012,Económica,6/27/2017,true
831509,Cordell,Doggerell,cdoggerellkd@europa.eu,4,Económica,Muy bajo,Media académica,Bajo,8/30/2014,Medio,false,6/29/2013,Terapia individual,6/29/2014,Académica,2/6/2011,true
511895,Brock,Newtown,bnewtownke@paypal.com,5,Psicosocial,Muy alto,Media académica,Alto,,Bajo,false,1/13/2018,Terapia individual,9/16/2002,Psicosocial,2/25/2012,false
374148,Letisha,Beekman,lbeekmankf@seattletimes.com,7,Psicosocial,Muy alto,Media académica,Medio,7/30/2001,Bajo,true,2/20/2019,Talleres psicosociales,11/7/2001,Académica,3/19/2018,false
246127,Rowen,Moulson,rmoulsonkg@freewebs.com,4,Económica,Bajo,Admitido,Bajo,12/10/2006,Medio,true,10/8/2006,Talleres psicosociales,5/26/2004,Económica,1/20/2021,false
96890,Joyous,Slate,jslatekh@scribd.com,3,Psicosocial,Medio,Media académica,Alto,5/19/2021,Bajo,false,12/9/2005,Talleres psicosociales,1/12/2016,Psicosocial,3/4/2022,false
768065,Wally,Abrahamovitz,wabrahamovitzki@businessinsider.com,10,Psicosocial,Bajo,Media académica,Bajo,,Medio,false,6/7/2007,Actividades de autocuidado,4/28/2001,Económica,3/2/2013,false
122220,Renado,Pinel,rpinelkj@simplemachines.org,7,Académica,Muy alto,Media académica,Medio,6/4/2001,Muy Bajo,true,6/27/2009,Actividades de autocuidado,11/10/2017,Económica,11/28/2008,true
104275,Kevin,Corps,kcorpskk@oakley.com,1,Múltiple,Alto,Media académica,Bajo,11/10/2010,Alto,false,1/21/2018,Talleres psicosociales,5/16/2013,Académica,1/10/2019,false
230308,Michelina,Franscioni,mfranscionikl@histats.com,9,Múltiple,Medio,Admitido,Bajo,11/19/2012,Alto,true,12/30/2020,Terapia individual,6/28/2007,Económica,1/24/2012,true
436334,Korrie,Hannan,khannankm@spotify.com,2,Múltiple,Alto,Media académica,Medio,9/17/2015,Bajo,true,5/23/2010,Otro,12/5/2019,Académica,11/28/2002,false
143622,Carol,Ebbings,cebbingskn@plala.or.jp,8,Económica,Bajo,Admitido,Alto,11/25/2002,Alto,true,8/4/2008,Otro,9/2/2011,Psicosocial,1/23/2010,true
919682,Anitra,Mc Grath,amcgrathko@fastcompany.com,5,Económica,Alto,Media académica,Alto,1/18/2014,Alto,false,6/29/2001,Otro,9/12/2007,Académica,11/29/2006,false
152408,Linell,Downham,ldownhamkp@youtube.com,2,Psicosocial,Alto,Media académica,Alto,10/14/2010,Alto,true,10/6/2002,Terapia individual,11/12/2006,Psicosocial,2/23/2013,true
940923,Berke,Clapston,bclapstonkq@mayoclinic.com,10,Económica,Muy bajo,Admitido,Alto,2/25/2002,Muy Bajo,false,4/6/2017,Terapia individual,10/8/2012,Económica,2/17/2009,true
617278,Marji,Clague,mclaguekr@google.cn,6,Económica,Medio,Admitido,Bajo,5/21/2016,Medio,false,9/16/2017,Actividades de autocuidado,7/29/2020,Psicosocial,7/6/2011,true
851243,Kennett,Ping,kpingks@latimes.com,6,Psicosocial,Medio,Media académica,Bajo,3/8/2021,Bajo,true,4/27/2007,Asesoría grupal,11/6/2022,Psicosocial,10/17/2019,true
193930,Modesty,Brierton,mbriertonkt@youtu.be,7,Múltiple,Medio,Nuevo,Alto,9/7/2009,Alto,true,11/27/2007,Terapia individual,9/30/2004,Psicosocial,9/9/2019,false
180594,Kenneth,Berney,kberneyku@de.vu,9,Múltiple,Muy alto,Nuevo,Medio,8/18/2000,Medio,false,3/28/2000,Otro,8/16/2012,Académica,4/19/2018,false
273584,Meara,Dedham,mdedhamkv@theglobeandmail.com,4,Psicosocial,Muy alto,Media académica,Bajo,7/25/2019,Muy Bajo,false,4/25/2003,Talleres psicosociales,3/14/2017,Económica,7/4/2009,true
378449,Ramsey,Jaspar,rjasparkw@nasa.gov,1,Económica,Muy alto,Nuevo,Alto,12/4/2006,Alto,true,4/13/2001,Otro,7/9/2004,Psicosocial,2/19/2013,false
23359,Lenee,Treasaden,ltreasadenkx@nsw.gov.au,9,Económica,Medio,Media académica,Bajo,12/13/2008,Alto,false,6/24/2012,Terapia individual,6/19/2000,Económica,11/17/2018,true
712561,Farrell,Pardy,fpardyky@mlb.com,7,Económica,Bajo,Admitido,Medio,12/18/2017,Bajo,true,2/20/2005,Actividades de autocuidado,1/22/2009,Psicosocial,8/20/2020,false
282250,Ansell,Dimitriou,adimitrioukz@artisteer.com,10,Académica,Bajo,Admitido,Alto,7/1/2009,Muy Bajo,true,5/14/2006,Otro,9/11/2001,Económica,11/22/2002,true
964632,Lynda,Hamblington,lhamblingtonl0@shinystat.com,8,Económica,Medio,Nuevo,Medio,7/16/2013,Alto,false,7/20/2001,Actividades de autocuidado,5/27/2015,Económica,8/25/2002,false
922631,Annabella,Manneville,amannevillel1@nsw.gov.au,4,Múltiple,Muy bajo,Media académica,Medio,5/13/2002,Alto,true,8/23/2001,Terapia individual,5/17/2008,Académica,9/18/2001,true
563704,Trent,Dimnage,tdimnagel2@dropbox.com,8,Múltiple,Bajo,Admitido,Bajo,10/15/2011,Muy Bajo,false,8/6/2005,Talleres psicosociales,6/29/2020,Psicosocial,5/31/2014,true
816191,Janith,Aldhous,jaldhousl3@deviantart.com,5,Múltiple,Alto,Nuevo,Bajo,4/3/2012,Alto,false,4/24/2019,Talleres psicosociales,2/28/2004,Académica,12/23/2013,false
597607,Witty,Jozwicki,wjozwickil4@wsj.com,5,Económica,Bajo,Nuevo,Alto,2/4/2003,Bajo,true,12/24/2015,Terapia individual,3/28/2000,Académica,7/16/2018,false
260380,Katalin,Milesap,kmilesapl5@1688.com,9,Académica,Medio,Nuevo,Bajo,5/24/2017,Alto,true,8/5/2021,Otro,3/2/2000,Psicosocial,9/30/2010,true
318701,Gerrie,Kemmey,gkemmeyl6@wufoo.com,9,Psicosocial,Alto,Nuevo,Medio,10/17/2007,Bajo,false,10/1/2009,Actividades de autocuidado,10/21/2018,Académica,2/8/2005,true
507288,Kirby,Sinisbury,ksinisburyl7@bluehost.com,9,Económica,Alto,Admitido,Bajo,4/3/2015,Alto,true,1/28/2012,Actividades de autocuidado,7/19/2018,Múltiple,1/13/2018,true
663175,Bondon,Nodes,bnodesl8@webnode.com,8,Psicosocial,Bajo,Nuevo,Medio,12/25/2021,Muy Bajo,false,2/12/2005,Terapia individual,10/7/2022,Psicosocial,4/26/2021,false
757384,Guenna,Plum,gpluml9@facebook.com,7,Económica,Muy alto,Admitido,Bajo,5/1/2006,Alto,false,12/4/2008,Talleres psicosociales,1/23/2011,Psicosocial,7/27/2017,false
917189,Barbee,Westby,bwestbyla@gravatar.com,2,Académica,Muy bajo,Media académica,Medio,1/15/2014,Alto,true,10/27/2021,Terapia individual,4/28/2000,Económica,5/5/2014,false
829202,Pen,Benterman,pbentermanlb@etsy.com,5,Psicosocial,Alto,Admitido,Bajo,5/28/2018,Muy Bajo,true,4/23/2004,Actividades de autocuidado,5/4/2000,Económica,3/6/2005,true
89550,Cilka,Butlin,cbutlinlc@ning.com,4,Psicosocial,Muy bajo,Media académica,Medio,10/1/2013,Bajo,false,3/7/2012,Actividades de autocuidado,2/26/2016,Económica,10/26/2018,false
779589,Cherrita,Hamnett,chamnettld@fda.gov,7,Académica,Muy alto,Nuevo,Medio,1/13/2020,Bajo,true,4/28/2001,Actividades de autocuidado,3/6/2017,Económica,12/15/2012,false
190179,Lindsey,Golden of Ireland,lgoldenofirelandle@tripadvisor.com,8,Económica,Bajo,Nuevo,Bajo,12/10/2008,Alto,false,11/9/2018,Actividades de autocuidado,3/28/2021,Académica,3/14/2006,true
387862,Chickie,Hubbert,chubbertlf@cargocollective.com,9,Económica,Alto,Media académica,Bajo,2/20/2019,Muy Bajo,false,4/17/2000,Terapia individual,5/27/2005,Académica,6/23/2022,true
224540,Gardner,Aveyard,gaveyardlg@theguardian.com,10,Múltiple,Alto,Admitido,Alto,,Medio,false,5/12/2002,Talleres psicosociales,1/16/2021,Económica,5/13/2014,false
606665,Gillian,Bentz,gbentzlh@census.gov,2,Económica,Muy bajo,Admitido,Alto,4/23/2001,Alto,false,7/30/2018,Actividades de autocuidado,2/22/2011,Económica,5/5/2010,true
441605,Goldy,Corp,gcorpli@google.com,1,Múltiple,Muy bajo,Nuevo,Medio,9/2/2014,Bajo,false,8/18/2014,Actividades de autocuidado,11/29/2012,Académica,10/24/2010,true
499678,Lethia,Clappison,lclappisonlj@house.gov,7,Económica,Alto,Admitido,Bajo,5/17/2016,Alto,false,9/3/2011,Terapia individual,9/30/2004,Psicosocial,1/2/2022,false
546432,Annaliese,Nowland,anowlandlk@psu.edu,8,Múltiple,Muy bajo,Admitido,Medio,7/26/2012,Alto,false,7/18/2012,Terapia individual,6/22/2006,Múltiple,11/19/2014,true
295708,Ardelia,Toplin,atoplinll@scribd.com,2,Múltiple,Alto,Nuevo,Bajo,10/17/2000,Bajo,false,10/28/2011,Asesoría grupal,2/3/2019,Psicosocial,11/27/2017,true
893860,Selig,Broy,sbroylm@nydailynews.com,3,Múltiple,Bajo,Nuevo,Medio,10/12/2006,Alto,true,10/15/2004,Talleres psicosociales,7/30/2007,Múltiple,12/7/2011,false
563786,Clem,Jentges,cjentgesln@1und1.de,6,Económica,Muy alto,Admitido,Alto,10/1/2003,Bajo,false,2/14/2004,Talleres psicosociales,6/6/2002,Académica,1/21/2006,true
543690,Logan,Baldin,lbaldinlo@gravatar.com,5,Psicosocial,Muy bajo,Admitido,Bajo,3/24/2002,Bajo,true,4/13/2002,Otro,10/11/2003,Económica,9/18/2004,false
826528,Emalia,Boundey,eboundeylp@cornell.edu,10,Académica,Muy alto,Media académica,Medio,1/26/2013,Alto,false,12/12/2006,Asesoría grupal,4/15/2005,Psicosocial,10/19/2008,true
595808,Lise,Matts,lmattslq@aboutads.info,6,Económica,Muy bajo,Nuevo,Medio,2/23/2002,Medio,true,3/25/2019,Otro,3/26/2002,Económica,6/20/2002,true
836961,Baxie,Bunney,bbunneylr@apache.org,9,Económica,Medio,Media académica,Bajo,12/11/2016,Muy Bajo,true,8/27/2022,Asesoría grupal,12/1/2017,Psicosocial,2/17/2006,false
868257,Lillis,Willmot,lwillmotls@miitbeian.gov.cn,9,Económica,Medio,Nuevo,Alto,9/23/2013,Muy Bajo,true,9/9/2017,Terapia individual,7/9/2006,Psicosocial,3/22/2003,false
384478,Hewett,MacDearmaid,hmacdearmaidlt@g.co,10,Psicosocial,Bajo,Admitido,Alto,10/25/2009,Medio,true,5/30/2014,Otro,1/2/2021,Académica,3/25/2006,false
314754,Ruth,Deverille,rdeverillelu@hugedomains.com,1,Académica,Bajo,Admitido,Bajo,8/4/2022,Alto,true,7/12/2014,Otro,10/13/2015,Económica,4/26/2003,true
452827,Larine,Merriday,lmerridaylv@va.gov,3,Económica,Muy bajo,Media académica,Medio,8/3/2000,Muy Bajo,true,1/10/2011,Terapia individual,10/7/2010,Psicosocial,3/14/2000,false
289692,Cori,Bourgaize,cbourgaizelw@canalblog.com,1,Académica,Medio,Nuevo,Alto,2/2/2013,Medio,true,9/9/2015,Asesoría grupal,12/2/2004,Múltiple,7/14/2003,false
638151,Marlee,Extill,mextilllx@rambler.ru,1,Académica,Muy bajo,Nuevo,Medio,5/23/2021,Bajo,false,9/27/2005,Asesoría grupal,1/14/2018,Económica,8/15/2019,true
452297,Verne,Wegman,vwegmanly@fema.gov,8,Económica,Muy alto,Nuevo,Alto,7/30/2009,Medio,true,7/25/2022,Actividades de autocuidado,8/5/2016,Psicosocial,9/29/2000,false
926578,Ambrosio,Engall,aengalllz@zdnet.com,3,Económica,Alto,Admitido,Alto,1/29/2000,Medio,false,10/7/2007,Terapia individual,2/26/2007,Múltiple,5/5/2018,true
931925,Almeda,Curman,acurmanm0@google.com.hk,1,Múltiple,Muy alto,Nuevo,Medio,4/4/2003,Muy Bajo,true,12/18/2009,Asesoría grupal,11/6/2013,Psicosocial,4/21/2005,false
471474,Pearla,Lockless,plocklessm1@google.com.hk,7,Académica,Bajo,Media académica,Bajo,6/15/2009,Alto,false,5/4/2009,Talleres psicosociales,8/31/2004,Psicosocial,2/22/2011,true
823486,Sophey,Burgoin,sburgoinm2@latimes.com,8,Psicosocial,Bajo,Nuevo,Medio,3/21/2022,Medio,false,8/12/2017,Terapia individual,7/15/2019,Económica,6/15/2018,true
46050,Sutherlan,Guyot,sguyotm3@webnode.com,1,Psicosocial,Bajo,Media académica,Bajo,4/21/2007,Muy Bajo,true,8/31/2019,Otro,6/30/2007,Múltiple,5/1/2015,true
368372,Leeland,Macauley,lmacauleym4@accuweather.com,5,Psicosocial,Muy alto,Nuevo,Alto,7/19/2004,Bajo,false,9/13/2005,Otro,2/7/2006,Múltiple,6/9/2006,true
444051,Celinda,Muddle,cmuddlem5@mtv.com,10,Académica,Muy alto,Media académica,Medio,3/12/2004,Muy Bajo,false,11/29/2011,Terapia individual,4/3/2010,Económica,4/1/2017,true
175059,Hulda,Wyard,hwyardm6@dedecms.com,1,Psicosocial,Bajo,Media académica,Alto,2/13/2019,Medio,false,8/22/2011,Talleres psicosociales,6/9/2019,Económica,6/5/2015,true
995835,Tallie,Fessler,tfesslerm7@virginia.edu,8,Psicosocial,Alto,Media académica,Bajo,10/7/2003,Medio,false,12/11/2007,Terapia individual,9/10/2011,Múltiple,5/21/2010,true
865350,Levon,MacConnell,lmacconnellm8@globo.com,7,Económica,Muy bajo,Admitido,Alto,4/1/2015,Muy Bajo,false,7/19/2010,Otro,3/3/2003,Múltiple,1/29/2016,true
689901,Berkley,Tidbury,btidburym9@ft.com,4,Psicosocial,Medio,Nuevo,Medio,3/28/2003,Muy Bajo,true,5/11/2007,Talleres psicosociales,7/31/2006,Psicosocial,11/4/2016,true
645871,Vally,Cockshot,vcockshotma@nifty.com,3,Económica,Muy alto,Media académica,Medio,11/30/2007,Bajo,true,9/18/2009,Asesoría grupal,1/14/2002,Psicosocial,8/12/2017,false
557689,Carena,Casham,ccashammb@posterous.com,2,Académica,Bajo,Media académica,Alto,4/8/2017,Muy Bajo,true,4/27/2012,Otro,2/7/2002,Múltiple,3/26/2020,false
359314,Graeme,Kleisel,gkleiselmc@is.gd,1,Psicosocial,Muy alto,Media académica,Medio,8/27/2012,Muy Bajo,false,3/3/2000,Asesoría grupal,1/20/2016,Económica,3/31/2008,true
988461,Donica,Baudinelli,dbaudinellimd@bravesites.com,3,Económica,Bajo,Nuevo,Alto,5/13/2005,Medio,true,5/9/2012,Actividades de autocuidado,1/17/2012,Económica,3/19/2011,true
600319,Haily,Sorrie,hsorrieme@theatlantic.com,9,Académica,Muy bajo,Nuevo,Bajo,4/12/2003,Medio,false,4/2/2003,Terapia individual,2/20/2015,Económica,6/2/2019,false
632172,Celestia,Brastead,cbrasteadmf@odnoklassniki.ru,4,Económica,Medio,Nuevo,Medio,3/7/2010,Bajo,false,10/11/2016,Actividades de autocuidado,12/12/2003,Académica,8/29/2014,true
583829,Finn,Belding,fbeldingmg@purevolume.com,2,Psicosocial,Muy alto,Admitido,Medio,5/6/2015,Alto,false,7/21/2017,Otro,4/21/2010,Psicosocial,3/14/2005,true
814329,Sonny,Draayer,sdraayermh@livejournal.com,7,Económica,Muy alto,Admitido,Medio,3/2/2009,Medio,true,10/19/2017,Otro,8/5/2001,Múltiple,11/17/2010,true
242659,Trudey,McHaffy,tmchaffymi@bloglines.com,6,Económica,Muy bajo,Media académica,Alto,6/15/2012,Alto,false,9/28/2009,Otro,11/20/2013,Psicosocial,2/24/2005,true
255802,Ira,Del Castello,idelcastellomj@fc2.com,8,Psicosocial,Muy bajo,Admitido,Alto,11/21/2001,Muy Bajo,false,2/12/2008,Asesoría grupal,10/12/2001,Múltiple,12/25/2015,true
832947,Ragnar,Brass,rbrassmk@geocities.com,7,Múltiple,Medio,Nuevo,Alto,2/22/2021,Medio,false,7/13/2007,Terapia individual,5/30/2002,Económica,4/7/2010,false
984286,Lauryn,Cours,lcoursml@army.mil,1,Económica,Alto,Media académica,Medio,9/10/2006,Muy Bajo,false,11/26/2011,Asesoría grupal,12/25/2013,Múltiple,5/27/2013,false
488561,Tan,Spinetti,tspinettimm@chron.com,3,Económica,Alto,Nuevo,Medio,1/27/2018,Alto,true,11/16/2006,Terapia individual,12/31/2019,Psicosocial,6/4/2014,false
551426,Lindsey,Moakson,lmoaksonmn@cpanel.net,9,Múltiple,Medio,Media académica,Bajo,8/28/2015,Medio,true,6/25/2018,Asesoría grupal,3/12/2003,Económica,9/26/2007,false
378980,Lin,Olifard,lolifardmo@marriott.com,6,Psicosocial,Medio,Admitido,Medio,,Bajo,false,2/10/2008,Otro,11/17/2020,Académica,12/29/2020,false
955682,Chariot,Shawell,cshawellmp@trellian.com,3,Múltiple,Bajo,Media académica,Alto,12/19/2018,Medio,true,6/29/2002,Terapia individual,10/7/2015,Académica,5/3/2016,false
897308,Prinz,Betke,pbetkemq@merriam-webster.com,5,Psicosocial,Bajo,Media académica,Medio,11/30/2002,Alto,true,6/22/2000,Talleres psicosociales,6/15/2022,Psicosocial,4/17/2020,true
555114,Trumaine,Burrill,tburrillmr@cdbaby.com,3,Psicosocial,Medio,Admitido,Alto,8/9/2017,Medio,false,7/3/2008,Terapia individual,7/19/2022,Académica,7/5/2018,false
902293,Stephana,Nother,snotherms@weibo.com,10,Académica,Bajo,Admitido,Bajo,8/23/2013,Bajo,true,10/14/2017,Asesoría grupal,10/30/2021,Académica,8/21/2006,false
252734,Dorie,Pimerick,dpimerickmt@nasa.gov,10,Académica,Alto,Media académica,Bajo,2/27/2010,Muy Bajo,false,1/24/2010,Terapia individual,6/9/2003,Psicosocial,1/1/2008,true
425142,Cherry,Burril,cburrilmu@stumbleupon.com,7,Múltiple,Medio,Media académica,Alto,4/5/2000,Bajo,false,1/10/2000,Terapia individual,5/2/2020,Económica,12/25/2014,true
962384,Lillis,O' Driscoll,lodriscollmv@bbc.co.uk,8,Múltiple,Muy bajo,Media académica,Alto,10/26/2018,Medio,false,8/10/2017,Asesoría grupal,7/19/2008,Económica,8/4/2020,false
500708,Hamnet,Maddern,hmaddernmw@livejournal.com,4,Múltiple,Medio,Admitido,Alto,4/18/2018,Alto,false,10/26/2017,Terapia individual,1/1/2000,Múltiple,12/21/2004,false
669482,Mufinella,McSporrin,mmcsporrinmx@purevolume.com,2,Múltiple,Medio,Media académica,Alto,8/19/2006,Bajo,true,12/18/2005,Asesoría grupal,1/28/2021,Económica,1/20/2005,true
64408,Rodolph,Harridge,rharridgemy@ibm.com,2,Económica,Bajo,Admitido,Medio,8/19/2013,Medio,false,7/22/2010,Otro,12/16/2019,Psicosocial,12/4/2013,false
980857,Clive,Dunmore,cdunmoremz@shareasale.com,9,Económica,Medio,Admitido,Alto,2/26/2014,Alto,true,9/16/2010,Asesoría grupal,11/1/2018,Psicosocial,12/21/2003,true
133374,Janel,De Domenici,jdedomenicin0@webnode.com,4,Psicosocial,Muy alto,Nuevo,Medio,12/23/2015,Muy Bajo,true,5/29/2011,Otro,8/7/2007,Psicosocial,10/7/2012,false
575735,Whitney,Coldicott,wcoldicottn1@wikimedia.org,5,Académica,Muy alto,Admitido,Alto,12/16/2019,Bajo,true,3/1/2013,Otro,6/23/2001,Económica,5/29/2017,true
488252,Marget,O'Connel,moconneln2@elpais.com,3,Múltiple,Medio,Media académica,Alto,10/27/2002,Alto,true,4/10/2011,Terapia individual,2/8/2012,Psicosocial,4/19/2022,true
233626,Rois,MacTerlagh,rmacterlaghn3@dropbox.com,3,Académica,Alto,Media académica,Bajo,8/7/2005,Alto,true,12/18/2009,Terapia individual,8/5/2017,Económica,12/13/2021,true
719173,Towny,Szymon,tszymonn4@adobe.com,5,Psicosocial,Muy alto,Nuevo,Alto,7/15/2011,Alto,false,2/13/2000,Talleres psicosociales,8/2/2006,Psicosocial,7/23/2000,false
406223,Garvin,Dillinton,gdillintonn5@jiathis.com,6,Psicosocial,Medio,Admitido,Medio,2/19/2007,Bajo,false,2/28/2003,Talleres psicosociales,9/12/2002,Múltiple,8/22/2022,false
977486,Ty,Arber,tarbern6@shinystat.com,3,Académica,Muy bajo,Media académica,Alto,12/30/2000,Alto,false,6/25/2003,Otro,5/17/2015,Económica,4/13/2015,true
960785,Barbara,Castenda,bcastendan7@pcworld.com,6,Psicosocial,Muy alto,Nuevo,Alto,6/12/2017,Muy Bajo,true,12/5/2020,Actividades de autocuidado,11/7/2007,Psicosocial,1/14/2009,true
181951,Arvy,Smylie,asmylien8@bloomberg.com,1,Psicosocial,Muy bajo,Admitido,Bajo,10/5/2009,Medio,true,8/21/2007,Terapia individual,12/8/2011,Psicosocial,2/7/2003,true
653454,Erasmus,Hefferan,ehefferann9@devhub.com,6,Psicosocial,Muy alto,Nuevo,Medio,4/28/2020,Muy Bajo,true,12/20/2013,Asesoría grupal,10/12/2018,Psicosocial,4/11/2005,true
802044,Carlota,Priestman,cpriestmanna@spotify.com,1,Múltiple,Muy bajo,Admitido,Medio,4/14/2006,Bajo,true,7/21/2016,Otro,8/31/2011,Múltiple,4/30/2001,true
546585,Aurlie,Gregon,agregonnb@gnu.org,2,Económica,Bajo,Nuevo,Bajo,8/7/2010,Alto,false,7/19/2010,Asesoría grupal,1/10/2001,Múltiple,3/16/2016,false
986190,Amerigo,Reinmar,areinmarnc@umich.edu,1,Académica,Muy alto,Nuevo,Bajo,10/14/2015,Medio,true,6/26/2016,Talleres psicosociales,9/9/2015,Psicosocial,2/14/2012,true
890509,Webb,Salling,wsallingnd@google.cn,4,Académica,Alto,Nuevo,Alto,11/30/2009,Muy Bajo,false,1/13/2004,Talleres psicosociales,5/25/2018,Psicosocial,8/23/2017,false
745335,Ondrea,Sharples,osharplesne@mediafire.com,7,Económica,Alto,Nuevo,Alto,2/2/2009,Medio,true,10/7/2008,Terapia individual,10/4/2001,Múltiple,10/25/2009,true
247292,Clari,Massenhove,cmassenhovenf@issuu.com,3,Múltiple,Muy alto,Media académica,Medio,6/23/2018,Medio,false,12/19/2021,Actividades de autocuidado,9/9/2010,Múltiple,6/24/2007,true
633067,Arleta,de Merida,ademeridang@myspace.com,10,Académica,Bajo,Media académica,Bajo,12/4/2002,Alto,true,8/29/2016,Otro,8/8/2008,Múltiple,10/15/2013,true
327744,Audra,Regnard,aregnardnh@clickbank.net,6,Múltiple,Medio,Admitido,Alto,9/2/2008,Bajo,false,3/21/2022,Actividades de autocuidado,6/8/2011,Académica,8/29/2008,false
779330,Nealson,Durham,ndurhamni@devhub.com,3,Psicosocial,Bajo,Media académica,Medio,3/23/2018,Bajo,false,3/28/2012,Asesoría grupal,3/25/2016,Académica,7/18/2015,false
800202,Julius,McAlindon,jmcalindonnj@lulu.com,7,Psicosocial,Bajo,Admitido,Alto,,Muy Bajo,false,12/12/2017,Asesoría grupal,2/28/2005,Múltiple,7/2/2006,true
374781,Ardith,Wenderott,awenderottnk@weather.com,5,Múltiple,Alto,Admitido,Alto,,Bajo,false,12/17/2010,Terapia individual,7/17/2019,Académica,9/9/2014,false
490502,D'arcy,Keling,dkelingnl@statcounter.com,4,Económica,Muy bajo,Admitido,Alto,8/20/2017,Bajo,true,9/18/2009,Otro,4/10/2009,Múltiple,10/13/2016,false
140477,Hildy,Bean,hbeannm@last.fm,10,Psicosocial,Medio,Media académica,Bajo,7/28/2019,Bajo,false,2/6/2008,Terapia individual,3/2/2008,Múltiple,10/28/2006,false
150348,Hunt,Smylie,hsmylienn@goo.gl,8,Múltiple,Medio,Media académica,Bajo,12/30/2017,Muy Bajo,false,5/13/2016,Terapia individual,1/6/2016,Psicosocial,11/15/2003,true
446622,Karena,Hibbart,khibbartno@woothemes.com,8,Psicosocial,Alto,Admitido,Alto,10/23/2021,Muy Bajo,false,3/3/2006,Otro,9/27/2022,Académica,10/7/2004,true
359624,Gerti,Geyton,ggeytonnp@delicious.com,7,Múltiple,Alto,Media académica,Bajo,4/13/2003,Alto,false,9/2/2004,Talleres psicosociales,6/21/2001,Académica,9/12/2021,false
250473,Tanhya,Cornejo,tcornejonq@illinois.edu,1,Psicosocial,Bajo,Media académica,Medio,10/1/2011,Muy Bajo,true,8/25/2014,Actividades de autocuidado,11/30/2013,Académica,3/25/2021,false
36885,Davida,Kiggel,dkiggelnr@php.net,9,Económica,Muy alto,Admitido,Medio,6/27/2000,Muy Bajo,false,7/11/2021,Asesoría grupal,6/27/2006,Psicosocial,4/19/2011,false
415925,Odetta,Vose,ovosens@apple.com,6,Económica,Muy alto,Media académica,Bajo,8/30/2021,Alto,true,5/31/2006,Otro,12/29/2004,Académica,6/8/2017,false
574406,Arlena,Daniello,adaniellont@webmd.com,2,Económica,Medio,Media académica,Bajo,7/17/2019,Muy Bajo,true,5/4/2020,Asesoría grupal,7/10/2020,Psicosocial,5/28/2011,true
832356,Sherill,Kingshott,skingshottnu@xrea.com,5,Psicosocial,Muy bajo,Admitido,Alto,11/18/2017,Muy Bajo,true,9/19/2004,Talleres psicosociales,12/6/2016,Académica,8/16/2008,true
142885,Fairfax,Drakes,fdrakesnv@ftc.gov,1,Psicosocial,Muy bajo,Media académica,Bajo,1/28/2002,Medio,false,5/28/2016,Otro,8/7/2018,Económica,11/1/2006,true
388598,Gilli,Maddy,gmaddynw@samsung.com,9,Múltiple,Muy bajo,Nuevo,Medio,5/18/2020,Muy Bajo,false,1/5/2006,Otro,4/12/2001,Múltiple,10/23/2005,false
171471,Conn,Penfold,cpenfoldnx@wordpress.org,8,Económica,Bajo,Media académica,Bajo,12/2/2010,Muy Bajo,true,11/11/2003,Asesoría grupal,8/10/2002,Económica,5/1/2004,false
542859,Conn,Vido,cvidony@google.co.jp,5,Económica,Muy bajo,Media académica,Bajo,8/8/2007,Bajo,true,5/5/2018,Actividades de autocuidado,3/4/2002,Académica,12/5/2008,false
333274,Ewell,Backson,ebacksonnz@dot.gov,4,Académica,Muy bajo,Nuevo,Bajo,7/14/2011,Alto,false,8/6/2004,Talleres psicosociales,6/24/2019,Múltiple,6/12/2010,false
493996,Karl,Buntin,kbuntino0@bandcamp.com,1,Económica,Medio,Admitido,Medio,6/19/2012,Muy Bajo,true,9/10/2004,Talleres psicosociales,10/7/2010,Múltiple,8/4/2013,true
6125,Perkin,Kerfut,pkerfuto1@ed.gov,2,Académica,Bajo,Admitido,Medio,4/4/2004,Medio,true,7/6/2012,Otro,1/22/2007,Psicosocial,12/23/2005,false
963510,Burnard,Kippins,bkippinso2@bloomberg.com,5,Psicosocial,Muy alto,Nuevo,Medio,5/24/2021,Bajo,true,10/11/2018,Otro,2/1/2012,Económica,12/19/2000,true
488521,Kaia,Elliff,kelliffo3@soundcloud.com,3,Múltiple,Muy bajo,Media académica,Bajo,9/9/2012,Alto,false,10/26/2022,Asesoría grupal,12/30/2017,Psicosocial,1/28/2006,true
563389,Lucita,Dupoy,ldupoyo4@goodreads.com,5,Económica,Alto,Admitido,Medio,1/17/2003,Bajo,true,12/4/2010,Otro,11/18/2008,Académica,8/21/2011,false
948634,Marcella,Tonbye,mtonbyeo5@g.co,8,Múltiple,Muy alto,Admitido,Medio,6/19/2012,Muy Bajo,true,6/13/2010,Actividades de autocuidado,10/19/2018,Económica,1/14/2005,true
244733,Tarah,Sandwick,tsandwicko6@mapy.cz,10,Psicosocial,Bajo,Admitido,Medio,4/30/2002,Alto,false,3/19/2009,Talleres psicosociales,1/29/2005,Psicosocial,6/23/2011,true
8669,Ailene,Duffer,aduffero7@newsvine.com,6,Académica,Muy bajo,Nuevo,Bajo,10/20/2013,Medio,false,9/15/2007,Talleres psicosociales,1/25/2000,Múltiple,2/6/2006,true
305531,Jerrome,Tunno,jtunnoo8@google.it,4,Económica,Bajo,Nuevo,Medio,12/27/2021,Bajo,false,4/7/2009,Asesoría grupal,8/12/2018,Económica,10/15/2021,false
680522,Yard,Spridgeon,yspridgeono9@cam.ac.uk,5,Económica,Muy alto,Admitido,Medio,7/1/2004,Alto,true,10/24/2000,Talleres psicosociales,3/14/2016,Múltiple,7/12/2017,false
801158,Fiorenze,Gwyneth,fgwynethoa@ebay.com,7,Psicosocial,Alto,Admitido,Alto,9/23/2016,Muy Bajo,true,10/28/2002,Talleres psicosociales,7/3/2000,Económica,2/9/2017,true
313292,Lyon,Huzzay,lhuzzayob@canalblog.com,5,Psicosocial,Medio,Nuevo,Medio,5/9/2019,Bajo,true,9/4/2001,Otro,11/3/2022,Psicosocial,2/4/2019,false
423303,Ianthe,Fechnie,ifechnieoc@reddit.com,4,Múltiple,Muy alto,Nuevo,Medio,11/7/2017,Bajo,true,5/2/2007,Talleres psicosociales,2/1/2006,Económica,1/8/2018,true
330641,Wilt,Cornish,wcornishod@tmall.com,7,Académica,Bajo,Media académica,Bajo,12/4/2006,Bajo,false,6/10/2020,Terapia individual,1/28/2016,Académica,9/16/2000,false
617696,Nichol,Worsley,nworsleyoe@usgs.gov,5,Psicosocial,Medio,Media académica,Medio,2/23/2016,Bajo,true,12/22/2022,Terapia individual,9/10/2007,Económica,1/3/2012,false
628564,Erica,Kort,ekortof@unc.edu,9,Psicosocial,Muy bajo,Media académica,Medio,2/6/2018,Muy Bajo,false,3/6/2007,Actividades de autocuidado,11/9/2015,Múltiple,11/1/2001,false
341185,Rowney,Porcher,rporcherog@gizmodo.com,10,Académica,Muy alto,Media académica,Alto,6/17/2001,Medio,false,11/1/2013,Asesoría grupal,2/3/2020,Psicosocial,8/20/2004,true
239744,Hadria,Maingot,hmaingotoh@livejournal.com,5,Académica,Bajo,Admitido,Medio,5/7/2022,Muy Bajo,true,6/28/2016,Talleres psicosociales,8/23/2002,Económica,12/6/2016,true
93659,Fern,Cruden,fcrudenoi@ycombinator.com,2,Múltiple,Muy bajo,Admitido,Medio,12/23/2007,Muy Bajo,true,8/15/2008,Otro,1/27/2010,Múltiple,10/26/2017,true
521163,Karine,Guppey,kguppeyoj@npr.org,5,Económica,Muy alto,Nuevo,Bajo,7/8/2010,Medio,false,12/12/2020,Otro,7/15/2007,Económica,3/13/2002,false
605847,Tonya,Verheyden,tverheydenok@nydailynews.com,6,Múltiple,Muy bajo,Nuevo,Alto,5/27/2018,Muy Bajo,true,12/21/2014,Asesoría grupal,11/27/2006,Múltiple,9/6/2008,true
699906,Luella,Pic,lpicol@nytimes.com,5,Económica,Muy bajo,Nuevo,Bajo,8/12/2021,Alto,true,2/25/2012,Terapia individual,10/14/2014,Económica,4/6/2002,false
450826,Carmelia,Smee,csmeeom@baidu.com,4,Académica,Bajo,Admitido,Medio,12/26/2014,Medio,true,5/19/2019,Otro,3/31/2003,Económica,3/15/2007,true
485948,Belinda,Savell,bsavellon@bloglines.com,1,Psicosocial,Medio,Admitido,Alto,7/2/2016,Muy Bajo,true,6/16/2016,Talleres psicosociales,2/13/2020,Múltiple,11/8/2016,true
225542,Violette,Tieman,vtiemanoo@naver.com,8,Académica,Muy alto,Admitido,Medio,4/23/2008,Bajo,false,11/17/2001,Talleres psicosociales,7/16/2007,Académica,10/11/2016,false
194028,Germain,Vuittet,gvuittetop@reference.com,8,Académica,Medio,Nuevo,Alto,6/24/2002,Muy Bajo,false,11/17/2005,Asesoría grupal,11/24/2022,Económica,1/27/2019,false
836463,Odille,Butchers,obutchersoq@surveymonkey.com,9,Múltiple,Muy alto,Nuevo,Alto,9/5/2018,Bajo,true,3/18/2008,Asesoría grupal,2/22/2014,Económica,7/30/2010,true
796617,Cathlene,Kingsland,ckingslandor@addthis.com,10,Múltiple,Muy alto,Media académica,Medio,10/28/2002,Medio,false,8/11/2009,Talleres psicosociales,8/7/2022,Psicosocial,2/27/2016,true
961501,Paulina,Dafforne,pdafforneos@census.gov,4,Académica,Muy alto,Nuevo,Medio,4/17/2002,Medio,false,4/11/2019,Otro,7/8/2009,Académica,7/7/2011,false
928382,Eamon,Daine,edaineot@a8.net,4,Académica,Medio,Admitido,Medio,5/8/2013,Muy Bajo,true,12/17/2010,Talleres psicosociales,7/27/2008,Múltiple,2/14/2002,true
202602,Dre,Gouldthorp,dgouldthorpou@upenn.edu,6,Múltiple,Muy bajo,Admitido,Medio,11/27/2007,Alto,true,3/20/2017,Otro,9/21/2013,Múltiple,6/7/2008,true
353776,Tami,Lovewell,tlovewellov@yale.edu,9,Económica,Alto,Media académica,Alto,6/7/2017,Medio,false,12/13/2019,Talleres psicosociales,1/26/2022,Académica,5/1/2020,false
769978,Urban,Penny,upennyow@europa.eu,10,Múltiple,Bajo,Admitido,Medio,7/6/2002,Alto,true,1/29/2020,Terapia individual,5/28/2014,Psicosocial,1/27/2009,true
189425,Marrilee,Deport,mdeportox@sciencedaily.com,9,Académica,Bajo,Nuevo,Bajo,9/16/2014,Bajo,true,8/19/2018,Otro,11/19/2008,Psicosocial,3/9/2017,true
820858,Vassily,Hubatsch,vhubatschoy@taobao.com,7,Económica,Muy bajo,Admitido,Alto,,Medio,false,9/4/2022,Actividades de autocuidado,2/3/2006,Económica,10/11/2019,true
588840,Cosetta,Mulqueen,cmulqueenoz@qq.com,9,Económica,Bajo,Nuevo,Bajo,,Alto,false,11/10/2002,Asesoría grupal,8/5/2015,Económica,7/6/2005,true
239780,Lauren,Kelloway,lkellowayp0@themeforest.net,5,Económica,Muy alto,Admitido,Bajo,10/9/2009,Alto,true,10/5/2020,Terapia individual,3/1/2008,Psicosocial,5/17/2013,false
609924,Melessa,Milburne,mmilburnep1@alexa.com,7,Múltiple,Muy alto,Media académica,Medio,3/6/2006,Medio,false,9/12/2003,Terapia individual,6/27/2005,Académica,6/4/2008,false
574763,Jaine,Franz-Schoninger,jfranzschoningerp2@vimeo.com,2,Múltiple,Muy alto,Admitido,Medio,5/8/2001,Muy Bajo,true,12/9/2007,Terapia individual,6/11/2006,Psicosocial,6/20/2011,false
337850,Merv,Bubeer,mbubeerp3@wikispaces.com,10,Psicosocial,Alto,Admitido,Alto,1/21/2017,Medio,true,10/25/2001,Terapia individual,7/4/2007,Múltiple,7/6/2001,true
318402,Sadella,Fernanando,sfernanandop4@earthlink.net,10,Psicosocial,Muy alto,Nuevo,Medio,1/29/2019,Muy Bajo,true,9/14/2015,Asesoría grupal,10/25/2002,Psicosocial,11/10/2003,false
842376,Ivie,Pomroy,ipomroyp5@pinterest.com,9,Múltiple,Muy bajo,Admitido,Medio,,Medio,true,11/20/2007,Terapia individual,4/29/2012,Económica,6/6/2020,true
354803,Jock,Roark,jroarkp6@oaic.gov.au,1,Múltiple,Bajo,Media académica,Medio,10/8/2012,Muy Bajo,false,2/26/2005,Terapia individual,3/20/2000,Psicosocial,8/23/2016,true
671266,Chane,Yair,cyairp7@buzzfeed.com,9,Múltiple,Bajo,Nuevo,Alto,5/26/2014,Bajo,true,1/23/2012,Otro,9/20/2011,Múltiple,12/28/2000,true
27444,Saba,Yekel,syekelp8@dropbox.com,9,Psicosocial,Bajo,Admitido,Medio,11/11/2010,Alto,true,10/27/2003,Actividades de autocuidado,11/14/2016,Académica,1/23/2002,true
871620,Sinclare,Sloss,sslossp9@blogs.com,5,Académica,Alto,Nuevo,Bajo,10/7/2013,Muy Bajo,true,11/1/2011,Otro,1/21/2001,Económica,3/16/2022,true
870101,Rayner,Treadaway,rtreadawaypa@youtu.be,9,Psicosocial,Alto,Media académica,Alto,7/19/2022,Alto,false,10/17/2012,Talleres psicosociales,12/6/2012,Psicosocial,7/26/2001,false
419155,Brittany,Coning,bconingpb@google.cn,2,Académica,Medio,Admitido,Medio,4/10/2009,Medio,false,4/28/2009,Otro,12/25/2002,Psicosocial,11/29/2001,false
227013,Rosie,Crain,rcrainpc@ovh.net,8,Económica,Medio,Media académica,Bajo,2/1/2019,Alto,false,6/12/2018,Terapia individual,6/24/2021,Académica,2/27/2020,true
56859,Charlot,Birkmyr,cbirkmyrpd@tripadvisor.com,6,Académica,Medio,Media académica,Alto,12/23/2022,Bajo,false,8/23/2004,Asesoría grupal,5/23/2015,Académica,6/10/2015,false
331888,Haroun,Joinson,hjoinsonpe@sciencedirect.com,9,Psicosocial,Medio,Nuevo,Alto,7/5/2015,Muy Bajo,false,9/28/2007,Actividades de autocuidado,4/25/2010,Múltiple,5/19/2008,false
384875,Homerus,Lafay,hlafaypf@goodreads.com,5,Económica,Muy alto,Admitido,Alto,4/25/2017,Bajo,true,4/20/2020,Asesoría grupal,3/30/2014,Múltiple,12/5/2006,true
603817,Joan,Heistermann,jheistermannpg@issuu.com,8,Múltiple,Muy alto,Nuevo,Alto,10/25/2017,Muy Bajo,false,8/13/2016,Actividades de autocuidado,1/16/2010,Psicosocial,3/14/2020,false
689805,Lee,Waterdrinker,lwaterdrinkerph@phoca.cz,1,Económica,Alto,Nuevo,Medio,4/4/2003,Alto,true,12/29/2015,Actividades de autocuidado,4/6/2016,Múltiple,3/5/2020,false
517994,Barthel,Hyne,bhynepi@phpbb.com,1,Académica,Bajo,Media académica,Medio,10/3/2016,Muy Bajo,true,2/5/2016,Actividades de autocuidado,10/16/2012,Académica,8/30/2021,false
270143,Mozelle,Kindall,mkindallpj@phoca.cz,2,Múltiple,Alto,Nuevo,Alto,3/30/2013,Medio,false,8/10/2013,Otro,2/8/2005,Académica,9/10/2010,true
825226,Ezri,Allington,eallingtonpk@arstechnica.com,10,Económica,Alto,Media académica,Medio,5/27/2014,Medio,false,2/21/2021,Terapia individual,4/10/2012,Económica,7/25/2010,false
545146,Wilburt,Gillogley,wgillogleypl@usa.gov,2,Económica,Muy bajo,Admitido,Bajo,2/28/2005,Alto,false,9/13/2017,Terapia individual,7/10/2000,Psicosocial,7/25/2012,true
954747,Binky,Tarr,btarrpm@sogou.com,7,Económica,Medio,Nuevo,Bajo,1/13/2004,Bajo,false,7/2/2009,Actividades de autocuidado,2/20/2003,Económica,5/13/2014,false
562802,Dame,Trace,dtracepn@cargocollective.com,2,Múltiple,Muy alto,Admitido,Bajo,9/11/2000,Medio,false,6/3/2020,Asesoría grupal,4/28/2011,Múltiple,8/13/2014,true
235892,Milton,Davern,mdavernpo@army.mil,9,Psicosocial,Alto,Media académica,Bajo,3/10/2011,Muy Bajo,true,3/30/2006,Otro,11/30/2009,Múltiple,9/2/2013,false
218555,Abigael,Pavlovsky,apavlovskypp@cnn.com,9,Económica,Muy alto,Media académica,Medio,5/24/2015,Alto,true,4/22/2000,Actividades de autocuidado,12/11/2011,Económica,7/6/2012,true
135935,Muriel,Sheridan,msheridanpq@so-net.ne.jp,5,Múltiple,Muy alto,Media académica,Medio,11/19/2006,Muy Bajo,true,2/27/2011,Asesoría grupal,9/15/2013,Académica,4/27/2013,false
14702,Remy,Laffan,rlaffanpr@123-reg.co.uk,7,Múltiple,Muy alto,Media académica,Bajo,2/4/2017,Medio,true,5/4/2001,Otro,9/24/2000,Psicosocial,2/16/2013,false
303797,Chevalier,Waszkiewicz,cwaszkiewiczps@liveinternet.ru,4,Económica,Alto,Nuevo,Alto,11/24/2007,Muy Bajo,false,9/26/2022,Talleres psicosociales,6/27/2006,Económica,6/18/2013,false
609527,Quillan,Hakewell,qhakewellpt@guardian.co.uk,7,Psicosocial,Bajo,Media académica,Alto,4/11/2005,Medio,true,11/8/2018,Asesoría grupal,7/1/2000,Económica,11/29/2017,false
772069,Sebastien,Jamot,sjamotpu@google.ca,9,Económica,Muy bajo,Media académica,Bajo,12/10/2021,Muy Bajo,true,10/12/2021,Actividades de autocuidado,10/11/2018,Múltiple,7/15/2009,false
45574,Lilyan,Shakeshaft,lshakeshaftpv@fc2.com,7,Académica,Muy alto,Admitido,Bajo,9/29/2014,Alto,true,2/22/2010,Talleres psicosociales,11/21/2018,Psicosocial,3/12/2013,true
909590,Humbert,Youens,hyouenspw@foxnews.com,6,Económica,Alto,Media académica,Alto,5/16/2014,Medio,true,5/29/2013,Talleres psicosociales,5/14/2017,Psicosocial,2/1/2006,true
490197,Celestine,Bartelli,cbartellipx@macromedia.com,2,Académica,Muy bajo,Media académica,Alto,2/11/2012,Medio,false,8/11/2003,Actividades de autocuidado,6/26/2020,Múltiple,8/27/2005,true
213195,Gwyneth,Grishaev,ggrishaevpy@ftc.gov,10,Económica,Alto,Nuevo,Bajo,12/11/2010,Medio,true,6/14/2018,Actividades de autocuidado,4/26/2001,Académica,2/22/2021,true
688781,Clemmy,Bowland,cbowlandpz@sun.com,6,Económica,Muy alto,Admitido,Bajo,3/30/2017,Muy Bajo,false,10/3/2019,Terapia individual,9/22/2001,Económica,5/12/2004,true
724332,Christi,Lergan,clerganq0@g.co,8,Psicosocial,Medio,Media académica,Medio,7/12/2007,Medio,true,12/21/2016,Terapia individual,12/22/2005,Múltiple,10/16/2005,true
917165,Kaile,Sansbury,ksansburyq1@example.com,2,Académica,Medio,Nuevo,Bajo,5/11/2008,Medio,false,6/1/2001,Otro,9/20/2010,Múltiple,9/12/2002,false
636804,Jojo,Louth,jlouthq2@booking.com,2,Múltiple,Muy alto,Media académica,Bajo,11/2/2022,Muy Bajo,true,8/11/2016,Asesoría grupal,4/27/2004,Académica,7/25/2003,true
649631,Nelle,Donavan,ndonavanq3@free.fr,3,Múltiple,Alto,Admitido,Medio,12/5/2012,Muy Bajo,false,12/12/2014,Terapia individual,9/11/2014,Económica,2/20/2015,false
653471,Ezechiel,Clewley,eclewleyq4@nasa.gov,8,Múltiple,Muy bajo,Nuevo,Medio,3/26/2021,Alto,false,8/3/2008,Otro,3/1/2015,Psicosocial,4/9/2009,true
278096,Kimberli,Slessor,kslessorq5@chronoengine.com,5,Académica,Alto,Nuevo,Medio,1/4/2022,Muy Bajo,true,5/27/2020,Asesoría grupal,12/23/2007,Psicosocial,6/24/2008,true
491266,Nessi,Jedrzejewsky,njedrzejewskyq6@uol.com.br,1,Múltiple,Bajo,Media académica,Medio,10/30/2007,Alto,false,5/15/2016,Otro,3/3/2012,Múltiple,4/26/2019,false
782537,Quentin,Coit,qcoitq7@yahoo.co.jp,1,Psicosocial,Alto,Admitido,Medio,12/25/2005,Muy Bajo,true,12/10/2015,Otro,12/12/2010,Económica,8/20/2012,false
314890,Nariko,Tackett,ntackettq8@bravesites.com,5,Múltiple,Muy bajo,Media académica,Bajo,8/18/2022,Medio,true,9/19/2015,Terapia individual,3/2/2008,Académica,9/26/2004,false
587942,Esmaria,Brigge,ebriggeq9@networkadvertising.org,7,Múltiple,Alto,Media académica,Bajo,6/29/2015,Alto,false,1/15/2005,Talleres psicosociales,6/25/2018,Académica,2/10/2022,true
712858,Byrom,Longland,blonglandqa@shareasale.com,9,Múltiple,Medio,Nuevo,Medio,8/21/2012,Bajo,true,8/12/2012,Actividades de autocuidado,7/10/2006,Múltiple,2/27/2020,true
29543,Branden,Daubeny,bdaubenyqb@tinypic.com,5,Académica,Muy bajo,Nuevo,Alto,11/19/2014,Bajo,true,5/18/2018,Actividades de autocuidado,6/10/2002,Múltiple,3/28/2020,false
36043,Mair,Chamberlin,mchamberlinqc@stanford.edu,3,Económica,Medio,Nuevo,Alto,6/12/2016,Medio,false,10/8/2011,Actividades de autocuidado,8/1/2022,Múltiple,10/15/2022,false
722345,Leena,McCritchie,lmccritchieqd@nps.gov,8,Múltiple,Muy alto,Nuevo,Medio,11/21/2005,Alto,false,10/17/2011,Otro,10/1/2022,Psicosocial,5/26/2008,true
894448,Erin,Hince,ehinceqe@chronoengine.com,3,Académica,Muy alto,Media académica,Bajo,7/24/2018,Bajo,true,9/26/2002,Otro,3/16/2006,Económica,12/28/2021,true
670978,Maury,Smallpeace,msmallpeaceqf@blogs.com,1,Psicosocial,Medio,Admitido,Alto,9/22/2022,Bajo,true,6/24/2006,Actividades de autocuidado,7/16/2013,Múltiple,5/9/2021,false
348148,Tymon,Morde,tmordeqg@phpbb.com,1,Económica,Muy bajo,Admitido,Alto,4/7/2011,Bajo,false,12/28/2006,Actividades de autocuidado,5/4/2007,Psicosocial,6/13/2006,true
718187,Alanah,Searchfield,asearchfieldqh@furl.net,7,Múltiple,Muy bajo,Media académica,Medio,,Bajo,true,9/6/2006,Asesoría grupal,4/2/2021,Psicosocial,8/28/2011,false
752482,Ingunna,Moncreiff,imoncreiffqi@linkedin.com,5,Económica,Bajo,Admitido,Medio,6/4/2019,Medio,true,10/13/2007,Talleres psicosociales,10/22/2000,Académica,3/27/2009,true
402237,Giovanna,Leathe,gleatheqj@dailymail.co.uk,3,Académica,Muy bajo,Nuevo,Medio,5/25/2022,Bajo,true,4/10/2005,Talleres psicosociales,7/12/2014,Económica,4/9/2010,true
491010,Grantley,Gaythorpe,ggaythorpeqk@yelp.com,3,Psicosocial,Bajo,Media académica,Medio,6/25/2021,Alto,true,3/8/2008,Otro,2/27/2004,Múltiple,6/3/2005,false
635824,Bourke,Jeffs,bjeffsql@eventbrite.com,9,Múltiple,Muy alto,Admitido,Alto,7/23/2003,Alto,true,1/22/2008,Actividades de autocuidado,6/3/2010,Psicosocial,1/21/2002,false
78846,Rosa,Patis,rpatisqm@over-blog.com,6,Académica,Bajo,Admitido,Alto,4/26/2007,Muy Bajo,true,7/24/2000,Terapia individual,7/10/2001,Múltiple,9/9/2007,true
928616,Rois,Diboll,rdibollqn@go.com,8,Económica,Alto,Nuevo,Bajo,3/1/2015,Muy Bajo,true,12/25/2010,Actividades de autocuidado,7/18/2001,Psicosocial,8/20/2011,false
688581,Brade,Kift,bkiftqo@upenn.edu,6,Económica,Muy alto,Media académica,Bajo,6/6/2000,Alto,true,6/23/2007,Terapia individual,6/29/2015,Económica,10/29/2021,false
381618,Jessy,Corrison,jcorrisonqp@live.com,10,Psicosocial,Alto,Nuevo,Medio,7/16/2016,Bajo,false,7/7/2013,Actividades de autocuidado,2/11/2004,Académica,12/3/2002,false
90582,Susanne,Farndell,sfarndellqq@phoca.cz,10,Económica,Alto,Admitido,Medio,,Muy Bajo,true,9/11/2007,Asesoría grupal,12/19/2012,Económica,5/14/2003,true
156345,Hamlin,Thackham,hthackhamqr@creativecommons.org,2,Académica,Bajo,Media académica,Alto,8/24/2007,Bajo,false,1/16/2010,Asesoría grupal,11/18/2014,Psicosocial,11/24/2022,false
473758,Nobe,Plumridge,nplumridgeqs@imdb.com,5,Múltiple,Alto,Nuevo,Bajo,,Medio,true,2/4/2006,Talleres psicosociales,8/15/2016,Psicosocial,2/13/2006,false
193707,Adela,Doddrell,adoddrellqt@illinois.edu,2,Múltiple,Muy alto,Admitido,Bajo,7/9/2011,Bajo,true,4/28/2018,Talleres psicosociales,4/3/2013,Académica,6/24/2016,false
971423,Mab,Leport,mleportqu@usda.gov,8,Múltiple,Bajo,Admitido,Bajo,6/24/2000,Medio,true,12/5/2007,Talleres psicosociales,1/5/2001,Psicosocial,5/14/2012,true
133114,Kenn,Rachuig,krachuigqv@storify.com,9,Económica,Bajo,Nuevo,Alto,5/3/2007,Medio,true,12/30/2002,Terapia individual,11/7/2006,Múltiple,6/29/2008,false
493865,Fredra,Gallamore,fgallamoreqw@taobao.com,6,Psicosocial,Bajo,Nuevo,Alto,12/15/2019,Medio,false,5/15/2006,Talleres psicosociales,3/5/2006,Múltiple,4/5/2003,false
736906,Lemmy,Dupey,ldupeyqx@arstechnica.com,8,Económica,Medio,Media académica,Medio,,Bajo,true,8/3/2014,Otro,1/30/2013,Académica,9/18/2012,false
631209,Horst,Bernhardi,hbernhardiqy@army.mil,9,Múltiple,Muy alto,Media académica,Medio,8/16/2015,Medio,true,8/23/2007,Terapia individual,5/19/2016,Psicosocial,10/14/2019,false
914804,Liana,Romagosa,lromagosaqz@smh.com.au,3,Múltiple,Medio,Media académica,Bajo,,Bajo,false,8/23/2011,Terapia individual,6/2/2021,Académica,12/11/2017,true
697137,Cherri,Hawe,chawer0@newsvine.com,5,Académica,Bajo,Media académica,Medio,9/5/2014,Medio,false,3/27/2009,Talleres psicosociales,4/18/2006,Académica,2/7/2009,true
913722,Vale,Vaun,vvaunr1@ucsd.edu,3,Psicosocial,Alto,Admitido,Bajo,6/12/2008,Alto,true,2/13/2009,Asesoría grupal,1/27/2020,Académica,5/2/2005,false
351779,Tamera,Whenman,twhenmanr2@taobao.com,3,Económica,Muy bajo,Admitido,Alto,4/3/2019,Muy Bajo,false,11/28/2004,Terapia individual,2/21/2002,Psicosocial,2/26/2019,true
96473,Wilfred,Kettleson,wkettlesonr3@vinaora.com,7,Psicosocial,Bajo,Nuevo,Medio,2/16/2001,Alto,true,2/8/2019,Terapia individual,1/3/2014,Académica,1/11/2000,false
346486,Nikola,Seller,nsellerr4@domainmarket.com,8,Psicosocial,Muy alto,Admitido,Medio,6/24/2014,Muy Bajo,true,1/17/2013,Talleres psicosociales,3/24/2003,Económica,2/2/2012,false
834719,Joye,Bridgman,jbridgmanr5@behance.net,2,Psicosocial,Muy bajo,Admitido,Medio,11/13/2001,Medio,false,5/19/2013,Actividades de autocuidado,5/22/2020,Económica,3/17/2004,true
714348,Damon,Dumper,ddumperr6@hatena.ne.jp,10,Académica,Bajo,Admitido,Medio,4/5/2008,Medio,false,4/16/2005,Otro,7/17/2018,Académica,5/15/2022,true
397022,Dalston,Cowlard,dcowlardr7@a8.net,7,Psicosocial,Alto,Nuevo,Alto,11/30/2022,Muy Bajo,true,8/16/2008,Talleres psicosociales,7/10/2008,Múltiple,6/18/2003,true
769110,Gordy,Tomankowski,gtomankowskir8@google.es,1,Psicosocial,Medio,Media académica,Alto,4/15/2015,Medio,true,3/21/2003,Otro,3/31/2013,Económica,7/31/2002,false
259226,Padriac,Bodiam,pbodiamr9@privacy.gov.au,6,Múltiple,Muy bajo,Nuevo,Medio,11/1/2003,Bajo,true,5/5/2011,Asesoría grupal,11/22/2003,Psicosocial,11/13/2009,false
372586,Issi,Pannaman,ipannamanra@ucla.edu,9,Psicosocial,Muy bajo,Nuevo,Medio,1/9/2001,Alto,false,9/24/2013,Talleres psicosociales,7/20/2008,Psicosocial,11/3/2005,false
198875,Alejandro,Hillett,ahillettrb@nationalgeographic.com,5,Económica,Muy bajo,Admitido,Alto,2/25/2014,Muy Bajo,true,10/23/2022,Asesoría grupal,5/26/2015,Académica,2/20/2000,true
854302,Kathy,Donati,kdonatirc@twitter.com,3,Económica,Alto,Media académica,Alto,4/20/2009,Medio,false,11/18/2013,Otro,8/23/2009,Psicosocial,1/27/2017,false
288120,Gav,Cino,gcinord@businessweek.com,7,Múltiple,Bajo,Admitido,Alto,5/28/2021,Bajo,true,10/15/2002,Actividades de autocuidado,7/5/2014,Psicosocial,11/15/2009,false
884866,Klara,Cossey,kcosseyre@arstechnica.com,4,Académica,Alto,Admitido,Bajo,2/6/2018,Medio,true,3/28/2015,Asesoría grupal,4/7/2001,Académica,1/15/2008,false
201357,Myrilla,Downage,mdownagerf@skyrock.com,9,Económica,Muy alto,Nuevo,Bajo,5/13/2004,Muy Bajo,true,12/9/2020,Terapia individual,11/24/2005,Psicosocial,1/25/2020,true
697604,Bartholomew,Kubyszek,bkubyszekrg@scientificamerican.com,7,Académica,Muy alto,Media académica,Alto,9/5/2016,Bajo,true,7/17/2014,Terapia individual,7/15/2015,Psicosocial,7/18/2004,true
987989,Tierney,Bonifacio,tbonifaciorh@usgs.gov,9,Psicosocial,Alto,Media académica,Medio,8/11/2008,Muy Bajo,false,3/10/2020,Asesoría grupal,3/26/2020,Académica,6/10/2011,false
638108,Genevieve,Lerwell,glerwellri@multiply.com,8,Psicosocial,Muy bajo,Nuevo,Medio,2/12/2004,Medio,true,8/29/2022,Talleres psicosociales,12/31/2004,Psicosocial,5/16/2011,true
497585,Danyelle,Ullett,dullettrj@zimbio.com,10,Psicosocial,Muy bajo,Nuevo,Medio,8/28/2006,Muy Bajo,true,11/13/2003,Talleres psicosociales,1/30/2007,Económica,1/28/2003,false
541536,Eldridge,Flucks,eflucksrk@about.com,6,Psicosocial,Medio,Media académica,Alto,3/12/2017,Bajo,true,2/8/2003,Actividades de autocuidado,12/29/2002,Múltiple,7/20/2010,true
739487,Niels,Giblin,ngiblinrl@macromedia.com,1,Económica,Medio,Admitido,Alto,4/11/2012,Bajo,true,1/9/2022,Asesoría grupal,10/8/2005,Psicosocial,1/29/2000,true
102191,Chiarra,Henzley,chenzleyrm@seattletimes.com,8,Múltiple,Medio,Admitido,Medio,5/5/2014,Muy Bajo,true,12/8/2014,Talleres psicosociales,3/18/2001,Económica,12/13/2016,true
591679,Jemimah,Digger,jdiggerrn@cmu.edu,9,Académica,Bajo,Media académica,Bajo,8/29/2009,Muy Bajo,true,1/16/2006,Asesoría grupal,12/12/2019,Psicosocial,6/25/2011,false
440921,Ingelbert,Millwall,imillwallro@behance.net,9,Académica,Muy bajo,Nuevo,Alto,5/18/2006,Medio,false,8/21/2003,Asesoría grupal,1/21/2006,Psicosocial,7/27/2000,false
116755,Guinevere,Trent,gtrentrp@sphinn.com,4,Académica,Alto,Nuevo,Medio,7/5/2000,Alto,true,2/10/2022,Asesoría grupal,4/17/2003,Académica,5/20/2011,false
19985,Lisha,Simko,lsimkorq@ovh.net,2,Económica,Medio,Nuevo,Bajo,6/10/2006,Bajo,true,3/2/2011,Asesoría grupal,2/21/2013,Múltiple,10/19/2010,false
301053,Dasie,Asser,dasserrr@paginegialle.it,1,Académica,Medio,Admitido,Bajo,1/14/2017,Muy Bajo,true,9/24/2017,Asesoría grupal,1/15/2011,Académica,8/30/2006,true
204124,Joell,Prate,jprate0@blogs.com,2,Múltiple,Bajo,Media académica,Medio,5/2/2018,Alto,true,3/5/2007,Otro,1/24/2009,Académica,7/27/2007,false
678311,Ezmeralda,Sommerly,esommerly1@nhs.uk,4,Psicosocial,Alto,Media académica,Bajo,10/21/2019,Medio,true,2/28/2018,Terapia individual,4/21/2004,Económica,7/26/2014,true
502760,Ailina,Crees,acrees2@hao123.com,2,Académica,Muy alto,Media académica,Alto,4/25/2020,Medio,true,2/24/2006,Talleres psicosociales,9/15/2022,Económica,10/19/2012,true
80313,Arlette,Uttermare,auttermare3@example.com,7,Económica,Muy alto,Media académica,Bajo,2/5/2017,Muy Bajo,false,10/31/2007,Actividades de autocuidado,3/16/2020,Psicosocial,7/30/2003,false
624300,Georas,Meddick,gmeddick4@sitemeter.com,9,Académica,Medio,Nuevo,Medio,4/7/2002,Bajo,false,7/26/2011,Actividades de autocuidado,4/18/2010,Múltiple,3/6/2010,true
277964,Othilia,Airton,oairton5@google.com.au,10,Académica,Muy alto,Admitido,Medio,2/8/2011,Medio,false,1/22/2016,Otro,6/20/2020,Económica,3/4/2001,false
434355,Adoree,Henric,ahenric6@domainmarket.com,10,Psicosocial,Bajo,Admitido,Alto,1/20/2004,Muy Bajo,false,1/27/2003,Terapia individual,6/5/2003,Académica,10/7/2003,true
918905,Aleksandr,Franz,afranz7@wikipedia.org,3,Múltiple,Alto,Admitido,Bajo,7/2/2003,Alto,false,10/26/2005,Talleres psicosociales,6/2/2008,Psicosocial,7/21/2020,false
936875,Marjory,Sargison,msargison8@google.com.hk,3,Múltiple,Muy alto,Nuevo,Alto,3/4/2020,Bajo,true,6/17/2016,Otro,12/22/2016,Académica,11/2/2020,true
99841,Almire,Gauge,agauge9@51.la,10,Múltiple,Muy bajo,Admitido,Medio,5/2/2022,Muy Bajo,true,3/21/2018,Terapia individual,3/28/2000,Múltiple,7/2/2008,false
514881,Stefania,Byers,sbyersa@slideshare.net,5,Múltiple,Medio,Media académica,Alto,4/5/2008,Medio,true,4/27/2019,Otro,2/7/2014,Psicosocial,2/14/2014,true
876177,Spike,Alltimes,salltimesb@stumbleupon.com,9,Académica,Alto,Nuevo,Bajo,6/26/2006,Alto,false,3/27/2017,Otro,12/23/2018,Múltiple,4/9/2008,true
865825,Clive,Winchurch,cwinchurchc@ucoz.com,5,Académica,Bajo,Nuevo,Bajo,2/14/2014,Bajo,true,8/24/2016,Otro,3/11/2014,Psicosocial,4/1/2009,false
58615,Joelynn,Southcoat,jsouthcoatd@flavors.me,10,Psicosocial,Bajo,Media académica,Medio,3/6/2001,Bajo,true,7/24/2005,Otro,6/19/2004,Psicosocial,9/23/2021,false
504672,Zebadiah,Twell,ztwelle@reverbnation.com,10,Académica,Alto,Nuevo,Alto,5/8/2007,Alto,false,11/24/2022,Otro,3/10/2019,Múltiple,11/18/2004,true
557180,Joelly,Drinkall,jdrinkallf@imageshack.us,5,Psicosocial,Muy alto,Admitido,Bajo,8/20/2007,Muy Bajo,true,5/20/2003,Terapia individual,7/19/2013,Económica,8/25/2022,false
942937,Jarvis,Gaish,jgaishg@ocn.ne.jp,2,Académica,Medio,Nuevo,Alto,12/11/2004,Medio,false,10/2/2005,Actividades de autocuidado,8/9/2017,Psicosocial,7/21/2022,true
835934,Merrily,Dible,mdibleh@ask.com,7,Académica,Muy bajo,Nuevo,Medio,6/1/2017,Bajo,true,8/23/2013,Terapia individual,12/1/2011,Académica,2/1/2008,true
138722,Clara,Szymon,cszymoni@house.gov,10,Académica,Muy alto,Media académica,Medio,1/16/2008,Muy Bajo,true,11/13/2015,Actividades de autocuidado,4/6/2021,Psicosocial,7/31/2011,true
228603,Zora,Shaves,zshavesj@vimeo.com,3,Económica,Muy bajo,Admitido,Bajo,10/5/2004,Bajo,true,4/16/2010,Actividades de autocuidado,12/13/2007,Económica,2/28/2011,true
261559,Gregor,Getley,ggetleyk@apple.com,9,Múltiple,Medio,Nuevo,Alto,8/2/2020,Medio,true,11/25/2022,Asesoría grupal,10/24/2022,Psicosocial,6/6/2006,false
843145,Lesley,Marking,lmarkingl@state.tx.us,9,Académica,Medio,Nuevo,Medio,2/25/2003,Alto,false,1/9/2003,Otro,8/16/2004,Múltiple,12/9/2000,false
509255,Kristen,Hatley,khatleym@utexas.edu,9,Múltiple,Alto,Admitido,Alto,5/14/2015,Alto,true,4/3/2009,Talleres psicosociales,7/18/2015,Psicosocial,8/7/2022,true
339028,Margaretha,Gulc,mgulcn@cam.ac.uk,3,Psicosocial,Muy bajo,Admitido,Medio,4/16/2020,Bajo,true,11/8/2014,Talleres psicosociales,11/27/2021,Académica,5/15/2020,false
60553,Edgardo,Proudman,eproudmano@github.com,10,Económica,Bajo,Nuevo,Alto,6/9/2009,Muy Bajo,false,8/26/2002,Actividades de autocuidado,11/10/2005,Académica,12/31/2006,false
893755,Bernice,Toland,btolandp@scribd.com,7,Económica,Muy alto,Media académica,Alto,,Bajo,false,4/14/2015,Talleres psicosociales,2/10/2004,Académica,2/25/2006,false
455302,Tam,Lawrey,tlawreyq@wikipedia.org,7,Psicosocial,Medio,Nuevo,Bajo,9/24/2002,Muy Bajo,true,11/26/2002,Talleres psicosociales,4/20/2001,Económica,3/4/2011,false
168308,Whittaker,Carswell,wcarswellr@google.pl,4,Académica,Muy bajo,Admitido,Bajo,7/18/2004,Muy Bajo,true,4/7/2005,Otro,10/11/2021,Múltiple,10/28/2000,false
737290,Gabie,Ridulfo,gridulfos@washingtonpost.com,5,Psicosocial,Medio,Media académica,Bajo,7/14/2004,Muy Bajo,false,8/17/2003,Terapia individual,11/2/2000,Académica,4/26/2010,true
645433,Onida,Morden,omordent@jiathis.com,8,Académica,Medio,Media académica,Bajo,9/22/2017,Muy Bajo,true,1/9/2016,Terapia individual,7/25/2007,Económica,2/6/2004,true
581503,Allister,Marielle,amarielleu@amazon.com,8,Múltiple,Muy alto,Admitido,Alto,7/17/2012,Medio,true,9/12/2012,Terapia individual,5/16/2012,Múltiple,2/25/2007,false
923290,Skipp,Bembrick,sbembrickv@si.edu,2,Económica,Muy bajo,Nuevo,Bajo,9/15/2003,Muy Bajo,true,1/10/2009,Terapia individual,12/18/2003,Psicosocial,1/20/2006,true
148749,Anneliese,Yitshak,ayitshakw@360.cn,5,Múltiple,Medio,Nuevo,Medio,6/13/2000,Alto,false,11/18/2001,Actividades de autocuidado,9/19/2009,Psicosocial,4/20/2020,false
540886,Mayer,Seden,msedenx@booking.com,8,Psicosocial,Muy alto,Media académica,Alto,3/12/2009,Muy Bajo,true,8/3/2015,Actividades de autocuidado,1/2/2004,Múltiple,4/11/2007,false
207853,Ellary,Bortolotti,ebortolottiy@stanford.edu,6,Académica,Muy alto,Admitido,Medio,,Muy Bajo,true,2/14/2013,Talleres psicosociales,8/6/2016,Académica,3/16/2016,true
46187,Merridie,Wignall,mwignallz@gmpg.org,7,Múltiple,Bajo,Nuevo,Medio,7/13/2007,Muy Bajo,true,4/2/2019,Actividades de autocuidado,11/4/2019,Múltiple,2/5/2019,false
372928,Holden,Salt,hsalt10@samsung.com,5,Económica,Alto,Nuevo,Bajo,5/17/2012,Alto,true,11/13/2007,Terapia individual,12/3/2001,Académica,9/6/2007,false
285867,Amandy,Tomlett,atomlett11@skyrock.com,1,Múltiple,Alto,Nuevo,Bajo,,Medio,true,10/13/2004,Actividades de autocuidado,8/10/2012,Psicosocial,6/26/2006,true
553439,Gaby,Wildman,gwildman12@webs.com,4,Psicosocial,Muy bajo,Nuevo,Alto,1/27/2020,Bajo,false,6/21/2003,Actividades de autocuidado,12/8/2006,Múltiple,8/10/2001,false
104815,Harbert,Fayers,hfayers13@newsvine.com,1,Académica,Muy alto,Nuevo,Medio,8/9/2019,Bajo,false,12/14/2021,Terapia individual,3/6/2012,Múltiple,11/21/2004,true
89946,Georgeanna,Tomkin,gtomkin14@comsenz.com,10,Económica,Muy bajo,Media académica,Alto,9/3/2008,Alto,true,1/7/2022,Terapia individual,8/1/2008,Académica,12/13/2002,false
877720,Adriena,Jendrassik,ajendrassik15@miibeian.gov.cn,3,Económica,Muy alto,Admitido,Medio,12/31/2016,Bajo,false,6/14/2014,Asesoría grupal,6/28/2018,Académica,8/5/2005,false
198129,Rochell,Rosettini,rrosettini16@plala.or.jp,6,Académica,Bajo,Admitido,Alto,12/14/2010,Alto,false,5/8/2001,Asesoría grupal,12/1/2004,Académica,5/25/2003,true
660695,Deina,Odell,dodell17@ebay.com,9,Académica,Muy alto,Media académica,Bajo,7/24/2003,Bajo,true,3/7/2016,Asesoría grupal,11/13/2018,Académica,6/23/2004,false
346201,Gray,Davey,gdavey18@oakley.com,5,Académica,Medio,Media académica,Medio,3/16/2021,Bajo,false,12/27/2012,Talleres psicosociales,10/3/2000,Académica,3/15/2019,true
246670,Emmye,Batterson,ebatterson19@altervista.org,1,Múltiple,Muy alto,Media académica,Alto,9/18/2021,Medio,true,10/19/2000,Asesoría grupal,4/10/2013,Múltiple,10/10/2014,false
856399,Neddie,Wickman,nwickman1a@yellowbook.com,4,Psicosocial,Bajo,Admitido,Medio,8/24/2012,Muy Bajo,true,9/23/2000,Otro,10/22/2002,Múltiple,12/27/2002,false
200556,Yuma,Liven,yliven1b@cyberchimps.com,1,Académica,Muy bajo,Media académica,Alto,6/14/2004,Alto,true,4/4/2006,Actividades de autocuidado,3/24/2022,Múltiple,12/16/2006,true
750269,Celisse,Water,cwater1c@deliciousdays.com,8,Académica,Bajo,Admitido,Medio,2/12/2019,Medio,false,6/9/2019,Actividades de autocuidado,4/19/2010,Económica,10/26/2016,true
314796,Fredia,Quinton,fquinton1d@webs.com,1,Múltiple,Bajo,Admitido,Alto,5/23/2014,Muy Bajo,false,1/23/2004,Otro,7/21/2004,Psicosocial,11/26/2011,false
430063,Sada,Mattersey,smattersey1e@jiathis.com,10,Académica,Muy alto,Admitido,Bajo,,Muy Bajo,true,7/21/2019,Talleres psicosociales,12/1/2005,Académica,6/26/2009,false
71516,Perry,Harmer,pharmer1f@usnews.com,5,Académica,Bajo,Nuevo,Alto,1/17/2007,Alto,false,9/7/2006,Otro,10/5/2006,Psicosocial,10/16/2000,false
482384,Catina,Aujean,caujean1g@dedecms.com,1,Psicosocial,Alto,Nuevo,Bajo,1/17/2008,Muy Bajo,false,7/13/2000,Asesoría grupal,10/15/2006,Psicosocial,7/1/2004,true
81988,Arel,Conaboy,aconaboy1h@wsj.com,10,Académica,Medio,Nuevo,Alto,12/28/2014,Bajo,false,7/27/2020,Terapia individual,3/18/2011,Múltiple,6/28/2020,true
954030,Meggy,Harring,mharring1i@upenn.edu,6,Psicosocial,Alto,Nuevo,Medio,1/12/2011,Muy Bajo,true,8/6/2014,Talleres psicosociales,5/1/2019,Académica,7/12/2019,false
555232,Yoko,Benedek,ybenedek1j@dedecms.com,5,Académica,Muy alto,Admitido,Medio,1/8/2016,Alto,true,8/26/2016,Asesoría grupal,10/26/2014,Económica,4/25/2007,false
530212,Sal,Gajewski,sgajewski1k@guardian.co.uk,8,Económica,Medio,Admitido,Alto,5/6/2012,Bajo,true,1/5/2011,Asesoría grupal,12/25/2019,Múltiple,12/5/2005,true
161204,Manya,Toretta,mtoretta1l@examiner.com,4,Psicosocial,Bajo,Admitido,Medio,12/14/2020,Muy Bajo,true,4/5/2020,Talleres psicosociales,12/17/2007,Psicosocial,12/22/2001,false
754590,Taber,Peggram,tpeggram1m@freewebs.com,3,Múltiple,Alto,Nuevo,Alto,8/3/2009,Medio,true,8/16/2001,Actividades de autocuidado,4/30/2004,Económica,11/4/2014,true
353758,Conrad,Suffe,csuffe1n@sohu.com,1,Económica,Muy alto,Nuevo,Medio,4/24/2006,Bajo,true,3/9/2020,Otro,5/24/2000,Económica,6/16/2014,true
244541,Mariejeanne,Archambault,marchambault1o@amazon.co.uk,8,Psicosocial,Bajo,Nuevo,Medio,3/21/2016,Bajo,true,3/8/2005,Asesoría grupal,10/14/2021,Múltiple,8/1/2004,false
275287,Sander,Gimbart,sgimbart1p@mashable.com,7,Académica,Muy alto,Media académica,Alto,9/15/2006,Muy Bajo,true,6/27/2017,Terapia individual,12/27/2001,Académica,3/19/2016,true
262434,Trudi,Thiese,tthiese1q@yelp.com,6,Económica,Alto,Media académica,Bajo,9/30/2001,Medio,true,11/1/2022,Actividades de autocuidado,5/1/2000,Académica,5/28/2013,false
591873,Lindsay,O'Kane,lokane1r@i2i.jp,1,Múltiple,Muy alto,Admitido,Bajo,6/11/2008,Medio,true,11/1/2016,Terapia individual,12/22/2011,Económica,1/16/2005,true
48749,Clay,Bisatt,cbisatt1s@yellowbook.com,6,Psicosocial,Medio,Admitido,Alto,3/20/2013,Muy Bajo,false,7/17/2001,Talleres psicosociales,1/6/2009,Académica,8/19/2019,true
504031,Netta,Bert,nbert1t@clickbank.net,8,Académica,Muy bajo,Nuevo,Alto,,Alto,true,9/23/2000,Actividades de autocuidado,12/7/2008,Económica,5/2/2006,false
510571,Ayn,Zeale,azeale1u@google.com.br,8,Económica,Muy bajo,Media académica,Medio,9/21/2019,Alto,false,9/16/2020,Asesoría grupal,11/27/2005,Múltiple,8/7/2008,false
256099,Sherry,Summerfield,ssummerfield1v@apache.org,2,Académica,Alto,Nuevo,Bajo,1/13/2012,Alto,true,8/3/2011,Actividades de autocuidado,11/11/2021,Académica,6/4/2002,false
859998,Danice,Prettyjohns,dprettyjohns1w@amazon.de,3,Psicosocial,Bajo,Media académica,Bajo,9/25/2017,Medio,true,1/3/2002,Otro,3/9/2002,Psicosocial,7/25/2016,true
458256,Wally,Slowan,wslowan1x@boston.com,2,Académica,Muy bajo,Admitido,Bajo,,Bajo,true,6/29/2002,Otro,1/3/2008,Académica,10/10/2022,false
672534,Elvera,Littrik,elittrik1y@army.mil,1,Psicosocial,Medio,Media académica,Bajo,3/23/2014,Alto,true,4/12/2007,Otro,9/19/2012,Académica,3/20/2011,false
408456,Amandie,Everingham,aeveringham1z@biglobe.ne.jp,1,Psicosocial,Muy alto,Nuevo,Bajo,1/2/2020,Medio,false,6/21/2013,Otro,4/11/2022,Psicosocial,11/27/2003,false
37134,Gerty,Crump,gcrump20@webs.com,9,Económica,Muy bajo,Media académica,Alto,8/26/2005,Alto,true,10/4/2019,Asesoría grupal,10/30/2009,Múltiple,11/27/2006,true
254916,Marthena,Helwig,mhelwig21@netvibes.com,3,Académica,Bajo,Media académica,Bajo,3/23/2015,Muy Bajo,false,11/18/2011,Talleres psicosociales,3/17/2013,Académica,5/22/2015,false
197886,Arlana,Farney,afarney22@rediff.com,4,Económica,Muy alto,Nuevo,Medio,4/14/2016,Medio,true,4/18/2020,Terapia individual,5/18/2019,Académica,11/25/2016,false
951234,Roshelle,Bourbon,rbourbon23@cnn.com,8,Económica,Alto,Media académica,Bajo,1/2/2012,Bajo,true,9/5/2002,Terapia individual,3/20/2018,Económica,1/21/2001,true
595306,Gaile,Greensall,ggreensall24@yelp.com,5,Múltiple,Muy bajo,Admitido,Alto,5/3/2008,Medio,true,2/10/2016,Otro,11/29/2019,Económica,5/13/2022,false
630785,Sabra,Wilkin,swilkin25@dailymotion.com,5,Académica,Alto,Media académica,Alto,,Medio,false,10/1/2006,Asesoría grupal,2/17/2016,Académica,9/29/2009,false
304756,Juliet,Smees,jsmees26@wiley.com,6,Psicosocial,Alto,Nuevo,Alto,3/7/2005,Muy Bajo,false,8/23/2005,Talleres psicosociales,12/1/2007,Múltiple,4/27/2013,true
8959,Iosep,Graddon,igraddon27@weebly.com,6,Académica,Medio,Admitido,Bajo,2/15/2010,Medio,true,7/15/2014,Actividades de autocuidado,2/13/2015,Académica,9/19/2013,true
815179,Titos,Beccera,tbeccera28@narod.ru,6,Múltiple,Medio,Admitido,Medio,,Bajo,false,10/14/2018,Otro,3/26/2020,Académica,1/26/2004,true
512281,Forester,Jaimez,fjaimez29@whitehouse.gov,6,Múltiple,Muy alto,Nuevo,Alto,,Muy Bajo,false,10/10/2010,Actividades de autocuidado,4/17/2015,Psicosocial,1/8/2021,true
396251,Conrado,Verdun,cverdun2a@bbb.org,7,Psicosocial,Alto,Admitido,Bajo,6/6/2016,Muy Bajo,false,6/22/2010,Asesoría grupal,7/1/2003,Académica,8/27/2016,true
226505,Ari,Giacomasso,agiacomasso2b@netscape.com,1,Psicosocial,Bajo,Nuevo,Bajo,6/27/2005,Alto,false,5/28/2011,Asesoría grupal,8/21/2003,Psicosocial,1/28/2012,true
171614,Robbi,Collip,rcollip2c@msu.edu,5,Múltiple,Muy bajo,Admitido,Bajo,11/23/2004,Bajo,true,11/3/2022,Talleres psicosociales,1/10/2004,Económica,5/5/2020,false
743131,Bogart,De Robertis,bderobertis2d@eventbrite.com,10,Académica,Alto,Admitido,Bajo,6/3/2005,Muy Bajo,false,2/28/2016,Actividades de autocuidado,6/13/2009,Económica,6/3/2015,true
576766,Elicia,Camies,ecamies2e@google.com.hk,5,Psicosocial,Medio,Admitido,Alto,3/26/2008,Muy Bajo,true,2/8/2015,Otro,10/5/2013,Económica,12/28/2003,true
669628,Celine,Forcer,cforcer2f@typepad.com,2,Psicosocial,Muy alto,Nuevo,Alto,9/24/2004,Alto,true,12/26/2000,Talleres psicosociales,12/18/2022,Académica,5/1/2021,false
645890,Donnamarie,Dalliston,ddalliston2g@t-online.de,4,Económica,Muy bajo,Nuevo,Bajo,8/23/2015,Muy Bajo,false,9/28/2002,Otro,2/9/2001,Económica,10/10/2007,true
464470,Oswald,Ardern,oardern2h@theatlantic.com,2,Psicosocial,Medio,Nuevo,Bajo,7/5/2012,Muy Bajo,false,3/28/2019,Talleres psicosociales,10/3/2011,Académica,4/11/2008,true
103287,Trev,Brabant,tbrabant2i@paginegialle.it,1,Académica,Medio,Media académica,Alto,2/22/2013,Medio,true,7/10/2019,Terapia individual,9/23/2004,Académica,9/22/2022,true
225531,Courtney,Kidson,ckidson2j@ocn.ne.jp,4,Psicosocial,Medio,Media académica,Medio,5/5/2018,Medio,true,7/10/2022,Terapia individual,2/27/2010,Múltiple,1/19/2018,true
679676,Kelcey,Deere,kdeere2k@un.org,6,Psicosocial,Muy bajo,Nuevo,Bajo,7/15/2014,Medio,false,12/7/2016,Terapia individual,3/31/2018,Psicosocial,11/17/2016,false
784235,Ado,Hounsom,ahounsom2l@macromedia.com,2,Académica,Muy alto,Media académica,Bajo,2/15/2004,Alto,true,8/17/2020,Talleres psicosociales,12/25/2011,Académica,6/19/2005,true
828979,Sean,Weare,sweare2m@digg.com,6,Académica,Alto,Admitido,Alto,2/18/2014,Alto,true,5/14/2020,Asesoría grupal,12/24/2007,Psicosocial,8/1/2010,true
796866,Goddart,Hawkridge,ghawkridge2n@storify.com,7,Psicosocial,Muy alto,Media académica,Alto,5/19/2012,Bajo,false,5/28/2003,Terapia individual,3/26/2000,Múltiple,11/17/2019,true
131773,Jan,Grishechkin,jgrishechkin2o@prweb.com,4,Académica,Muy bajo,Media académica,Bajo,,Medio,false,2/22/2021,Otro,4/17/2006,Académica,5/8/2007,true
579499,Elly,Stapells,estapells2p@xing.com,10,Múltiple,Medio,Media académica,Medio,4/16/2020,Muy Bajo,true,1/26/2018,Terapia individual,3/14/2007,Múltiple,3/23/2018,true
408253,Trudy,Brandino,tbrandino2q@1688.com,2,Académica,Bajo,Nuevo,Alto,11/4/2000,Alto,false,12/10/2008,Asesoría grupal,8/27/2011,Múltiple,2/5/2022,true
833417,Russell,Clemmey,rclemmey2r@typepad.com,1,Psicosocial,Alto,Nuevo,Alto,1/8/2010,Medio,true,6/27/2013,Talleres psicosociales,4/11/2022,Múltiple,11/17/2018,true
986632,Maure,Pedden,mpedden2s@icio.us,1,Múltiple,Alto,Admitido,Alto,10/26/2020,Bajo,true,9/23/2002,Talleres psicosociales,6/30/2010,Psicosocial,2/7/2022,false
714105,Evangelin,Blesli,eblesli2t@cam.ac.uk,7,Múltiple,Muy bajo,Admitido,Alto,2/2/2010,Bajo,true,12/22/2003,Actividades de autocuidado,7/21/2012,Psicosocial,6/30/2007,false
79763,Vinson,Wattingham,vwattingham2u@pbs.org,1,Académica,Muy bajo,Media académica,Alto,11/30/2009,Alto,true,7/8/2019,Actividades de autocuidado,8/16/2014,Psicosocial,7/21/2003,false
90632,Karlik,Donson,kdonson2v@163.com,6,Múltiple,Alto,Admitido,Medio,7/9/2020,Medio,false,5/17/2008,Asesoría grupal,8/2/2009,Económica,5/20/2000,true
736419,Magdalene,Botterill,mbotterill2w@dion.ne.jp,4,Múltiple,Bajo,Nuevo,Bajo,12/5/2004,Alto,true,2/20/2020,Actividades de autocuidado,9/19/2003,Económica,6/21/2017,true
824360,Edeline,Galley,egalley2x@nbcnews.com,4,Múltiple,Muy bajo,Admitido,Alto,,Alto,false,9/5/2013,Otro,6/15/2008,Académica,5/24/2000,false
972494,Vivyanne,Crammy,vcrammy2y@barnesandnoble.com,9,Académica,Bajo,Media académica,Alto,1/12/2014,Muy Bajo,false,5/24/2010,Actividades de autocuidado,4/17/2010,Múltiple,10/20/2002,true
188727,Miguelita,Vellender,mvellender2z@usda.gov,2,Económica,Muy alto,Media académica,Medio,8/22/2013,Muy Bajo,false,11/25/2011,Terapia individual,6/3/2011,Psicosocial,12/12/2003,false
296798,Elnore,Richford,erichford30@webs.com,7,Psicosocial,Alto,Media académica,Medio,6/18/2010,Medio,false,7/16/2006,Talleres psicosociales,11/21/2022,Psicosocial,7/15/2005,false
159708,Nellie,Baudry,nbaudry31@aboutads.info,6,Múltiple,Muy alto,Nuevo,Medio,4/1/2007,Bajo,false,5/25/2007,Talleres psicosociales,12/7/2001,Psicosocial,4/6/2007,false
813964,Cleopatra,Juhruke,cjuhruke32@eepurl.com,10,Múltiple,Alto,Media académica,Bajo,12/6/2005,Bajo,false,10/21/2009,Terapia individual,2/13/2016,Económica,1/30/2003,true
840099,Jeramie,Simoens,jsimoens33@si.edu,8,Académica,Muy bajo,Media académica,Alto,11/28/2006,Medio,true,3/10/2002,Talleres psicosociales,4/20/2015,Académica,5/13/2007,true
160071,Eveline,Tayt,etayt34@ox.ac.uk,3,Académica,Muy alto,Nuevo,Bajo,4/9/2016,Bajo,false,5/8/2001,Talleres psicosociales,12/8/2000,Psicosocial,9/17/2010,true
823769,Fredric,Askaw,faskaw35@github.com,2,Económica,Bajo,Nuevo,Alto,1/13/2007,Medio,true,10/6/2005,Asesoría grupal,9/22/2015,Académica,6/11/2021,true
506218,Winifred,Deery,wdeery36@google.fr,8,Psicosocial,Muy alto,Admitido,Medio,2/26/2010,Medio,false,4/4/2005,Actividades de autocuidado,3/22/2010,Psicosocial,7/2/2012,false
901650,Jefferson,Torfin,jtorfin37@springer.com,3,Psicosocial,Alto,Nuevo,Medio,7/31/2005,Bajo,true,6/30/2000,Actividades de autocuidado,3/15/2017,Académica,12/21/2006,true
741021,Luce,Southorn,lsouthorn38@jimdo.com,10,Múltiple,Bajo,Nuevo,Medio,12/30/2011,Muy Bajo,false,9/29/2015,Asesoría grupal,4/21/2004,Múltiple,1/22/2022,true
809390,Clemente,Emmines,cemmines39@printfriendly.com,8,Económica,Medio,Admitido,Medio,4/5/2010,Bajo,false,2/25/2008,Talleres psicosociales,5/16/2010,Múltiple,5/14/2001,true
127198,Sharity,Ewebank,sewebank3a@boston.com,8,Económica,Muy bajo,Media académica,Medio,7/30/2013,Muy Bajo,false,4/28/2002,Otro,11/8/2013,Económica,7/8/2000,false
245054,Laurella,Winterburn,lwinterburn3b@ox.ac.uk,8,Económica,Medio,Nuevo,Alto,10/26/2000,Bajo,false,1/13/2016,Otro,3/19/2004,Múltiple,5/8/2006,false
608127,Bernita,Hartburn,bhartburn3c@qq.com,6,Psicosocial,Muy alto,Nuevo,Bajo,12/23/2020,Alto,true,6/8/2011,Actividades de autocuidado,2/5/2012,Psicosocial,3/4/2019,true
123743,Lorens,MacComiskey,lmaccomiskey3d@google.pl,1,Múltiple,Alto,Nuevo,Bajo,7/31/2019,Bajo,true,7/29/2019,Terapia individual,3/23/2005,Múltiple,5/24/2004,true
793751,Devinne,Laroux,dlaroux3e@cornell.edu,2,Múltiple,Bajo,Nuevo,Bajo,6/7/2008,Muy Bajo,true,7/13/2021,Talleres psicosociales,2/10/2007,Psicosocial,1/26/2005,false
891069,Rozamond,Hailey,rhailey3f@yandex.ru,7,Académica,Muy bajo,Nuevo,Medio,3/2/2005,Muy Bajo,true,10/29/2020,Asesoría grupal,4/17/2013,Múltiple,9/21/2018,true
334204,Whittaker,Whitley,wwhitley3g@youtube.com,3,Psicosocial,Medio,Admitido,Alto,10/8/2006,Medio,false,12/2/2006,Terapia individual,12/16/2017,Múltiple,6/20/2013,true
916130,Alysa,Deeney,adeeney3h@networksolutions.com,2,Múltiple,Bajo,Admitido,Medio,7/6/2011,Medio,false,9/8/2013,Otro,11/26/2006,Psicosocial,3/2/2017,false
949371,Gael,Axcell,gaxcell3i@timesonline.co.uk,3,Múltiple,Bajo,Media académica,Bajo,11/18/2017,Alto,true,10/31/2012,Terapia individual,8/26/2000,Psicosocial,11/7/2017,false
236945,Marni,Rendell,mrendell3j@theglobeandmail.com,8,Múltiple,Bajo,Media académica,Bajo,1/24/2009,Muy Bajo,false,5/8/2009,Talleres psicosociales,9/21/2013,Académica,1/5/2022,true
249512,Joete,Bythell,jbythell3k@auda.org.au,2,Académica,Medio,Media académica,Alto,5/18/2014,Medio,true,6/25/2021,Actividades de autocuidado,3/25/2018,Múltiple,1/22/2000,true
26109,Patrizius,Lasham,plasham3l@t-online.de,2,Psicosocial,Muy alto,Media académica,Alto,12/15/2022,Alto,true,6/24/2014,Asesoría grupal,6/27/2018,Académica,3/10/2021,true
199277,Hughie,Kleyn,hkleyn3m@bigcartel.com,7,Académica,Bajo,Nuevo,Bajo,4/3/2011,Bajo,true,8/18/2013,Otro,1/27/2014,Múltiple,3/31/2010,false
796784,Garold,Astlett,gastlett3n@chronoengine.com,4,Académica,Bajo,Media académica,Medio,5/1/2000,Muy Bajo,true,8/9/2008,Otro,7/1/2022,Psicosocial,9/16/2022,true
143728,Bambie,Fotitt,bfotitt3o@china.com.cn,6,Psicosocial,Muy bajo,Media académica,Alto,12/7/2015,Alto,false,12/15/2021,Asesoría grupal,10/22/2008,Económica,7/16/2002,true
61611,Tanner,Pinor,tpinor3p@barnesandnoble.com,1,Académica,Alto,Media académica,Alto,7/10/2022,Muy Bajo,false,3/28/2019,Actividades de autocuidado,4/1/2000,Académica,6/10/2007,true
310215,Rozele,Sollime,rsollime3q@shinystat.com,1,Económica,Alto,Nuevo,Alto,12/24/2021,Alto,true,1/10/2004,Talleres psicosociales,8/26/2014,Múltiple,8/27/2016,true
428896,Wadsworth,Rijkeseis,wrijkeseis3r@telegraph.co.uk,4,Psicosocial,Muy bajo,Nuevo,Alto,8/24/2014,Alto,true,5/20/2008,Terapia individual,8/16/2005,Académica,12/15/2000,false
859940,Martin,Pinkney,mpinkney3s@scribd.com,6,Económica,Muy alto,Media académica,Alto,7/13/2016,Medio,false,8/7/2001,Otro,4/16/2013,Académica,12/23/2000,true
105168,Laverna,Philimore,lphilimore3t@lycos.com,6,Económica,Muy alto,Nuevo,Alto,4/10/2013,Muy Bajo,false,12/30/2019,Asesoría grupal,7/21/2021,Psicosocial,1/27/2016,false
784422,Val,Beccles,vbeccles3u@mail.ru,8,Psicosocial,Alto,Nuevo,Bajo,9/15/2010,Alto,false,4/14/2010,Terapia individual,9/27/2004,Psicosocial,9/22/2002,false
551823,Lebbie,Vasiliev,lvasiliev3v@friendfeed.com,8,Psicosocial,Alto,Nuevo,Bajo,9/21/2006,Medio,false,3/4/2000,Terapia individual,8/30/2011,Múltiple,10/15/2013,false
317675,Helen-elizabeth,Penna,hpenna3w@yale.edu,1,Económica,Bajo,Media académica,Bajo,4/15/2014,Medio,true,6/30/2011,Talleres psicosociales,4/16/2005,Académica,10/22/2004,false
869435,Ortensia,Grishukhin,ogrishukhin3x@sitemeter.com,10,Académica,Medio,Nuevo,Alto,1/9/2003,Bajo,false,3/25/2000,Terapia individual,5/19/2017,Académica,12/1/2005,true
149808,Catlin,Ibbett,cibbett3y@yahoo.com,9,Académica,Alto,Admitido,Alto,1/8/2010,Bajo,true,10/30/2015,Asesoría grupal,10/17/2007,Múltiple,8/6/2017,false
506971,Lisbeth,Audrey,laudrey3z@elegantthemes.com,6,Académica,Medio,Nuevo,Bajo,1/2/2008,Bajo,false,5/10/2000,Actividades de autocuidado,10/15/2006,Psicosocial,7/22/2012,false
448865,Meriel,de Voiels,mdevoiels40@canalblog.com,2,Múltiple,Medio,Nuevo,Medio,3/22/2007,Muy Bajo,true,8/31/2007,Talleres psicosociales,8/24/2021,Psicosocial,2/3/2011,false
31690,Rycca,Stovin,rstovin41@1und1.de,7,Múltiple,Bajo,Admitido,Alto,7/18/2020,Muy Bajo,false,10/3/2001,Asesoría grupal,8/26/2000,Académica,1/25/2018,false
108001,Darb,Halford,dhalford42@netvibes.com,6,Económica,Bajo,Media académica,Alto,12/31/2000,Medio,false,5/14/2002,Terapia individual,11/30/2020,Académica,7/27/2011,false
243635,Kath,Keogh,kkeogh43@bravesites.com,5,Múltiple,Bajo,Nuevo,Bajo,7/20/2016,Alto,true,3/12/2003,Talleres psicosociales,8/21/2003,Académica,6/9/2021,true
860457,Clovis,Mapples,cmapples44@ted.com,3,Económica,Medio,Nuevo,Alto,4/5/2016,Medio,true,9/26/2006,Actividades de autocuidado,11/18/2018,Múltiple,9/25/2008,true
634819,Verene,Bathoe,vbathoe45@europa.eu,10,Psicosocial,Muy bajo,Nuevo,Bajo,,Bajo,false,9/30/2011,Terapia individual,6/25/2019,Académica,7/19/2018,true
662275,Montague,Lumbley,mlumbley46@ning.com,7,Múltiple,Medio,Admitido,Bajo,12/4/2019,Medio,true,11/19/2001,Actividades de autocuidado,9/15/2012,Psicosocial,11/2/2019,true
73014,Lazar,Foucar,lfoucar47@marriott.com,10,Económica,Muy bajo,Admitido,Medio,8/20/2014,Bajo,true,5/13/2014,Otro,1/2/2004,Múltiple,12/16/2014,false
435288,Tanney,Cluett,tcluett48@mysql.com,4,Múltiple,Medio,Nuevo,Bajo,6/14/2009,Muy Bajo,true,8/11/2005,Terapia individual,6/21/2010,Múltiple,4/4/2021,true
755733,Maitilde,Leng,mleng49@pinterest.com,4,Múltiple,Muy bajo,Admitido,Alto,10/20/2000,Bajo,true,2/5/2004,Terapia individual,6/26/2008,Económica,3/23/2003,false
556984,Malachi,Latter,mlatter4a@sakura.ne.jp,2,Psicosocial,Muy bajo,Admitido,Bajo,1/17/2005,Medio,false,12/30/2015,Otro,2/21/2016,Psicosocial,11/14/2004,false
881438,Allsun,Cosens,acosens4b@webeden.co.uk,1,Psicosocial,Muy alto,Admitido,Bajo,7/5/2013,Bajo,true,2/2/2005,Talleres psicosociales,1/18/2002,Múltiple,11/22/2007,false
646720,Dian,Eddisford,deddisford4c@freewebs.com,9,Psicosocial,Muy bajo,Admitido,Alto,1/13/2003,Muy Bajo,true,6/16/2010,Talleres psicosociales,1/2/2016,Múltiple,4/19/2008,true
31094,Francisca,Soltan,fsoltan4d@smugmug.com,3,Académica,Alto,Media académica,Alto,9/2/2000,Medio,true,7/8/2016,Actividades de autocuidado,3/1/2006,Académica,8/6/2021,true
810891,Yolanthe,Ducker,yducker4e@techcrunch.com,1,Múltiple,Medio,Admitido,Alto,1/16/2021,Alto,true,3/3/2012,Actividades de autocuidado,7/13/2016,Psicosocial,3/8/2010,true
920856,Barnett,Rowcastle,browcastle4f@skype.com,4,Psicosocial,Medio,Admitido,Medio,3/11/2007,Alto,true,12/28/2005,Asesoría grupal,8/10/2014,Psicosocial,5/20/2013,true
311687,Dora,Challens,dchallens4g@ning.com,3,Múltiple,Alto,Nuevo,Medio,7/20/2013,Medio,false,8/13/2005,Actividades de autocuidado,1/8/2003,Académica,11/17/2004,false
982835,Anna,Marven,amarven4h@storify.com,9,Económica,Muy alto,Admitido,Medio,9/15/2013,Alto,true,11/20/2008,Otro,2/28/2016,Económica,2/10/2002,true
78155,Juliane,Forshaw,jforshaw4i@wisc.edu,8,Académica,Muy alto,Nuevo,Alto,3/3/2017,Muy Bajo,true,7/26/2003,Asesoría grupal,5/19/2014,Psicosocial,4/5/2003,false
964455,Verne,Medlar,vmedlar4j@a8.net,9,Múltiple,Medio,Media académica,Alto,12/26/2002,Bajo,false,5/31/2020,Actividades de autocuidado,2/14/2018,Psicosocial,3/19/2004,false
641912,Kylynn,Soaper,ksoaper4k@nbcnews.com,9,Múltiple,Medio,Admitido,Medio,10/13/2017,Medio,true,3/23/2006,Otro,11/11/2021,Múltiple,3/9/2014,false
672771,Nananne,Canning,ncanning4l@homestead.com,8,Académica,Muy bajo,Nuevo,Medio,4/13/2022,Muy Bajo,true,6/26/2002,Talleres psicosociales,2/9/2017,Múltiple,11/8/2005,false
639823,Maighdiln,Winkell,mwinkell4m@cisco.com,1,Académica,Muy alto,Nuevo,Medio,4/5/2022,Alto,true,2/17/2003,Actividades de autocuidado,11/13/2010,Académica,5/7/2014,true
415147,Maxim,Knell,mknell4n@about.com,6,Múltiple,Muy bajo,Media académica,Bajo,9/21/2006,Medio,false,7/21/2016,Otro,9/20/2016,Múltiple,2/17/2021,false
752621,Coleman,Twitchett,ctwitchett4o@patch.com,6,Múltiple,Muy bajo,Admitido,Medio,4/27/2021,Bajo,true,12/1/2009,Otro,3/8/2001,Psicosocial,7/25/2003,true
481039,Irena,Jacquot,ijacquot4p@addthis.com,9,Psicosocial,Muy alto,Admitido,Bajo,5/17/2009,Medio,false,4/10/2016,Actividades de autocuidado,12/7/2014,Psicosocial,7/5/2011,true
653215,Annmaria,Heibel,aheibel4q@csmonitor.com,8,Académica,Bajo,Nuevo,Bajo,9/27/2019,Muy Bajo,true,10/12/2000,Asesoría grupal,11/1/2005,Múltiple,10/30/2016,false
227381,Blanch,Pelling,bpelling4r@edublogs.org,8,Múltiple,Muy alto,Media académica,Alto,3/20/2004,Muy Bajo,true,3/24/2007,Asesoría grupal,9/17/2010,Múltiple,11/19/2022,false
397050,Wheeler,Spatarul,wspatarul4s@cmu.edu,1,Académica,Alto,Nuevo,Alto,7/1/2014,Bajo,false,7/21/2010,Actividades de autocuidado,8/15/2002,Múltiple,9/29/2015,true
979358,Fey,Harrisson,fharrisson4t@multiply.com,8,Económica,Medio,Admitido,Bajo,7/22/2014,Bajo,false,9/9/2011,Talleres psicosociales,10/15/2018,Psicosocial,9/6/2019,true
995698,Yuma,Tamburi,ytamburi4u@apple.com,10,Académica,Medio,Admitido,Bajo,8/8/2002,Bajo,true,3/9/2009,Asesoría grupal,4/10/2019,Múltiple,6/9/2008,false
676617,Colly,Simmill,csimmill4v@baidu.com,7,Psicosocial,Bajo,Nuevo,Medio,4/3/2003,Muy Bajo,false,2/15/2000,Asesoría grupal,11/2/2017,Múltiple,8/13/2007,true
350232,Loren,Laddle,lladdle4w@barnesandnoble.com,7,Económica,Muy bajo,Nuevo,Bajo,9/1/2015,Bajo,false,3/13/2005,Asesoría grupal,4/5/2006,Múltiple,9/6/2019,true
265185,Scott,Ciciura,sciciura4x@oakley.com,3,Psicosocial,Medio,Admitido,Medio,5/18/2010,Medio,false,2/4/2012,Otro,9/13/2022,Múltiple,12/26/2013,true
226823,Sib,Youngman,syoungman4y@cocolog-nifty.com,2,Económica,Bajo,Media académica,Bajo,6/12/2018,Medio,true,4/20/2000,Actividades de autocuidado,12/11/2011,Psicosocial,3/2/2006,true
973064,Lindsay,Uccelli,luccelli4z@wikia.com,2,Psicosocial,Alto,Admitido,Alto,12/4/2007,Medio,true,12/3/2018,Otro,6/2/2004,Económica,12/9/2013,false
704006,Idette,Braunle,ibraunle50@photobucket.com,6,Psicosocial,Bajo,Media académica,Bajo,10/19/2005,Bajo,true,7/13/2020,Actividades de autocuidado,7/3/2007,Múltiple,3/15/2004,false
110121,Arel,Steptowe,asteptowe51@harvard.edu,2,Múltiple,Bajo,Media académica,Bajo,11/29/2002,Muy Bajo,false,7/3/2017,Otro,7/9/2011,Psicosocial,1/6/2014,true
586413,Jenda,BURWIN,jburwin52@ocn.ne.jp,1,Académica,Bajo,Media académica,Alto,11/16/2007,Muy Bajo,false,4/13/2017,Actividades de autocuidado,6/8/2006,Múltiple,3/18/2021,false
124555,Sayre,Oxtarby,soxtarby53@ask.com,4,Psicosocial,Medio,Nuevo,Alto,10/26/2000,Muy Bajo,false,11/16/2020,Actividades de autocuidado,7/17/2014,Académica,1/3/2010,false
395516,Marys,Maciunas,mmaciunas54@patch.com,2,Académica,Muy bajo,Media académica,Bajo,3/6/2002,Bajo,true,3/19/2008,Actividades de autocuidado,12/13/2011,Múltiple,11/20/2014,false
974075,Perrine,Lillyman,plillyman55@last.fm,1,Psicosocial,Muy alto,Admitido,Bajo,4/9/2009,Muy Bajo,false,4/26/2007,Talleres psicosociales,6/13/2013,Académica,7/21/2011,false
248721,Willie,Birkin,wbirkin56@msn.com,10,Académica,Bajo,Media académica,Alto,1/19/2004,Bajo,false,3/5/2014,Actividades de autocuidado,11/10/2019,Psicosocial,10/31/2015,true
22682,Abran,Wadman,awadman57@yellowpages.com,4,Económica,Muy bajo,Media académica,Medio,10/19/2017,Muy Bajo,true,5/27/2006,Asesoría grupal,9/26/2018,Psicosocial,8/27/2009,true
22922,Nannie,Waything,nwaything58@soup.io,6,Psicosocial,Muy bajo,Admitido,Alto,4/9/2011,Medio,true,12/29/2020,Asesoría grupal,8/15/2006,Académica,4/27/2002,true
701061,Tedie,Kubica,tkubica59@slideshare.net,10,Psicosocial,Bajo,Admitido,Bajo,11/21/2003,Medio,false,11/2/2008,Otro,8/12/2000,Económica,8/25/2020,true
501527,Pepillo,Highton,phighton5a@discuz.net,5,Académica,Muy bajo,Nuevo,Alto,2/13/2016,Alto,true,9/13/2003,Asesoría grupal,1/21/2006,Psicosocial,12/7/2022,true
278293,Ashli,Romanetti,aromanetti5b@dyndns.org,2,Múltiple,Muy alto,Nuevo,Medio,1/2/2022,Bajo,false,9/21/2006,Otro,7/16/2015,Económica,5/18/2018,true
144906,Kalinda,Armour,karmour5c@nsw.gov.au,9,Económica,Muy alto,Nuevo,Alto,8/15/2007,Alto,false,6/23/2021,Actividades de autocuidado,10/26/2017,Económica,7/11/2009,true
301821,Jeramie,Sander,jsander5d@patch.com,4,Psicosocial,Muy alto,Nuevo,Alto,,Bajo,false,4/1/2007,Actividades de autocuidado,8/13/2019,Académica,12/10/2017,true
267680,Eran,Collen,ecollen5e@weibo.com,4,Múltiple,Medio,Admitido,Medio,1/27/2007,Medio,false,1/18/2015,Asesoría grupal,1/20/2004,Económica,12/13/2010,false
937347,Gaultiero,Hostan,ghostan5f@home.pl,2,Psicosocial,Muy bajo,Media académica,Bajo,10/8/2006,Muy Bajo,false,7/7/2012,Asesoría grupal,10/20/2018,Múltiple,11/24/2001,false
925799,Erasmus,Bennetto,ebennetto5g@squidoo.com,1,Múltiple,Medio,Nuevo,Medio,7/18/2008,Alto,true,10/24/2020,Otro,3/2/2001,Económica,3/22/2011,false
477592,Eachelle,Farmer,efarmer5h@i2i.jp,2,Académica,Muy alto,Media académica,Alto,,Bajo,true,9/25/2022,Asesoría grupal,10/9/2008,Económica,11/20/2006,true
349110,Horst,Neljes,hneljes5i@netscape.com,5,Múltiple,Bajo,Nuevo,Bajo,4/6/2008,Medio,true,2/9/2000,Actividades de autocuidado,11/6/2016,Económica,1/27/2001,true
890892,Georgina,Alfonzo,galfonzo5j@unicef.org,6,Académica,Muy bajo,Media académica,Alto,,Bajo,true,2/18/2005,Terapia individual,6/17/2014,Psicosocial,11/12/2021,false
365067,Ruthann,Postians,rpostians5k@symantec.com,9,Múltiple,Bajo,Admitido,Medio,6/17/2008,Bajo,false,2/21/2003,Terapia individual,3/20/2013,Económica,12/13/2009,true
424124,Giles,Gossart,ggossart5l@dmoz.org,2,Psicosocial,Muy alto,Media académica,Bajo,6/27/2006,Alto,false,1/1/2000,Talleres psicosociales,1/27/2000,Económica,10/1/2020,true
984407,Lotti,Baleine,lbaleine5m@istockphoto.com,6,Múltiple,Bajo,Media académica,Bajo,1/11/2006,Muy Bajo,true,8/8/2022,Asesoría grupal,11/9/2020,Económica,12/12/2004,false
291784,Rudolf,Reolfo,rreolfo5n@epa.gov,4,Múltiple,Alto,Nuevo,Medio,,Alto,true,4/10/2002,Asesoría grupal,4/23/2005,Psicosocial,9/2/2020,false
949554,Matthias,Gorghetto,mgorghetto5o@state.tx.us,8,Múltiple,Muy bajo,Nuevo,Bajo,4/16/2010,Medio,false,6/29/2005,Asesoría grupal,10/8/2014,Económica,10/6/2014,true
63505,Veronika,Maciaszek,vmaciaszek5p@storify.com,7,Académica,Alto,Media académica,Alto,10/9/2011,Medio,false,6/10/2009,Terapia individual,9/7/2021,Psicosocial,10/20/2001,false
584369,Norton,Cuttin,ncuttin5q@bandcamp.com,8,Múltiple,Muy alto,Nuevo,Medio,8/31/2011,Alto,true,5/3/2021,Terapia individual,8/12/2016,Económica,9/4/2020,false
646664,Samuele,Ovitts,sovitts5r@t.co,9,Múltiple,Bajo,Admitido,Alto,6/14/2018,Muy Bajo,true,1/22/2010,Actividades de autocuidado,10/8/2003,Psicosocial,10/1/2012,false
148901,Elmer,Sangwin,esangwin5s@census.gov,9,Psicosocial,Medio,Media académica,Bajo,6/2/2018,Alto,false,8/19/2015,Talleres psicosociales,8/23/2022,Psicosocial,12/1/2015,true
381015,Levey,Soles,lsoles5t@hc360.com,8,Económica,Muy alto,Media académica,Medio,12/19/2003,Medio,true,12/18/2004,Actividades de autocuidado,8/2/2014,Múltiple,6/9/2016,false
803497,Hendrick,Masserel,hmasserel5u@cnbc.com,4,Múltiple,Muy alto,Media académica,Medio,2/26/2020,Muy Bajo,false,6/4/2000,Asesoría grupal,9/30/2002,Psicosocial,12/26/2004,true
359113,Vaughan,Cabedo,vcabedo5v@photobucket.com,9,Múltiple,Muy alto,Nuevo,Medio,6/19/2019,Muy Bajo,true,2/25/2015,Asesoría grupal,8/26/2004,Académica,7/19/2004,false
457512,Della,Domenicone,ddomenicone5w@mit.edu,6,Académica,Alto,Nuevo,Alto,7/25/2008,Bajo,true,12/1/2015,Talleres psicosociales,12/21/2017,Múltiple,7/11/2006,true
183828,Katinka,Roll,kroll5x@huffingtonpost.com,7,Económica,Muy bajo,Nuevo,Medio,8/1/2016,Bajo,false,8/31/2008,Talleres psicosociales,1/29/2008,Múltiple,12/13/2001,true
875207,Talyah,Daniaud,tdaniaud5y@wordpress.com,10,Psicosocial,Alto,Nuevo,Medio,9/22/2001,Muy Bajo,false,12/4/2006,Terapia individual,11/13/2011,Económica,9/29/2015,false
755031,Vonny,Endle,vendle5z@biblegateway.com,7,Académica,Medio,Nuevo,Alto,,Bajo,true,2/8/2007,Asesoría grupal,10/28/2018,Múltiple,11/20/2020,true
591833,Adele,MacAlpin,amacalpin60@themeforest.net,4,Psicosocial,Muy bajo,Admitido,Bajo,10/9/2016,Medio,true,12/14/2008,Otro,7/2/2020,Psicosocial,6/10/2018,false
783092,Sibbie,Gallant,sgallant61@list-manage.com,3,Múltiple,Medio,Nuevo,Medio,3/19/2014,Muy Bajo,true,2/20/2000,Otro,1/9/2017,Académica,5/6/2000,true
976079,Gabrila,Paolino,gpaolino62@vk.com,9,Psicosocial,Bajo,Admitido,Alto,7/10/2002,Muy Bajo,true,3/19/2016,Otro,9/17/2009,Económica,12/14/2008,false
513185,Brandise,Gerrey,bgerrey63@devhub.com,10,Económica,Bajo,Nuevo,Alto,12/3/2017,Muy Bajo,false,5/17/2008,Terapia individual,8/16/2012,Múltiple,4/5/2003,true
282181,Lorrie,O'Heagertie,loheagertie64@behance.net,4,Económica,Muy bajo,Admitido,Alto,9/11/2014,Medio,true,11/20/2002,Asesoría grupal,2/28/2001,Económica,8/15/2019,true
177340,Milena,Tethacot,mtethacot65@mlb.com,6,Académica,Medio,Nuevo,Alto,3/28/2003,Alto,false,4/2/2000,Asesoría grupal,7/24/2005,Académica,3/22/2015,true
721275,Aldwin,Corbet,acorbet66@msu.edu,8,Psicosocial,Alto,Admitido,Medio,,Medio,false,3/3/2022,Terapia individual,1/12/2008,Psicosocial,1/22/2006,false
908110,Gordie,Jessett,gjessett67@abc.net.au,2,Psicosocial,Medio,Admitido,Alto,7/21/2005,Bajo,false,4/14/2005,Asesoría grupal,2/21/2015,Económica,3/6/2001,true
145421,Davine,Melanaphy,dmelanaphy68@hao123.com,1,Académica,Medio,Nuevo,Alto,9/12/2022,Bajo,true,4/24/2011,Asesoría grupal,10/5/2011,Psicosocial,8/1/2009,true
477769,Rayshell,Tireman,rtireman69@nifty.com,9,Académica,Muy alto,Nuevo,Medio,2/14/2019,Medio,false,9/18/2001,Asesoría grupal,6/9/2001,Psicosocial,10/27/2007,true
852301,Stacie,Growy,sgrowy6a@go.com,10,Económica,Alto,Nuevo,Bajo,5/11/2015,Alto,true,1/6/2017,Actividades de autocuidado,1/27/2022,Múltiple,3/4/2022,false
610296,Carilyn,Kupisz,ckupisz6b@toplist.cz,7,Económica,Medio,Nuevo,Alto,9/7/2020,Bajo,false,6/30/2013,Talleres psicosociales,8/4/2022,Económica,9/10/2017,false
633396,Ebonee,Rolls,erolls6c@dell.com,5,Académica,Muy bajo,Nuevo,Alto,8/20/2020,Bajo,false,11/15/2017,Asesoría grupal,3/9/2022,Psicosocial,5/21/2021,false
553694,Dorri,Streak,dstreak6d@spiegel.de,1,Académica,Bajo,Media académica,Medio,4/18/2009,Medio,false,3/3/2006,Otro,6/13/2002,Económica,2/23/2007,true
993696,Aldwin,Luchetti,aluchetti6e@t-online.de,5,Múltiple,Medio,Admitido,Medio,2/1/2006,Medio,true,2/18/2006,Talleres psicosociales,5/14/2010,Económica,2/29/2012,true
32771,Lula,Furze,lfurze6f@bandcamp.com,6,Académica,Muy alto,Admitido,Bajo,8/10/2020,Alto,false,6/3/2021,Talleres psicosociales,11/20/2019,Múltiple,6/15/2012,false
633508,Astra,Prynne,aprynne6g@bbc.co.uk,7,Múltiple,Bajo,Admitido,Medio,12/8/2005,Bajo,true,11/1/2019,Actividades de autocuidado,3/15/2013,Económica,1/24/2012,true
218108,Kassandra,Braam,kbraam6h@umich.edu,2,Múltiple,Muy bajo,Nuevo,Medio,12/7/2011,Bajo,true,8/21/2014,Asesoría grupal,8/14/2009,Múltiple,7/22/2008,false
616906,Bettine,Rowles,browles6i@java.com,5,Múltiple,Muy bajo,Nuevo,Medio,8/14/2013,Muy Bajo,false,10/10/2003,Asesoría grupal,1/18/2016,Académica,11/9/2022,true
50659,Isahella,Peck,ipeck6j@elegantthemes.com,1,Económica,Muy alto,Admitido,Alto,6/22/2021,Alto,true,10/26/2022,Terapia individual,6/14/2005,Múltiple,12/17/2008,true
576204,Jerrine,Westmorland,jwestmorland6k@flavors.me,2,Múltiple,Muy bajo,Media académica,Bajo,4/21/2001,Alto,true,10/22/2008,Asesoría grupal,10/22/2005,Psicosocial,1/12/2019,true
136637,Rosanne,Ashborne,rashborne6l@desdev.cn,3,Psicosocial,Alto,Nuevo,Medio,1/1/2005,Alto,false,4/28/2014,Asesoría grupal,4/4/2000,Psicosocial,6/9/2022,false
978434,Tabby,Maso,tmaso6m@ycombinator.com,3,Psicosocial,Bajo,Media académica,Medio,4/25/2003,Alto,true,2/5/2021,Asesoría grupal,1/8/2013,Psicosocial,1/30/2020,false
823268,Mitchell,Croxon,mcroxon6n@buzzfeed.com,4,Múltiple,Bajo,Nuevo,Bajo,10/13/2015,Bajo,false,11/17/2003,Otro,5/25/2007,Económica,8/2/2007,true
382589,Abagail,Degan,adegan6o@1und1.de,9,Psicosocial,Bajo,Admitido,Alto,10/13/2003,Medio,false,10/29/2010,Terapia individual,10/21/2020,Múltiple,3/10/2008,true
756676,Junina,Miere,jmiere6p@epa.gov,4,Académica,Alto,Admitido,Medio,11/26/2000,Medio,false,9/25/2022,Talleres psicosociales,11/26/2009,Económica,6/14/2001,false
354187,Bank,Cholomin,bcholomin6q@slate.com,1,Académica,Muy alto,Media académica,Bajo,4/25/2001,Bajo,true,11/28/2006,Otro,2/5/2018,Académica,8/22/2014,false
1129,Bret,Dudding,bdudding6r@homestead.com,9,Psicosocial,Muy bajo,Nuevo,Alto,2/4/2001,Muy Bajo,true,4/1/2009,Actividades de autocuidado,8/5/2007,Múltiple,12/12/2014,false
876439,Silas,Cotsford,scotsford6s@phoca.cz,1,Psicosocial,Muy bajo,Nuevo,Medio,9/23/2020,Bajo,true,11/12/2003,Talleres psicosociales,12/27/2000,Académica,7/27/2002,true
84263,Norman,Dureden,ndureden6t@google.co.jp,3,Psicosocial,Bajo,Admitido,Medio,9/16/2018,Medio,true,9/12/2012,Actividades de autocuidado,9/20/2021,Académica,11/22/2012,false
375306,Alyss,Comfort,acomfort6u@1688.com,6,Múltiple,Medio,Nuevo,Medio,10/14/2019,Medio,false,6/19/2021,Terapia individual,7/13/2022,Académica,2/19/2006,true
877687,Micky,Gilbride,mgilbride6v@cloudflare.com,10,Psicosocial,Alto,Admitido,Bajo,8/17/2011,Muy Bajo,false,11/18/2000,Otro,10/26/2008,Psicosocial,12/14/2009,false
365057,Tracee,Schimoni,tschimoni6w@ameblo.jp,1,Múltiple,Alto,Admitido,Medio,6/1/2011,Muy Bajo,true,11/15/2012,Terapia individual,3/15/2004,Psicosocial,10/26/2013,false
143473,Freddie,Edson,fedson6x@netvibes.com,6,Psicosocial,Muy bajo,Media académica,Bajo,8/30/2020,Bajo,true,9/24/2008,Otro,9/4/2003,Psicosocial,9/9/2012,false
506285,Lane,Benbow,lbenbow6y@ehow.com,4,Múltiple,Muy alto,Nuevo,Medio,,Bajo,false,11/28/2011,Otro,7/22/2001,Psicosocial,1/24/2002,true
8462,Taryn,Mattys,tmattys6z@ca.gov,2,Múltiple,Muy bajo,Admitido,Alto,1/15/2020,Alto,true,9/7/2010,Otro,7/11/2006,Múltiple,8/24/2004,false
26600,Cherri,Martellini,cmartellini70@t.co,4,Académica,Medio,Admitido,Bajo,11/6/2021,Medio,true,1/7/2017,Actividades de autocuidado,10/20/2001,Múltiple,4/20/2010,true
301423,Stanford,Pullen,spullen71@businesswire.com,5,Económica,Alto,Admitido,Alto,12/23/2017,Bajo,true,8/17/2009,Talleres psicosociales,2/9/2009,Múltiple,5/12/2006,false
241722,Hercule,Petr,hpetr72@a8.net,9,Económica,Muy bajo,Admitido,Alto,7/25/2002,Medio,true,3/2/2014,Talleres psicosociales,12/8/2016,Académica,11/18/2001,false
574524,Juliann,Jaggs,jjaggs73@ibm.com,4,Económica,Medio,Admitido,Alto,9/6/2005,Medio,true,7/26/2001,Actividades de autocuidado,8/1/2009,Económica,4/11/2004,true
622124,Mal,McGrath,mmcgrath74@paginegialle.it,1,Económica,Bajo,Nuevo,Alto,9/25/2021,Muy Bajo,false,3/15/2016,Terapia individual,8/17/2010,Psicosocial,10/9/2000,true
763642,Thorn,Pikesley,tpikesley75@opensource.org,4,Múltiple,Muy alto,Media académica,Bajo,1/20/2016,Muy Bajo,true,3/5/2005,Actividades de autocuidado,3/14/2018,Psicosocial,11/13/2015,true
849735,Reggi,Queyeiro,rqueyeiro76@skype.com,5,Económica,Alto,Media académica,Medio,4/27/2018,Medio,true,8/14/2011,Talleres psicosociales,1/30/2006,Psicosocial,10/3/2004,true
532071,Opal,Murtimer,omurtimer77@mozilla.org,4,Económica,Alto,Nuevo,Bajo,7/6/2011,Muy Bajo,true,3/13/2002,Asesoría grupal,6/3/2005,Múltiple,1/21/2006,false
386004,Jayme,Waiton,jwaiton78@biglobe.ne.jp,2,Psicosocial,Muy alto,Admitido,Bajo,10/1/2018,Bajo,true,9/6/2000,Asesoría grupal,6/1/2002,Académica,1/27/2007,true
344511,Bettine,Aime,baime79@wunderground.com,9,Académica,Bajo,Media académica,Alto,5/6/2008,Alto,false,6/14/2005,Actividades de autocuidado,10/25/2017,Económica,5/18/2020,false
472441,Bibby,Sagerson,bsagerson7a@live.com,6,Múltiple,Medio,Media académica,Alto,12/8/2001,Bajo,true,8/2/2016,Talleres psicosociales,11/20/2006,Múltiple,8/22/2012,false
74512,Doloritas,Ellif,dellif7b@elpais.com,7,Económica,Bajo,Nuevo,Alto,7/28/2014,Alto,true,7/22/2017,Asesoría grupal,7/9/2005,Académica,7/9/2016,false
255459,Piotr,Hartin,phartin7c@dailymotion.com,10,Múltiple,Alto,Admitido,Medio,11/12/2013,Muy Bajo,false,10/15/2001,Talleres psicosociales,5/7/2011,Académica,6/23/2019,false
719521,Cathi,McQuade,cmcquade7d@seattletimes.com,8,Múltiple,Muy bajo,Nuevo,Medio,,Medio,false,4/23/2013,Terapia individual,1/5/2007,Académica,1/18/2000,true
454651,Emogene,Frankland,efrankland7e@freewebs.com,6,Psicosocial,Bajo,Media académica,Bajo,1/26/2008,Alto,false,3/15/2006,Talleres psicosociales,5/10/2000,Económica,3/28/2000,true
428783,Kimbell,Pilsworth,kpilsworth7f@mayoclinic.com,7,Económica,Medio,Admitido,Bajo,6/25/2005,Bajo,true,4/11/2008,Otro,9/18/2021,Múltiple,10/23/2018,true
56497,Mella,Glasser,mglasser7g@mediafire.com,8,Académica,Bajo,Nuevo,Alto,3/10/2002,Medio,true,5/31/2010,Asesoría grupal,5/9/2004,Económica,6/12/2015,false
320109,Leah,Pullman,lpullman7h@meetup.com,7,Psicosocial,Muy bajo,Admitido,Alto,1/8/2016,Medio,true,5/7/2015,Otro,12/27/2017,Académica,7/1/2020,true
526583,Sherilyn,Hakes,shakes7i@livejournal.com,8,Psicosocial,Medio,Admitido,Bajo,3/30/2013,Bajo,false,7/24/2001,Terapia individual,6/29/2021,Múltiple,6/12/2004,false
326416,Roanne,Badman,rbadman7j@goo.gl,1,Psicosocial,Bajo,Media académica,Alto,5/6/2018,Muy Bajo,false,5/16/2014,Asesoría grupal,9/15/2006,Académica,6/15/2008,true
620389,Anastassia,Dyshart,adyshart7k@hostgator.com,10,Múltiple,Medio,Nuevo,Alto,5/30/2016,Muy Bajo,false,6/27/2002,Terapia individual,6/21/2013,Psicosocial,2/5/2004,true
906991,Brina,Edmonds,bedmonds7l@sogou.com,7,Psicosocial,Medio,Media académica,Alto,12/8/2014,Bajo,true,2/28/2002,Actividades de autocuidado,10/16/2003,Económica,3/2/2003,false
122811,Abeu,Pitcher,apitcher7m@engadget.com,4,Académica,Alto,Admitido,Alto,7/22/2018,Muy Bajo,true,9/28/2003,Otro,9/26/2007,Múltiple,6/11/2021,false
37809,Alana,Passmore,apassmore7n@constantcontact.com,8,Múltiple,Muy bajo,Admitido,Bajo,11/8/2002,Medio,false,9/17/2013,Terapia individual,8/29/2005,Psicosocial,2/21/2016,true
478454,Reece,Mazzia,rmazzia7o@clickbank.net,8,Múltiple,Bajo,Media académica,Bajo,4/28/2010,Bajo,true,10/6/2017,Actividades de autocuidado,11/13/2007,Académica,10/16/2000,false
702353,Ken,Scandroot,kscandroot7p@kickstarter.com,9,Psicosocial,Alto,Media académica,Medio,4/4/2005,Bajo,true,1/30/2014,Talleres psicosociales,11/17/2019,Múltiple,12/29/2001,true
375389,Boot,Pylkynyton,bpylkynyton7q@adobe.com,1,Académica,Alto,Nuevo,Bajo,5/19/2005,Muy Bajo,false,8/28/2007,Talleres psicosociales,12/9/2021,Psicosocial,9/25/2002,false
430414,Pincus,Brumen,pbrumen7r@chron.com,9,Académica,Muy alto,Media académica,Medio,2/2/2001,Muy Bajo,true,11/1/2003,Terapia individual,2/23/2000,Psicosocial,7/12/2017,true
325183,Cristen,Furmonger,cfurmonger7s@lycos.com,7,Económica,Alto,Nuevo,Alto,5/21/2012,Muy Bajo,true,2/14/2011,Otro,12/25/2000,Económica,1/7/2008,false
148345,Terrijo,Waren,twaren7t@va.gov,10,Psicosocial,Bajo,Media académica,Bajo,12/18/2008,Alto,false,2/22/2009,Asesoría grupal,11/5/2016,Múltiple,4/14/2005,false
578439,Dulcy,Hayers,dhayers7u@tripadvisor.com,6,Económica,Medio,Admitido,Medio,10/20/2018,Alto,true,2/4/2019,Otro,10/7/2008,Múltiple,1/29/2014,false
662341,Cheston,Braunstein,cbraunstein7v@rakuten.co.jp,4,Económica,Muy bajo,Media académica,Bajo,2/1/2010,Muy Bajo,true,2/3/2016,Talleres psicosociales,5/2/2022,Múltiple,1/17/2008,true
896669,Dorotea,Wightman,dwightman7w@wikia.com,2,Académica,Alto,Admitido,Medio,10/16/2009,Medio,false,9/1/2020,Otro,3/18/2017,Psicosocial,3/14/2021,true
559561,Theodore,Demann,tdemann7x@tamu.edu,9,Económica,Alto,Nuevo,Medio,1/9/2005,Medio,true,8/26/2021,Actividades de autocuidado,4/10/2014,Múltiple,2/25/2016,false
563922,Henrie,Carder,hcarder7y@pagesperso-orange.fr,1,Psicosocial,Muy alto,Admitido,Bajo,2/28/2001,Medio,false,12/20/2016,Actividades de autocuidado,4/5/2013,Psicosocial,10/8/2005,false
904801,Laurie,Toke,ltoke7z@bbb.org,7,Psicosocial,Bajo,Nuevo,Bajo,3/12/2004,Medio,false,12/8/2001,Terapia individual,2/23/2008,Económica,3/2/2011,true
442294,Basil,Dumbrall,bdumbrall80@guardian.co.uk,1,Económica,Alto,Admitido,Alto,10/26/2013,Alto,false,12/9/2000,Terapia individual,1/17/2021,Múltiple,12/5/2011,true
73805,Reg,Cheetham,rcheetham81@dyndns.org,6,Psicosocial,Alto,Media académica,Medio,12/14/2004,Alto,false,3/3/2003,Otro,7/16/2008,Académica,12/22/2007,true
565676,Aloysia,Nowell,anowell82@answers.com,6,Académica,Bajo,Media académica,Bajo,3/4/2021,Medio,false,1/16/2004,Talleres psicosociales,4/7/2002,Académica,2/17/2002,false
903423,Darn,Pimbley,dpimbley83@dell.com,7,Múltiple,Medio,Admitido,Medio,10/12/2020,Muy Bajo,true,11/23/2011,Otro,2/8/2003,Psicosocial,3/5/2012,true
619919,Zackariah,Silverman,zsilverman84@paypal.com,10,Psicosocial,Muy bajo,Admitido,Medio,7/16/2018,Medio,true,6/5/2010,Actividades de autocuidado,2/14/2022,Psicosocial,12/13/2004,false
244984,Eliza,Bangley,ebangley85@unc.edu,7,Múltiple,Bajo,Media académica,Bajo,2/26/2009,Alto,false,6/2/2009,Terapia individual,10/11/2012,Psicosocial,11/14/2021,false
102688,Armstrong,Julien,ajulien86@dropbox.com,5,Múltiple,Muy bajo,Media académica,Alto,9/2/2022,Bajo,false,4/29/2016,Actividades de autocuidado,1/12/2017,Múltiple,6/23/2004,false
875241,Amata,Bear,abear87@nature.com,6,Múltiple,Bajo,Media académica,Alto,9/25/2000,Medio,false,3/17/2004,Talleres psicosociales,11/11/2006,Psicosocial,6/6/2017,true
712546,Corette,Hardaway,chardaway88@blogspot.com,9,Múltiple,Muy bajo,Admitido,Alto,4/8/2022,Medio,true,1/27/2015,Otro,12/12/2015,Económica,7/2/2007,false
75694,Yale,Condy,ycondy89@fda.gov,1,Psicosocial,Muy bajo,Nuevo,Bajo,6/8/2001,Muy Bajo,true,2/2/2005,Asesoría grupal,8/8/2022,Psicosocial,10/18/2009,true
658105,Jorie,Burbridge,jburbridge8a@uol.com.br,8,Académica,Bajo,Media académica,Medio,3/4/2022,Alto,false,8/17/2003,Asesoría grupal,8/15/2020,Psicosocial,3/13/2004,false
128567,Nicolea,Bringloe,nbringloe8b@istockphoto.com,4,Económica,Medio,Media académica,Bajo,4/6/2008,Medio,false,4/5/2013,Actividades de autocuidado,6/14/2006,Psicosocial,2/24/2000,true
712861,Marlane,Samwyse,msamwyse8c@cafepress.com,6,Académica,Medio,Nuevo,Alto,7/28/2014,Alto,false,11/17/2008,Talleres psicosociales,9/1/2000,Económica,3/14/2011,true
507622,Tess,Ryam,tryam8d@cpanel.net,3,Económica,Muy bajo,Admitido,Alto,3/9/2003,Bajo,true,7/7/2016,Terapia individual,8/8/2001,Múltiple,5/27/2013,true
639062,Jimmy,Kinnane,jkinnane8e@virginia.edu,6,Académica,Muy alto,Media académica,Alto,3/5/2001,Muy Bajo,true,2/12/2001,Asesoría grupal,4/4/2007,Múltiple,3/2/2007,false
975662,Elisha,Wormald,ewormald8f@cdbaby.com,9,Económica,Bajo,Media académica,Bajo,5/10/2004,Bajo,false,11/10/2019,Terapia individual,6/6/2019,Económica,8/30/2012,true
376014,Zeb,Arnli,zarnli8g@g.co,6,Académica,Medio,Admitido,Medio,7/12/2011,Bajo,false,10/21/2015,Otro,4/21/2008,Psicosocial,2/16/2009,false
610153,Chrissie,Hansod,chansod8h@amazon.co.uk,3,Múltiple,Muy alto,Nuevo,Medio,3/8/2017,Bajo,false,9/19/2021,Otro,10/17/2016,Psicosocial,7/26/2011,false
792290,Gwendolin,Henbury,ghenbury8i@europa.eu,2,Económica,Bajo,Media académica,Alto,2/18/2000,Muy Bajo,false,9/11/2003,Actividades de autocuidado,8/3/2002,Económica,11/28/2011,true
691841,Olag,Studdeard,ostuddeard8j@uol.com.br,6,Múltiple,Bajo,Media académica,Medio,9/27/2014,Alto,false,10/17/2002,Actividades de autocuidado,12/20/2012,Académica,7/2/2003,true
163152,Emmerich,Rogerot,erogerot8k@ihg.com,6,Económica,Bajo,Nuevo,Medio,7/7/2017,Medio,true,7/25/2010,Terapia individual,2/14/2000,Económica,10/12/2000,false
739855,Mac,Rampage,mrampage8l@vkontakte.ru,1,Académica,Alto,Nuevo,Bajo,8/3/2002,Bajo,false,7/11/2011,Otro,8/14/2014,Psicosocial,12/14/2021,true
518888,Arther,Carvell,acarvell8m@about.com,9,Múltiple,Bajo,Nuevo,Alto,1/9/2006,Medio,true,1/7/2022,Asesoría grupal,2/6/2021,Económica,5/17/2008,true
580873,Jeff,Calladine,jcalladine8n@thetimes.co.uk,9,Psicosocial,Muy bajo,Nuevo,Bajo,8/28/2006,Bajo,false,12/6/2021,Actividades de autocuidado,8/17/2020,Económica,9/14/2015,true
502684,Elli,Lassells,elassells8o@friendfeed.com,3,Psicosocial,Muy alto,Media académica,Alto,2/13/2008,Alto,true,10/7/2004,Terapia individual,11/10/2012,Múltiple,7/12/2007,false
931994,Lazaro,Joppich,ljoppich8p@360.cn,3,Económica,Muy alto,Admitido,Bajo,3/13/2010,Muy Bajo,true,3/26/2002,Otro,7/9/2017,Académica,3/18/2017,true
168699,Joscelin,Firidolfi,jfiridolfi8q@printfriendly.com,1,Psicosocial,Muy alto,Media académica,Alto,12/6/2020,Alto,false,9/26/2019,Terapia individual,8/5/2007,Psicosocial,10/2/2019,true
939299,Faythe,Corradeschi,fcorradeschi8r@wufoo.com,2,Económica,Medio,Nuevo,Medio,7/23/2005,Muy Bajo,true,9/29/2019,Terapia individual,2/14/2016,Múltiple,3/4/2016,false
703490,Jory,Reuther,jreuther8s@jigsy.com,1,Múltiple,Muy alto,Admitido,Medio,4/17/2003,Bajo,false,11/2/2022,Talleres psicosociales,1/5/2020,Económica,3/28/2006,true
950657,Kelbee,Biernat,kbiernat8t@wikispaces.com,4,Múltiple,Bajo,Media académica,Bajo,6/29/2007,Muy Bajo,true,3/23/2003,Terapia individual,2/25/2011,Académica,12/6/2014,true
719525,Justina,Ellicott,jellicott8u@quantcast.com,7,Académica,Medio,Admitido,Bajo,12/13/2006,Muy Bajo,false,2/6/2007,Asesoría grupal,10/23/2005,Múltiple,6/13/2001,true
330935,Patricia,McClymont,pmcclymont8v@qq.com,2,Económica,Alto,Nuevo,Bajo,7/19/2011,Alto,true,2/12/2016,Actividades de autocuidado,2/5/2016,Múltiple,2/15/2010,false
500446,Kris,Durgan,kdurgan8w@sciencedaily.com,1,Económica,Muy bajo,Media académica,Alto,1/28/2000,Bajo,true,6/20/2018,Otro,2/20/2007,Múltiple,2/27/2006,true
584671,Vinnie,Witheford,vwitheford8x@nature.com,2,Psicosocial,Alto,Admitido,Alto,8/15/2019,Alto,true,12/13/2013,Otro,6/4/2000,Académica,8/5/2019,false
488015,Federico,Butler-Bowdon,fbutlerbowdon8y@mediafire.com,3,Académica,Muy bajo,Admitido,Alto,6/26/2012,Alto,false,7/22/2016,Terapia individual,5/25/2017,Múltiple,6/22/2015,true
935714,Annadiana,Leming,aleming8z@amazonaws.com,2,Económica,Bajo,Media académica,Medio,2/24/2016,Muy Bajo,true,6/12/2021,Asesoría grupal,1/16/2020,Psicosocial,5/13/2017,false
542805,Mendel,Lightwood,mlightwood90@tuttocitta.it,4,Psicosocial,Muy bajo,Nuevo,Alto,1/25/2012,Bajo,false,12/22/2006,Talleres psicosociales,6/12/2020,Psicosocial,11/13/2001,true
210469,Giselle,Goreisr,ggoreisr91@statcounter.com,5,Académica,Muy alto,Nuevo,Bajo,2/25/2009,Alto,true,11/30/2008,Actividades de autocuidado,9/18/2006,Académica,8/6/2010,true
312426,Lesly,Triggs,ltriggs92@google.es,4,Psicosocial,Alto,Admitido,Alto,8/14/2013,Muy Bajo,true,5/7/2011,Talleres psicosociales,2/8/2016,Psicosocial,7/27/2001,false
974397,Gunter,McElree,gmcelree93@indiatimes.com,5,Académica,Muy bajo,Admitido,Medio,8/15/2005,Alto,false,6/30/2005,Terapia individual,2/29/2020,Académica,9/15/2002,true
557224,Clarisse,Ricardin,cricardin94@dot.gov,8,Académica,Muy bajo,Media académica,Bajo,12/22/2007,Alto,false,8/14/2006,Terapia individual,5/26/2019,Psicosocial,3/15/2002,false
549646,Freddi,Blowes,fblowes95@networkadvertising.org,2,Económica,Muy alto,Media académica,Bajo,9/30/2017,Muy Bajo,false,10/22/2001,Otro,9/7/2020,Académica,7/26/2006,false
814024,Seymour,Stanex,sstanex96@dagondesign.com,6,Académica,Muy alto,Nuevo,Medio,3/31/2015,Alto,false,12/18/2019,Asesoría grupal,12/24/2006,Económica,9/26/2020,true
372786,Anthia,Glitherow,aglitherow97@people.com.cn,4,Económica,Bajo,Nuevo,Bajo,,Muy Bajo,true,3/27/2020,Terapia individual,7/18/2021,Psicosocial,9/5/2007,true
892017,Sigismond,Walliker,swalliker98@freewebs.com,8,Económica,Alto,Media académica,Alto,12/5/2013,Medio,true,10/9/2008,Otro,7/5/2016,Económica,9/18/2011,true
521024,Rosabel,Rodgers,rrodgers99@github.io,6,Múltiple,Muy alto,Media académica,Bajo,5/29/2008,Medio,true,5/30/2008,Actividades de autocuidado,7/26/2007,Múltiple,3/14/2014,true
845345,Lars,Perris,lperris9a@163.com,9,Múltiple,Bajo,Nuevo,Medio,4/7/2019,Alto,false,11/15/2006,Actividades de autocuidado,8/2/2021,Académica,2/18/2019,true
425340,Alvera,Furlong,afurlong9b@netlog.com,3,Económica,Muy bajo,Media académica,Bajo,4/15/2014,Bajo,true,2/21/2010,Otro,12/18/2002,Académica,3/28/2021,false
52840,Dunc,Hankey,dhankey9c@unblog.fr,4,Académica,Alto,Admitido,Medio,12/30/2005,Muy Bajo,false,8/23/2004,Asesoría grupal,3/20/2003,Múltiple,10/20/2002,false
820852,Skippy,Cattini,scattini9d@hexun.com,8,Psicosocial,Bajo,Media académica,Alto,4/16/2013,Bajo,true,1/22/2018,Talleres psicosociales,4/7/2021,Múltiple,5/25/2005,false
97756,Bevan,Sonier,bsonier9e@etsy.com,2,Psicosocial,Muy alto,Media académica,Medio,8/13/2019,Bajo,false,4/21/2019,Asesoría grupal,9/9/2018,Psicosocial,4/17/2005,true
423284,Lamar,Shevill,lshevill9f@cmu.edu,6,Múltiple,Muy bajo,Nuevo,Bajo,1/27/2000,Muy Bajo,true,3/26/2020,Actividades de autocuidado,12/28/2021,Económica,12/21/2009,true
534124,Brittni,Sneezum,bsneezum9g@surveymonkey.com,4,Económica,Medio,Media académica,Bajo,6/22/2015,Medio,true,7/23/2013,Talleres psicosociales,4/29/2000,Académica,3/25/2020,false
378302,Stefanie,Darridon,sdarridon9h@delicious.com,4,Académica,Medio,Media académica,Alto,,Muy Bajo,false,4/19/2002,Talleres psicosociales,6/6/2008,Económica,11/7/2011,true
5657,Ana,Ridgeway,aridgeway9i@hhs.gov,4,Económica,Muy alto,Nuevo,Bajo,10/7/2018,Medio,false,2/20/2010,Terapia individual,2/8/2020,Psicosocial,4/4/2017,true
867384,Daffy,Bussons,dbussons9j@addthis.com,4,Múltiple,Muy alto,Admitido,Alto,2/17/2002,Alto,true,7/27/2000,Terapia individual,7/6/2017,Psicosocial,12/1/2006,false
56910,Galvan,Carse,gcarse9k@domainmarket.com,1,Académica,Muy alto,Media académica,Bajo,8/18/2021,Muy Bajo,false,3/25/2016,Talleres psicosociales,12/4/2013,Múltiple,5/5/2022,true
943326,Nicolas,de Verson,ndeverson9l@unesco.org,1,Académica,Bajo,Media académica,Medio,6/12/2012,Medio,false,3/21/2000,Otro,4/4/2000,Económica,6/22/2001,false
684651,Sawyer,Cannings,scannings9m@addtoany.com,5,Académica,Muy alto,Media académica,Medio,10/10/2006,Alto,false,8/8/2018,Talleres psicosociales,10/8/2004,Psicosocial,2/12/2001,false
148470,Alikee,Crockley,acrockley9n@ezinearticles.com,4,Académica,Bajo,Admitido,Alto,4/14/2012,Bajo,true,5/12/2004,Terapia individual,3/19/2009,Múltiple,3/31/2013,false
759506,Arabelle,Mollett,amollett9o@go.com,2,Psicosocial,Alto,Media académica,Medio,7/27/2020,Medio,true,1/16/2010,Otro,7/3/2001,Psicosocial,3/24/2001,false
248243,Mercy,Hissie,mhissie9p@tuttocitta.it,4,Económica,Muy bajo,Nuevo,Medio,2/21/2018,Medio,true,10/7/2011,Actividades de autocuidado,3/6/2010,Académica,4/2/2015,true
197758,Mervin,Chapelle,mchapelle9q@vkontakte.ru,6,Académica,Alto,Admitido,Alto,1/1/2019,Medio,false,7/13/2000,Actividades de autocuidado,7/8/2009,Psicosocial,4/14/2004,true
243195,Alexandra,Somerset,asomerset9r@accuweather.com,6,Múltiple,Bajo,Admitido,Medio,2/10/2020,Medio,false,8/31/2009,Actividades de autocuidado,11/21/2003,Psicosocial,6/24/2011,false
326573,Bradley,Josipovitz,bjosipovitz9s@ed.gov,4,Psicosocial,Muy bajo,Media académica,Medio,7/31/2003,Medio,true,12/5/2021,Talleres psicosociales,4/23/2007,Académica,1/28/2004,false
992403,Pooh,Jarrelt,pjarrelt9t@spiegel.de,6,Múltiple,Muy alto,Admitido,Bajo,7/13/2007,Bajo,false,1/22/2022,Asesoría grupal,1/8/2017,Académica,8/7/2017,false
288916,Oneida,Scottrell,oscottrell9u@surveymonkey.com,9,Psicosocial,Muy bajo,Nuevo,Bajo,11/17/2015,Alto,false,4/27/2010,Asesoría grupal,6/26/2016,Psicosocial,1/17/2008,false
997299,Erwin,Bysouth,ebysouth9v@xrea.com,9,Académica,Muy alto,Media académica,Bajo,7/14/2000,Medio,true,1/28/2022,Terapia individual,12/15/2022,Económica,6/16/2001,true
553660,Noam,Cubitt,ncubitt9w@ovh.net,3,Económica,Muy alto,Admitido,Alto,6/16/2017,Bajo,true,2/19/2002,Talleres psicosociales,1/31/2018,Psicosocial,5/8/2005,true
27197,Sari,Hailston,shailston9x@msu.edu,3,Económica,Muy alto,Nuevo,Bajo,10/8/2010,Bajo,false,9/30/2005,Actividades de autocuidado,5/3/2011,Académica,10/23/2006,false
538474,Casi,Wisdom,cwisdom9y@mapy.cz,7,Económica,Alto,Media académica,Bajo,9/28/2006,Medio,false,1/26/2002,Talleres psicosociales,10/8/2013,Psicosocial,1/1/2001,false
451935,Ernesto,Debling,edebling9z@last.fm,1,Económica,Medio,Media académica,Medio,,Alto,true,9/3/2006,Otro,8/5/2008,Psicosocial,1/10/2015,false
153018,Mariann,MacCleod,mmaccleoda0@photobucket.com,3,Psicosocial,Muy bajo,Admitido,Alto,2/2/2003,Medio,true,9/11/2003,Actividades de autocuidado,12/8/2010,Psicosocial,6/7/2009,true
600886,Filippo,Blanch,fblancha1@lulu.com,2,Económica,Muy bajo,Admitido,Alto,8/29/2022,Medio,false,7/19/2008,Terapia individual,3/28/2010,Psicosocial,2/9/2021,true
143300,Bruis,Rewbottom,brewbottoma2@mashable.com,4,Económica,Muy bajo,Media académica,Bajo,9/20/2000,Bajo,true,1/19/2008,Otro,10/1/2015,Psicosocial,7/6/2022,false
195874,Julita,Poxton,jpoxtona3@ow.ly,5,Económica,Alto,Nuevo,Alto,7/24/2017,Muy Bajo,false,11/20/2006,Otro,12/21/2001,Psicosocial,1/18/2018,true
924271,Lothario,Blanche,lblanchea4@wunderground.com,3,Psicosocial,Medio,Media académica,Bajo,11/25/2009,Medio,false,3/12/2019,Otro,11/10/2019,Económica,6/4/2013,true
612085,Cord,Arnaudon,carnaudona5@ebay.co.uk,8,Económica,Bajo,Nuevo,Medio,8/9/2020,Alto,true,11/21/2022,Actividades de autocuidado,9/7/2000,Académica,10/15/2013,true
603135,Eolanda,Vaughton,evaughtona6@delicious.com,4,Académica,Muy bajo,Nuevo,Bajo,7/1/2004,Muy Bajo,true,4/15/2000,Actividades de autocuidado,12/13/2016,Múltiple,3/10/2019,false
745055,Wilma,Nevill,wnevilla7@chicagotribune.com,10,Académica,Muy bajo,Nuevo,Medio,12/15/2016,Alto,true,11/11/2004,Otro,11/20/2018,Económica,12/5/2007,true
882729,Rosana,Curtiss,rcurtissa8@nydailynews.com,3,Académica,Bajo,Nuevo,Bajo,8/17/2013,Bajo,false,12/23/2001,Terapia individual,7/27/2001,Económica,6/20/2013,false
335884,Lucie,Lean,lleana9@seesaa.net,9,Académica,Medio,Admitido,Alto,1/2/2020,Medio,false,4/15/2010,Actividades de autocuidado,6/22/2013,Múltiple,6/23/2015,true
763145,Lyndsey,Olenin,loleninaa@who.int,6,Académica,Alto,Admitido,Medio,11/6/2004,Bajo,false,5/29/2018,Actividades de autocuidado,3/24/2007,Académica,10/23/2010,true
748698,Bernadina,Swindle,bswindleab@xing.com,8,Académica,Bajo,Admitido,Medio,10/3/2008,Bajo,true,10/1/2002,Asesoría grupal,8/1/2003,Psicosocial,4/21/2022,true
743998,Nissie,Cockshott,ncockshottac@lulu.com,1,Psicosocial,Medio,Media académica,Medio,5/25/2012,Muy Bajo,true,2/15/2011,Otro,11/16/2016,Académica,1/6/2014,true
662926,Sallyann,Craigg,scraiggad@patch.com,2,Económica,Bajo,Admitido,Medio,5/6/2018,Medio,true,1/4/2017,Terapia individual,4/21/2003,Económica,9/22/2013,false
394375,Thibaud,Vina,tvinaae@exblog.jp,5,Económica,Medio,Admitido,Medio,1/9/2018,Bajo,false,5/3/2001,Otro,4/10/2003,Psicosocial,4/16/2020,true
147828,Merell,Looker,mlookeraf@china.com.cn,3,Psicosocial,Bajo,Media académica,Bajo,6/15/2009,Bajo,false,3/2/2019,Actividades de autocuidado,7/25/2016,Múltiple,4/17/2000,false
583453,Pris,Popescu,ppopescuag@patch.com,4,Psicosocial,Bajo,Media académica,Alto,3/23/2009,Muy Bajo,false,10/3/2022,Talleres psicosociales,2/20/2021,Económica,12/4/2022,false
344140,Claudell,Songhurst,csonghurstah@csmonitor.com,4,Académica,Muy bajo,Media académica,Bajo,6/14/2009,Muy Bajo,false,6/7/2009,Actividades de autocuidado,11/6/2016,Psicosocial,6/2/2014,true
71831,Flo,Bewsey,fbewseyai@state.gov,10,Económica,Bajo,Media académica,Alto,10/31/2014,Alto,false,9/29/2001,Talleres psicosociales,11/13/2006,Múltiple,5/28/2019,true
876339,Bran,Mosby,bmosbyaj@howstuffworks.com,4,Psicosocial,Muy alto,Nuevo,Bajo,11/16/2013,Bajo,true,7/15/2002,Terapia individual,7/20/2000,Académica,2/19/2020,false
625190,Hester,McParland,hmcparlandak@wikispaces.com,5,Psicosocial,Muy bajo,Nuevo,Alto,12/16/2019,Alto,true,1/28/2017,Otro,1/22/2012,Múltiple,11/22/2012,false
581991,Tammie,Mines,tminesal@ebay.com,1,Académica,Bajo,Nuevo,Bajo,8/26/2000,Alto,false,6/4/2016,Otro,6/7/2015,Psicosocial,7/10/2002,false
795800,Jordan,Calver,jcalveram@hp.com,5,Académica,Alto,Admitido,Medio,9/10/2017,Bajo,true,11/26/2002,Talleres psicosociales,12/31/2021,Psicosocial,10/28/2022,true
967570,Ricki,Sparshatt,rsparshattan@guardian.co.uk,3,Múltiple,Muy alto,Nuevo,Medio,6/23/2013,Bajo,false,11/21/2009,Asesoría grupal,6/5/2022,Múltiple,6/11/2019,false
618380,Deeann,Westmorland,dwestmorlandao@merriam-webster.com,7,Múltiple,Medio,Admitido,Alto,7/24/2016,Alto,true,4/6/2010,Terapia individual,7/7/2019,Múltiple,8/30/2008,true
46809,Con,Croom,ccroomap@nba.com,7,Académica,Muy alto,Admitido,Medio,8/26/2017,Medio,true,11/6/2002,Talleres psicosociales,4/20/2012,Académica,11/8/2016,true
713227,Mollee,Schistl,mschistlaq@angelfire.com,4,Económica,Bajo,Admitido,Alto,6/10/2021,Muy Bajo,false,3/24/2019,Terapia individual,12/12/2011,Múltiple,3/21/2015,false
709672,Lemmy,Felstead,lfelsteadar@woothemes.com,3,Múltiple,Muy alto,Media académica,Alto,5/23/2010,Alto,false,5/25/2014,Otro,11/10/2020,Múltiple,10/5/2004,false
759153,Josepha,Dundendale,jdundendaleas@newyorker.com,6,Económica,Muy bajo,Media académica,Alto,1/20/2021,Bajo,false,5/6/2004,Actividades de autocuidado,10/20/2021,Académica,10/28/2016,true
749462,Cristen,Morratt,cmorrattat@tripod.com,1,Académica,Medio,Nuevo,Alto,8/6/2020,Bajo,false,9/12/2002,Otro,2/25/2021,Académica,5/2/2015,true
306220,Gaelan,Howsam,ghowsamau@netvibes.com,8,Psicosocial,Bajo,Nuevo,Medio,12/29/2000,Medio,true,4/12/2003,Talleres psicosociales,1/13/2008,Académica,9/27/2008,false
449556,Wit,Pead,wpeadav@miitbeian.gov.cn,9,Económica,Muy bajo,Nuevo,Alto,5/19/2014,Muy Bajo,false,9/24/2009,Terapia individual,10/30/2002,Múltiple,10/8/2017,false
914097,Dimitry,M'Quharge,dmquhargeaw@sbwire.com,6,Económica,Alto,Media académica,Alto,4/3/2006,Muy Bajo,true,1/29/2013,Talleres psicosociales,4/30/2016,Económica,3/22/2007,true
90592,Nadine,Golds,ngoldsax@foxnews.com,1,Múltiple,Bajo,Media académica,Bajo,4/1/2008,Medio,false,1/29/2004,Talleres psicosociales,4/23/2008,Psicosocial,1/23/2013,false
487524,Jannel,Glasebrook,jglasebrookay@un.org,4,Económica,Muy alto,Media académica,Alto,4/11/2021,Bajo,true,11/4/2003,Terapia individual,5/19/2015,Económica,6/7/2003,false
483721,Bobbie,Onn,bonnaz@privacy.gov.au,6,Económica,Bajo,Media académica,Alto,6/15/2008,Medio,false,2/26/2022,Otro,4/25/2003,Económica,6/4/2016,true
526308,Dominic,Drinkwater,ddrinkwaterb0@smugmug.com,5,Económica,Bajo,Admitido,Bajo,7/27/2013,Alto,true,2/26/2001,Otro,6/15/2022,Psicosocial,11/8/2009,false
355372,Alejoa,Elldred,aelldredb1@uol.com.br,8,Múltiple,Medio,Nuevo,Alto,1/7/2007,Alto,false,3/19/2010,Terapia individual,11/7/2009,Académica,6/13/2005,false
468093,Karna,Mordie,kmordieb2@mysql.com,9,Académica,Muy alto,Media académica,Alto,8/8/2005,Muy Bajo,false,6/8/2004,Otro,4/27/2012,Académica,11/3/2016,true
773541,Mada,Whitney,mwhitneyb3@dot.gov,7,Económica,Bajo,Media académica,Alto,2/11/2021,Alto,true,2/2/2006,Otro,9/10/2018,Múltiple,6/14/2020,false
256916,Jordon,Eyers,jeyersb4@nps.gov,1,Múltiple,Muy alto,Media académica,Bajo,11/17/2001,Alto,false,12/11/2006,Otro,6/30/2011,Académica,4/25/2009,false
204146,Normy,Order,norderb5@wsj.com,5,Psicosocial,Medio,Nuevo,Bajo,4/9/2005,Medio,true,2/22/2020,Asesoría grupal,8/1/2000,Académica,7/29/2017,false
111469,Coletta,Stuchbury,cstuchburyb6@admin.ch,4,Múltiple,Bajo,Admitido,Bajo,,Muy Bajo,true,2/5/2000,Otro,3/1/2009,Múltiple,9/22/2018,true
951882,Audy,Curcher,acurcherb7@mlb.com,2,Económica,Alto,Media académica,Alto,7/16/2013,Alto,false,2/4/2009,Asesoría grupal,7/7/2013,Económica,6/7/2020,false
153064,Melisse,Kielt,mkieltb8@samsung.com,5,Económica,Bajo,Nuevo,Bajo,5/29/2012,Medio,true,12/29/2020,Asesoría grupal,9/22/2016,Económica,3/12/2004,false
901710,Leeland,Petow,lpetowb9@tripod.com,5,Económica,Muy bajo,Admitido,Medio,12/1/2012,Alto,false,10/4/2021,Terapia individual,11/17/2020,Múltiple,2/13/2022,false
141915,Harlin,Laidler,hlaidlerba@forbes.com,6,Académica,Bajo,Admitido,Alto,3/2/2005,Muy Bajo,true,6/10/2017,Talleres psicosociales,7/9/2021,Académica,12/22/2017,false
8672,Eden,Testro,etestrobb@disqus.com,2,Psicosocial,Bajo,Admitido,Alto,2/18/2007,Muy Bajo,true,3/20/2011,Otro,9/1/2016,Psicosocial,1/12/2006,false
993038,Benny,Muxworthy,bmuxworthybc@csmonitor.com,10,Académica,Bajo,Admitido,Medio,10/27/2013,Alto,true,3/31/2000,Talleres psicosociales,11/24/2016,Académica,8/10/2014,false
784233,Ches,Gayforth,cgayforthbd@printfriendly.com,9,Académica,Bajo,Nuevo,Bajo,11/30/2003,Muy Bajo,false,9/15/2003,Asesoría grupal,4/21/2022,Económica,12/2/2019,false
589001,Felipe,Wasylkiewicz,fwasylkiewiczbe@google.nl,5,Académica,Muy bajo,Admitido,Bajo,1/3/2021,Muy Bajo,true,6/23/2008,Talleres psicosociales,7/21/2006,Económica,9/12/2000,false
101189,Libbie,McKeurton,lmckeurtonbf@army.mil,5,Múltiple,Medio,Media académica,Bajo,11/5/2004,Medio,false,9/11/2005,Actividades de autocuidado,5/31/2008,Psicosocial,4/6/2008,false
619912,Robbyn,Bovis,rbovisbg@webmd.com,3,Múltiple,Medio,Media académica,Medio,9/7/2014,Bajo,true,2/22/2008,Terapia individual,2/23/2017,Académica,12/8/2011,false
930381,Cassandra,MacInherney,cmacinherneybh@g.co,3,Académica,Bajo,Nuevo,Medio,5/8/2008,Alto,false,8/2/2019,Asesoría grupal,3/7/2011,Múltiple,7/8/2004,false
721904,Dar,Holttom,dholttombi@symantec.com,3,Múltiple,Muy bajo,Media académica,Alto,1/23/2022,Alto,true,12/17/2009,Otro,7/7/2004,Psicosocial,6/28/2021,false
399696,Paten,Chinnock,pchinnockbj@marriott.com,7,Múltiple,Muy bajo,Media académica,Medio,5/13/2007,Bajo,false,1/28/2010,Otro,11/10/2001,Múltiple,6/21/2015,true
477212,Norton,Pren,nprenbk@columbia.edu,1,Académica,Bajo,Admitido,Medio,10/24/2017,Bajo,false,3/31/2004,Terapia individual,10/23/2005,Económica,9/14/2006,false
409659,Orion,Stannah,ostannahbl@state.gov,9,Académica,Bajo,Admitido,Bajo,9/14/2022,Alto,true,4/24/2002,Asesoría grupal,4/1/2010,Académica,1/25/2005,false
475308,Cindie,Lawman,clawmanbm@indiatimes.com,9,Psicosocial,Bajo,Media académica,Medio,7/5/2007,Alto,true,10/17/2006,Talleres psicosociales,2/10/2006,Económica,6/23/2004,false
966190,Elsie,Windebank,ewindebankbn@cpanel.net,9,Múltiple,Medio,Media académica,Bajo,2/5/2019,Medio,true,8/9/2015,Actividades de autocuidado,2/11/2010,Psicosocial,2/6/2012,false
978714,Pernell,Dudliston,pdudlistonbo@illinois.edu,7,Múltiple,Bajo,Media académica,Medio,3/9/2013,Alto,false,10/5/2021,Otro,8/9/2022,Académica,12/2/2008,true
233258,Gabriello,Marris,gmarrisbp@phpbb.com,9,Múltiple,Bajo,Media académica,Medio,5/14/2016,Medio,true,10/7/2006,Otro,3/4/2020,Múltiple,11/26/2021,true
964836,Druci,Crannell,dcrannellbq@shutterfly.com,8,Psicosocial,Bajo,Nuevo,Alto,4/29/2000,Medio,true,2/2/2006,Asesoría grupal,6/26/2014,Económica,2/8/2016,false
38666,Skell,Kirman,skirmanbr@free.fr,5,Académica,Muy bajo,Nuevo,Bajo,10/28/2010,Muy Bajo,false,11/18/2004,Talleres psicosociales,10/9/2020,Múltiple,5/18/2002,true
673547,Jacques,Stamper,jstamperbs@ask.com,10,Psicosocial,Bajo,Media académica,Medio,1/31/2012,Bajo,true,11/24/2019,Actividades de autocuidado,5/9/2018,Económica,8/14/2005,true
762375,Fayre,Scarisbrick,fscarisbrickbt@imageshack.us,4,Académica,Muy bajo,Admitido,Medio,,Alto,false,1/26/2008,Talleres psicosociales,4/12/2000,Académica,4/3/2018,true
455755,Elenore,DeSousa,edesousabu@tumblr.com,1,Psicosocial,Muy bajo,Media académica,Medio,5/6/2007,Muy Bajo,true,5/23/2022,Asesoría grupal,9/27/2021,Académica,6/11/2009,true
158451,Rodrick,Hardson,rhardsonbv@oaic.gov.au,10,Psicosocial,Bajo,Nuevo,Medio,2/6/2020,Muy Bajo,true,9/22/2002,Talleres psicosociales,3/1/2005,Académica,9/20/2004,true
655303,Base,Bloxland,bbloxlandbw@engadget.com,2,Económica,Muy alto,Nuevo,Alto,3/4/2013,Muy Bajo,false,3/10/2022,Actividades de autocuidado,6/7/2016,Múltiple,6/1/2009,true
463943,Gwenette,Thaim,gthaimbx@alexa.com,5,Académica,Medio,Admitido,Medio,2/3/2014,Alto,true,8/25/2022,Otro,4/15/2015,Económica,1/17/2006,true
407224,Jaye,Blondin,jblondinby@ow.ly,1,Psicosocial,Bajo,Nuevo,Alto,8/6/2007,Muy Bajo,false,7/17/2014,Talleres psicosociales,10/12/2011,Académica,5/23/2000,true
750643,Nichol,Braban,nbrabanbz@goo.gl,1,Académica,Medio,Admitido,Alto,12/17/2004,Medio,false,1/25/2016,Asesoría grupal,2/2/2019,Psicosocial,6/3/2010,false
735168,Olwen,Jesse,ojessec0@g.co,6,Económica,Alto,Nuevo,Bajo,12/12/2015,Bajo,true,10/28/2003,Otro,7/27/2006,Económica,11/10/2013,false
336272,Sarajane,Matiewe,smatiewec1@oaic.gov.au,7,Académica,Medio,Nuevo,Bajo,2/26/2017,Medio,true,3/11/2003,Talleres psicosociales,7/18/2007,Psicosocial,12/18/2018,false
409581,Danika,Konig,dkonigc2@soup.io,1,Económica,Muy alto,Media académica,Medio,2/5/2001,Medio,true,4/18/2008,Otro,3/10/2007,Económica,5/23/2013,true
975,Cristen,Creeboe,ccreeboec3@un.org,4,Económica,Bajo,Nuevo,Alto,3/4/2020,Muy Bajo,true,12/15/2020,Terapia individual,5/25/2012,Múltiple,10/28/2021,true
778066,Mickie,Andrejevic,mandrejevicc4@behance.net,4,Múltiple,Muy alto,Nuevo,Medio,10/3/2021,Medio,false,10/22/2003,Terapia individual,1/18/2001,Económica,5/25/2002,true
368432,Chariot,Rasmus,crasmusc5@zdnet.com,2,Económica,Medio,Admitido,Medio,6/18/2019,Alto,false,3/12/2002,Otro,6/24/2006,Académica,3/12/2004,false
98217,Saloma,Dawdry,sdawdryc6@networkadvertising.org,5,Psicosocial,Alto,Nuevo,Medio,,Alto,false,9/5/2018,Asesoría grupal,7/3/2013,Múltiple,7/19/2007,false
369408,Wilek,Henryson,whenrysonc7@ed.gov,1,Psicosocial,Bajo,Admitido,Bajo,3/31/2006,Alto,true,11/7/2018,Asesoría grupal,3/6/2006,Económica,11/18/2012,true
140753,Stanton,Matzen,smatzenc8@wisc.edu,8,Económica,Muy alto,Media académica,Medio,1/4/2016,Medio,false,7/30/2019,Otro,8/18/2002,Psicosocial,2/17/2013,true
22949,Simmonds,Prangle,spranglec9@weebly.com,9,Múltiple,Alto,Media académica,Alto,12/8/2012,Alto,true,1/23/2022,Otro,4/28/2000,Psicosocial,4/24/2014,false
661716,Velvet,Roman,vromanca@cbslocal.com,10,Académica,Muy alto,Admitido,Bajo,5/9/2015,Bajo,false,10/15/2009,Asesoría grupal,11/4/2008,Múltiple,8/27/2009,false
808464,Ravi,Silverman,rsilvermancb@mashable.com,6,Económica,Muy alto,Admitido,Medio,1/26/2007,Medio,true,5/20/2011,Talleres psicosociales,8/10/2021,Académica,2/15/2011,true
686660,Sigismundo,Tunkin,stunkincc@yelp.com,2,Psicosocial,Medio,Admitido,Bajo,2/4/2000,Muy Bajo,true,5/29/2013,Terapia individual,8/26/2020,Psicosocial,6/22/2004,true
450800,Justus,Watts,jwattscd@nytimes.com,10,Múltiple,Medio,Media académica,Alto,1/19/2005,Bajo,false,1/14/2012,Terapia individual,3/27/2012,Económica,11/19/2009,false
683483,Emmeline,Pridden,epriddence@who.int,1,Económica,Alto,Nuevo,Bajo,11/26/2010,Alto,false,3/30/2009,Actividades de autocuidado,8/1/2004,Académica,2/17/2016,false
892630,Natassia,Surmeyer,nsurmeyercf@ycombinator.com,7,Económica,Medio,Nuevo,Bajo,5/22/2021,Muy Bajo,false,8/22/2000,Talleres psicosociales,2/11/2007,Psicosocial,10/4/2015,false
223384,Christal,Courvert,ccourvertcg@sogou.com,10,Económica,Muy bajo,Nuevo,Bajo,9/28/2015,Alto,false,5/12/2016,Otro,11/26/2012,Económica,12/12/2010,true
417554,Mollee,Bulger,mbulgerch@exblog.jp,3,Psicosocial,Bajo,Admitido,Alto,7/29/2022,Bajo,false,4/14/2001,Otro,10/12/2006,Múltiple,7/21/2018,true
932676,Honoria,Callaway,hcallawayci@naver.com,10,Psicosocial,Muy bajo,Admitido,Bajo,4/9/2000,Medio,true,8/17/2014,Asesoría grupal,5/11/2022,Múltiple,7/16/2011,false
898840,Phyllys,Sailes,psailescj@admin.ch,6,Psicosocial,Bajo,Admitido,Alto,6/25/2021,Medio,true,3/26/2020,Otro,9/8/2011,Múltiple,2/1/2018,false
68364,Harland,Dankersley,hdankersleyck@sitemeter.com,6,Psicosocial,Bajo,Admitido,Alto,1/21/2014,Muy Bajo,false,7/12/2006,Terapia individual,9/22/2000,Psicosocial,6/22/2007,false
742908,Madlen,Jedrzejewicz,mjedrzejewiczcl@about.me,6,Psicosocial,Medio,Media académica,Bajo,1/11/2005,Medio,false,6/30/2017,Terapia individual,5/15/2013,Académica,12/11/2020,true
546554,Val,Allett,vallettcm@stumbleupon.com,8,Múltiple,Muy alto,Admitido,Bajo,5/20/2015,Alto,false,3/28/2022,Actividades de autocuidado,11/27/2017,Múltiple,3/9/2005,false
317545,Lark,Hail,lhailcn@4shared.com,3,Psicosocial,Bajo,Media académica,Bajo,2/21/2018,Muy Bajo,true,4/20/2005,Asesoría grupal,10/14/2005,Psicosocial,11/25/2005,true
318422,Coletta,Folli,cfollico@google.nl,3,Económica,Bajo,Nuevo,Medio,6/26/2010,Medio,true,11/5/2018,Otro,10/28/2015,Múltiple,4/15/2019,false
887235,Faber,McGinty,fmcgintycp@ted.com,6,Académica,Medio,Admitido,Bajo,4/13/2012,Medio,false,11/30/2013,Talleres psicosociales,10/4/2018,Económica,8/31/2007,true
702066,Kelwin,Correa,kcorreacq@github.com,4,Psicosocial,Muy alto,Nuevo,Alto,8/10/2018,Alto,true,4/11/2013,Otro,3/7/2001,Múltiple,3/27/2019,false
668914,Sholom,Culwen,sculwencr@hp.com,10,Económica,Muy alto,Nuevo,Medio,2/21/2012,Medio,false,6/4/2008,Asesoría grupal,10/4/2004,Múltiple,6/13/2018,true
402321,Danika,Frude,dfrudecs@hugedomains.com,3,Múltiple,Muy alto,Nuevo,Bajo,5/23/2011,Medio,false,10/13/2022,Actividades de autocuidado,9/15/2017,Académica,6/15/2015,true
732472,Rosalind,Gallifont,rgallifontct@aboutads.info,8,Económica,Muy alto,Admitido,Bajo,9/8/2022,Medio,true,10/25/2020,Asesoría grupal,2/3/2002,Múltiple,1/30/2016,false
981797,Richardo,Phin,rphincu@about.com,4,Múltiple,Muy alto,Nuevo,Alto,11/19/2010,Medio,true,11/18/2019,Terapia individual,1/10/2004,Académica,10/27/2010,false
396876,Belvia,Rivilis,briviliscv@spiegel.de,9,Múltiple,Muy bajo,Media académica,Alto,2/26/2014,Bajo,true,5/13/2017,Terapia individual,4/11/2000,Múltiple,11/13/2000,true
305321,Eudora,Duddan,eduddancw@globo.com,4,Económica,Bajo,Media académica,Medio,,Muy Bajo,true,12/4/2003,Asesoría grupal,3/15/2006,Múltiple,1/8/2014,true
684327,Kurtis,Ocklin,kocklincx@reverbnation.com,2,Económica,Bajo,Media académica,Medio,9/26/2005,Medio,false,4/13/2022,Otro,5/18/2001,Múltiple,12/3/2004,false
866569,Franciskus,Masterton,fmastertoncy@google.cn,3,Académica,Alto,Nuevo,Medio,2/21/2017,Medio,true,7/2/2018,Terapia individual,1/4/2012,Académica,10/3/2022,false
540440,Margot,Milbourn,mmilbourncz@theguardian.com,9,Económica,Muy alto,Nuevo,Bajo,10/10/2004,Alto,false,12/26/2017,Terapia individual,9/5/2017,Psicosocial,6/21/2000,true
645477,Aland,Pawson,apawsond0@example.com,6,Académica,Alto,Media académica,Bajo,3/10/2005,Medio,true,9/7/2021,Otro,3/27/2016,Múltiple,11/22/2014,true
647480,Katharina,Tummons,ktummonsd1@dailymail.co.uk,10,Múltiple,Muy bajo,Admitido,Medio,4/16/2021,Bajo,false,7/17/2003,Otro,2/25/2008,Académica,9/26/2003,true
527398,Jeromy,Wayland,jwaylandd2@shop-pro.jp,3,Múltiple,Bajo,Nuevo,Medio,6/9/2020,Muy Bajo,false,8/24/2019,Terapia individual,4/15/2001,Académica,12/23/2021,true
753751,Ragnar,Kenningham,rkenninghamd3@unicef.org,3,Psicosocial,Muy alto,Admitido,Alto,3/11/2017,Alto,false,8/22/2007,Actividades de autocuidado,3/15/2002,Múltiple,2/12/2018,true
645319,Nickolai,Huggett,nhuggettd4@pcworld.com,5,Psicosocial,Muy alto,Admitido,Bajo,10/19/2008,Bajo,true,1/1/2016,Actividades de autocuidado,9/26/2014,Académica,9/3/2002,true
564928,Noella,Wondraschek,nwondraschekd5@wunderground.com,10,Económica,Muy alto,Admitido,Bajo,5/15/2004,Alto,true,12/23/2020,Talleres psicosociales,6/24/2004,Múltiple,10/25/2005,false
153743,Dorthy,Curcher,dcurcherd6@moonfruit.com,1,Académica,Muy bajo,Media académica,Alto,5/10/2002,Muy Bajo,false,7/19/2003,Talleres psicosociales,7/12/2017,Múltiple,4/15/2010,true
347493,Ealasaid,Mill,emilld7@mail.ru,1,Académica,Medio,Admitido,Medio,7/11/2005,Medio,false,4/23/2008,Asesoría grupal,6/2/2008,Académica,3/24/2004,false
670254,Federica,Menendes,fmenendesd8@list-manage.com,6,Económica,Alto,Media académica,Medio,6/30/2001,Medio,true,6/23/2018,Actividades de autocuidado,5/18/2012,Múltiple,9/9/2007,false
594073,Will,Simondson,wsimondsond9@craigslist.org,8,Académica,Medio,Media académica,Medio,1/6/2015,Muy Bajo,false,12/20/2016,Terapia individual,3/6/2020,Académica,9/13/2011,false
500513,Umberto,Wilstead,uwilsteadda@facebook.com,5,Psicosocial,Bajo,Media académica,Medio,8/19/2019,Medio,true,9/28/2010,Talleres psicosociales,3/13/2012,Múltiple,2/9/2018,true
584333,Keely,de la Valette Parisot,kdelavaletteparisotdb@tinyurl.com,8,Múltiple,Muy bajo,Admitido,Alto,8/16/2021,Medio,true,5/29/2020,Terapia individual,11/21/2004,Académica,3/3/2008,true
901637,Bianka,Edgehill,bedgehilldc@amazon.com,9,Psicosocial,Muy alto,Admitido,Alto,5/4/2022,Bajo,false,12/20/2021,Otro,5/17/2005,Académica,11/20/2004,true
521960,Murray,Bundy,mbundydd@chicagotribune.com,5,Múltiple,Alto,Admitido,Alto,6/18/2005,Medio,true,7/10/2020,Terapia individual,4/28/2004,Psicosocial,8/8/2013,false
791692,Ibby,Hardesty,ihardestyde@soup.io,9,Múltiple,Muy bajo,Nuevo,Bajo,6/30/2004,Muy Bajo,true,3/8/2012,Talleres psicosociales,1/7/2017,Económica,1/21/2008,false
730007,Janelle,Fogel,jfogeldf@histats.com,6,Económica,Bajo,Nuevo,Bajo,1/19/2015,Alto,false,1/30/2022,Otro,2/8/2015,Múltiple,3/29/2019,false
197540,Alistair,Bristowe,abristowedg@alibaba.com,5,Económica,Muy bajo,Admitido,Medio,8/3/2016,Bajo,true,6/1/2011,Otro,1/16/2017,Académica,6/24/2022,true
448075,Phyllys,Lister,plisterdh@behance.net,9,Psicosocial,Muy alto,Media académica,Alto,3/18/2005,Bajo,false,7/17/2022,Talleres psicosociales,1/30/2000,Académica,3/29/2016,true
775709,Cristin,Lillico,clillicodi@sohu.com,9,Múltiple,Alto,Nuevo,Alto,10/28/2001,Muy Bajo,true,4/10/2020,Terapia individual,11/9/2018,Múltiple,6/18/2019,false
792983,Avigdor,Flux,afluxdj@uiuc.edu,7,Múltiple,Muy alto,Nuevo,Alto,9/13/2020,Medio,true,7/16/2009,Terapia individual,6/16/2011,Económica,2/3/2003,true
105815,Nickolaus,Glaze,nglazedk@xing.com,6,Académica,Medio,Nuevo,Medio,,Alto,true,10/26/2002,Talleres psicosociales,5/27/2010,Académica,2/1/2014,false
998281,Northrop,Brace,nbracedl@php.net,8,Múltiple,Medio,Nuevo,Medio,11/5/2022,Muy Bajo,false,11/12/2020,Actividades de autocuidado,7/10/2011,Académica,6/24/2012,true
638904,Ardys,Mattiuzzi,amattiuzzidm@opensource.org,9,Psicosocial,Alto,Admitido,Medio,7/9/2020,Bajo,false,8/15/2000,Actividades de autocuidado,11/2/2000,Múltiple,5/10/2008,false
739896,Alva,Lalonde,alalondedn@geocities.com,6,Psicosocial,Bajo,Nuevo,Medio,3/5/2003,Medio,true,6/22/2007,Otro,11/16/2001,Académica,4/5/2005,false
633446,Burtie,Jonke,bjonkedo@unicef.org,2,Académica,Alto,Nuevo,Bajo,7/25/2000,Muy Bajo,true,2/13/2019,Otro,7/27/2000,Múltiple,7/29/2020,false
197330,Cariotta,Cowin,ccowindp@columbia.edu,1,Económica,Bajo,Nuevo,Bajo,10/19/2020,Muy Bajo,false,3/12/2019,Otro,2/22/2006,Psicosocial,12/20/2008,true
437530,Emylee,Fairbanks,efairbanksdq@yahoo.co.jp,9,Económica,Medio,Admitido,Alto,9/22/2009,Medio,true,1/20/2007,Talleres psicosociales,11/2/2003,Económica,9/26/2022,false
692217,Nicol,Edinburgh,nedinburghdr@boston.com,1,Económica,Alto,Nuevo,Bajo,12/23/2014,Alto,true,7/21/2001,Terapia individual,5/25/2019,Académica,7/8/2004,true
973260,Reba,Aldritt,raldrittds@nsw.gov.au,7,Académica,Medio,Nuevo,Alto,10/11/2004,Medio,false,1/4/2006,Terapia individual,1/14/2009,Académica,1/14/2011,false
338368,Mace,Maulkin,mmaulkindt@vinaora.com,10,Múltiple,Muy bajo,Admitido,Alto,3/13/2004,Bajo,false,6/5/2011,Actividades de autocuidado,5/29/2013,Múltiple,3/7/2002,true
492677,Sophie,Mascall,smascalldu@oaic.gov.au,7,Económica,Bajo,Admitido,Medio,5/12/2000,Medio,true,4/20/2008,Otro,2/19/2007,Económica,7/16/2019,true
403297,Roseanne,MacCombe,rmaccombedv@tuttocitta.it,5,Académica,Medio,Media académica,Alto,9/10/2010,Medio,true,4/20/2004,Asesoría grupal,10/21/2013,Económica,3/28/2020,false
612964,Eliot,Bedboro,ebedborodw@oracle.com,7,Psicosocial,Alto,Nuevo,Bajo,5/4/2003,Medio,true,6/12/2014,Otro,9/26/2018,Psicosocial,1/26/2020,true
220109,Sisile,Jarvis,sjarvisdx@rambler.ru,6,Económica,Muy alto,Admitido,Bajo,2/6/2005,Medio,false,5/26/2011,Asesoría grupal,10/14/2022,Psicosocial,12/3/2014,true
189917,Hewitt,Faldo,hfaldody@hatena.ne.jp,2,Económica,Muy alto,Admitido,Bajo,6/25/2021,Bajo,false,6/30/2013,Actividades de autocuidado,5/15/2020,Académica,9/20/2000,false
650643,Benita,Wilgar,bwilgardz@mac.com,9,Psicosocial,Medio,Media académica,Bajo,,Muy Bajo,false,2/25/2005,Terapia individual,12/8/2012,Múltiple,7/20/2015,true
569672,Davon,O'Hogertie,dohogertiee0@japanpost.jp,9,Económica,Muy bajo,Admitido,Alto,4/27/2011,Muy Bajo,false,11/8/2018,Talleres psicosociales,9/1/2004,Psicosocial,6/10/2010,false
628046,Catlin,Whittier,cwhittiere1@chronoengine.com,7,Académica,Alto,Admitido,Alto,1/15/2012,Muy Bajo,false,7/15/2000,Terapia individual,10/11/2017,Múltiple,10/26/2007,false
485928,Bowie,Sewall,bsewalle2@soup.io,10,Psicosocial,Medio,Media académica,Medio,6/10/2013,Alto,true,8/26/2014,Terapia individual,6/12/2018,Psicosocial,7/15/2010,true
466699,Kelsey,Ennals,kennalse3@berkeley.edu,10,Psicosocial,Alto,Nuevo,Alto,3/23/2009,Medio,false,12/16/2021,Actividades de autocuidado,5/8/2019,Múltiple,6/22/2007,false
889270,Andie,Woollacott,awoollacotte4@apple.com,7,Múltiple,Medio,Media académica,Medio,2/28/2010,Muy Bajo,true,1/1/2022,Terapia individual,5/4/2001,Psicosocial,8/24/2021,true
203362,Annalise,Riddington,ariddingtone5@toplist.cz,9,Múltiple,Bajo,Media académica,Alto,10/3/2008,Muy Bajo,true,5/31/2015,Talleres psicosociales,3/4/2018,Múltiple,12/7/2010,false
764838,Ezekiel,Emanulsson,eemanulssone6@gnu.org,8,Múltiple,Medio,Media académica,Bajo,11/30/2010,Muy Bajo,true,2/10/2010,Otro,3/3/2013,Académica,5/1/2011,true
511059,Hercules,St. Ledger,hstledgere7@trellian.com,6,Económica,Medio,Media académica,Alto,4/12/2018,Alto,false,6/13/2000,Otro,4/18/2013,Económica,4/15/2009,true
740235,Linn,Lince,llincee8@istockphoto.com,1,Económica,Alto,Admitido,Alto,2/7/2013,Muy Bajo,true,5/26/2007,Asesoría grupal,10/3/2019,Económica,4/19/2018,false
993913,Christoforo,Goolden,cgooldene9@redcross.org,6,Psicosocial,Medio,Media académica,Alto,6/17/2015,Bajo,false,8/19/2020,Actividades de autocuidado,5/9/2001,Académica,3/4/2002,false
389417,Ralph,Hollington,rhollingtonea@whitehouse.gov,8,Psicosocial,Medio,Nuevo,Medio,12/22/2003,Bajo,false,2/12/2020,Otro,10/3/2002,Múltiple,10/8/2007,false
620696,Merrilee,Dowling,mdowlingeb@symantec.com,10,Múltiple,Bajo,Media académica,Bajo,7/12/2019,Muy Bajo,false,8/31/2008,Talleres psicosociales,4/11/2012,Académica,7/4/2006,false
872986,Brock,Berrygun,bberrygunec@bandcamp.com,2,Económica,Alto,Media académica,Bajo,2/5/2008,Bajo,false,2/20/2006,Actividades de autocuidado,6/5/2002,Económica,8/8/2010,false
667193,Mimi,Gowdy,mgowdyed@redcross.org,7,Múltiple,Muy alto,Media académica,Medio,4/9/2019,Bajo,true,3/11/2015,Terapia individual,12/9/2008,Psicosocial,7/13/2019,false
906663,Vasily,Pedler,vpedleree@kickstarter.com,3,Psicosocial,Muy bajo,Media académica,Medio,4/22/2020,Bajo,true,1/5/2010,Actividades de autocuidado,1/26/2022,Económica,10/5/2019,false
517179,Domeniga,Dollimore,ddollimoreef@bloglovin.com,7,Psicosocial,Muy alto,Media académica,Alto,7/14/2016,Alto,true,10/11/2008,Terapia individual,4/19/2004,Psicosocial,7/24/2018,false
739886,Noel,Lempenny,nlempennyeg@thetimes.co.uk,2,Múltiple,Muy bajo,Nuevo,Medio,9/2/2014,Alto,false,5/3/2008,Actividades de autocuidado,8/16/2018,Múltiple,1/30/2019,false
299821,Maurene,Stanislaw,mstanislaweh@ftc.gov,9,Económica,Muy bajo,Nuevo,Alto,8/31/2009,Medio,true,4/15/2008,Asesoría grupal,10/6/2022,Económica,10/4/2003,false
199482,Gilli,Ridde,griddeei@stumbleupon.com,9,Económica,Bajo,Admitido,Bajo,5/10/2008,Medio,true,8/31/2005,Talleres psicosociales,12/22/2022,Económica,8/16/2017,true
854297,Henrietta,Tremollet,htremolletej@gmpg.org,8,Psicosocial,Medio,Media académica,Bajo,10/14/2000,Alto,true,12/1/2013,Terapia individual,6/25/2003,Múltiple,8/23/2001,false
193340,Donnamarie,Kimblen,dkimblenek@wordpress.com,1,Económica,Muy bajo,Media académica,Medio,5/10/2002,Muy Bajo,true,11/17/2012,Actividades de autocuidado,12/11/2007,Psicosocial,8/17/2012,true
382229,Tami,Bridle,tbridleel@dagondesign.com,10,Académica,Muy alto,Media académica,Alto,8/19/2009,Bajo,true,5/26/2006,Terapia individual,4/18/2002,Psicosocial,7/7/2010,false
588324,Agathe,Peirson,apeirsonem@seesaa.net,4,Económica,Muy alto,Nuevo,Alto,5/28/2001,Muy Bajo,false,5/5/2015,Actividades de autocuidado,12/2/2020,Económica,10/19/2004,false
973763,Zoe,Imort,zimorten@liveinternet.ru,7,Múltiple,Muy bajo,Nuevo,Bajo,5/16/2011,Bajo,false,2/27/2015,Terapia individual,3/6/2018,Económica,9/22/2016,false
961765,Sheena,Nattriss,snattrisseo@springer.com,5,Múltiple,Bajo,Admitido,Bajo,10/6/2022,Bajo,false,6/22/2013,Terapia individual,8/12/2005,Múltiple,11/25/2010,true
765392,Eartha,Peel,epeelep@360.cn,10,Económica,Alto,Media académica,Alto,8/31/2020,Bajo,false,7/25/2018,Terapia individual,10/3/2006,Psicosocial,12/21/2019,true
136833,Cherilyn,Alessandrucci,calessandruccieq@census.gov,9,Psicosocial,Alto,Admitido,Medio,10/3/2017,Medio,false,8/27/2012,Talleres psicosociales,11/2/2022,Psicosocial,4/22/2008,false
673083,Gearalt,Moughton,gmoughtoner@weibo.com,3,Múltiple,Bajo,Admitido,Bajo,7/7/2008,Muy Bajo,false,3/17/2018,Otro,9/29/2006,Múltiple,12/23/2020,false
178754,Elden,Ary,earyes@xing.com,2,Académica,Alto,Admitido,Alto,4/29/2004,Muy Bajo,true,3/9/2019,Asesoría grupal,8/15/2012,Múltiple,12/2/2008,false
458495,Hazel,Hugin,hhuginet@shareasale.com,1,Múltiple,Muy alto,Admitido,Alto,3/30/2007,Muy Bajo,true,8/2/2015,Actividades de autocuidado,6/17/2007,Económica,2/11/2011,false
70151,Shawn,Lodge,slodgeeu@xing.com,7,Múltiple,Muy bajo,Media académica,Alto,5/20/2021,Alto,true,10/4/2008,Asesoría grupal,3/4/2014,Académica,7/6/2009,true
37785,Bellanca,Leare,bleareev@sohu.com,6,Económica,Muy alto,Admitido,Bajo,9/2/2003,Medio,true,11/10/2010,Asesoría grupal,3/4/2005,Múltiple,1/29/2002,true
619373,Yehudi,Quinnelly,yquinnellyew@zimbio.com,9,Académica,Muy bajo,Nuevo,Bajo,9/1/2012,Medio,true,12/10/2015,Asesoría grupal,1/10/2021,Psicosocial,10/13/2001,true
911784,Ealasaid,Eliesco,eeliescoex@theguardian.com,10,Psicosocial,Alto,Media académica,Medio,4/15/2021,Muy Bajo,false,8/15/2004,Actividades de autocuidado,10/17/2010,Académica,4/17/2002,true
988405,Suzanne,Valerius,svaleriusey@ca.gov,2,Psicosocial,Bajo,Admitido,Medio,,Alto,false,2/11/2008,Actividades de autocuidado,9/29/2000,Económica,7/14/2014,false
762153,Patience,Howkins,phowkinsez@cocolog-nifty.com,7,Múltiple,Muy alto,Admitido,Medio,5/17/2022,Medio,true,7/14/2017,Asesoría grupal,7/16/2002,Múltiple,5/19/2001,false
361992,Lura,O'Lennachain,lolennachainf0@instagram.com,8,Psicosocial,Alto,Nuevo,Bajo,7/26/2022,Muy Bajo,false,9/13/2012,Actividades de autocuidado,7/27/2020,Económica,10/27/2004,true
694123,Nate,Abelwhite,nabelwhitef1@eepurl.com,10,Económica,Alto,Admitido,Medio,5/8/2015,Bajo,true,9/12/2007,Otro,8/5/2021,Psicosocial,8/27/2009,true
270954,Ralf,Lomb,rlombf2@mozilla.com,3,Académica,Bajo,Media académica,Alto,5/24/2010,Bajo,false,1/30/2005,Talleres psicosociales,10/3/2022,Psicosocial,11/6/2009,false
400370,Beckie,Schruurs,bschruursf3@smugmug.com,7,Académica,Muy bajo,Nuevo,Bajo,,Bajo,false,4/14/2021,Otro,10/25/2017,Académica,7/16/2022,false
783670,Yancey,Smithen,ysmithenf4@skyrock.com,5,Académica,Muy bajo,Nuevo,Alto,12/7/2011,Alto,false,2/2/2009,Asesoría grupal,9/16/2001,Psicosocial,1/27/2010,true
198440,Cherie,Gillie,cgillief5@indiatimes.com,2,Múltiple,Muy bajo,Nuevo,Bajo,6/11/2019,Bajo,true,9/16/2009,Actividades de autocuidado,9/12/2011,Múltiple,3/8/2019,true
973154,Ad,McMychem,amcmychemf6@ebay.co.uk,1,Múltiple,Bajo,Media académica,Medio,6/18/2011,Bajo,true,11/4/2006,Talleres psicosociales,7/25/2015,Psicosocial,4/28/2004,false
470467,Flossy,Pardoe,fpardoef7@histats.com,7,Académica,Alto,Nuevo,Alto,8/26/2001,Muy Bajo,false,2/27/2003,Actividades de autocuidado,1/6/2011,Académica,12/21/2022,true
514127,Cletus,Llop,cllopf8@slideshare.net,5,Psicosocial,Bajo,Nuevo,Bajo,7/17/2006,Bajo,true,7/12/2013,Asesoría grupal,7/4/2021,Psicosocial,5/1/2013,false
987904,Melesa,Dearell,mdearellf9@pen.io,8,Psicosocial,Alto,Media académica,Bajo,9/26/2006,Muy Bajo,false,2/1/2012,Asesoría grupal,8/21/2013,Psicosocial,7/29/2016,false
287929,Ricky,Rushby,rrushbyfa@4shared.com,9,Económica,Muy alto,Media académica,Bajo,7/6/2016,Bajo,true,1/9/2018,Otro,2/8/2007,Económica,6/17/2012,true
847318,Agnesse,Duplan,aduplanfb@businessweek.com,1,Psicosocial,Bajo,Admitido,Bajo,,Bajo,false,5/29/2002,Asesoría grupal,6/24/2004,Económica,7/31/2022,false
902618,Elora,Leiden,eleidenfc@cpanel.net,4,Académica,Bajo,Media académica,Alto,8/18/2019,Muy Bajo,true,12/8/2011,Terapia individual,10/11/2016,Múltiple,10/2/2020,true
409609,Somerset,Blemen,sblemenfd@unesco.org,1,Económica,Alto,Media académica,Bajo,11/17/2021,Muy Bajo,true,9/2/2009,Talleres psicosociales,2/11/2005,Económica,5/31/2022,true
789620,Brunhilda,Kelcey,bkelceyfe@biglobe.ne.jp,4,Académica,Muy alto,Nuevo,Bajo,7/16/2020,Bajo,false,6/30/2018,Talleres psicosociales,2/13/2005,Académica,11/3/2018,false
397000,Adrien,Picker,apickerff@marriott.com,1,Psicosocial,Bajo,Media académica,Alto,5/13/2022,Alto,true,11/30/2001,Asesoría grupal,8/13/2010,Psicosocial,6/22/2004,false
339400,Danice,Townsley,dtownsleyfg@pinterest.com,3,Académica,Bajo,Nuevo,Bajo,,Bajo,false,5/8/2019,Asesoría grupal,3/5/2003,Psicosocial,2/15/2002,true
638740,Ely,Nelsey,enelseyfh@walmart.com,9,Múltiple,Bajo,Nuevo,Bajo,4/28/2016,Alto,false,1/20/2021,Actividades de autocuidado,9/27/2014,Económica,5/28/2021,false
835798,Arden,Giamitti,agiamittifi@cocolog-nifty.com,5,Académica,Muy alto,Admitido,Bajo,10/3/2019,Medio,true,6/16/2013,Talleres psicosociales,5/24/2017,Psicosocial,7/20/2008,false
30941,Bay,Devaney,bdevaneyfj@tinypic.com,9,Múltiple,Alto,Nuevo,Bajo,2/13/2002,Alto,false,7/21/2010,Terapia individual,4/19/2016,Psicosocial,7/3/2007,false
725764,Clarke,Sieve,csievefk@newsvine.com,9,Múltiple,Muy alto,Admitido,Bajo,1/11/2009,Bajo,true,1/25/2007,Actividades de autocuidado,9/12/2016,Académica,3/23/2002,false
646703,Delila,Edmenson,dedmensonfl@tinypic.com,2,Académica,Bajo,Admitido,Alto,6/5/2011,Alto,false,9/2/2010,Terapia individual,7/10/2018,Económica,7/15/2005,false
13512,Sharla,McGrady,smcgradyfm@admin.ch,5,Académica,Muy bajo,Media académica,Medio,,Alto,true,11/21/2014,Terapia individual,4/15/2001,Económica,11/3/2006,false
801322,Shalna,Dowrey,sdowreyfn@europa.eu,1,Académica,Medio,Nuevo,Medio,12/28/2008,Alto,false,7/15/2015,Actividades de autocuidado,12/21/2012,Económica,9/24/2016,true
933997,Lucie,Perdue,lperduefo@vinaora.com,7,Académica,Muy bajo,Media académica,Alto,6/8/2019,Bajo,false,8/26/2013,Otro,4/10/2016,Económica,8/13/2022,true
924774,Glad,Chellingworth,gchellingworthfp@miibeian.gov.cn,5,Económica,Muy bajo,Media académica,Bajo,4/26/2005,Medio,true,5/28/2007,Otro,9/6/2001,Psicosocial,11/26/2008,true
682729,Harwilll,Sherry,hsherryfq@dmoz.org,2,Académica,Muy bajo,Admitido,Medio,10/7/2007,Bajo,true,1/31/2007,Terapia individual,1/25/2004,Psicosocial,6/19/2015,true
302606,Court,Thornewill,cthornewillfr@ifeng.com,3,Múltiple,Alto,Nuevo,Medio,12/30/2000,Medio,false,3/15/2011,Actividades de autocuidado,3/28/2015,Psicosocial,5/9/2018,true
454705,Aloin,Shiers,ashiersfs@nsw.gov.au,10,Económica,Bajo,Admitido,Bajo,2/15/2020,Medio,true,9/7/2002,Actividades de autocuidado,7/4/2000,Psicosocial,9/13/2009,false
614305,Archibold,Dumbrill,adumbrillft@bloglovin.com,2,Múltiple,Bajo,Media académica,Alto,12/31/2003,Alto,true,2/22/2003,Asesoría grupal,8/6/2008,Psicosocial,8/31/2004,false
776065,Uriel,Stredwick,ustredwickfu@bloglines.com,1,Económica,Medio,Admitido,Bajo,12/7/2013,Bajo,false,11/11/2018,Talleres psicosociales,2/22/2022,Psicosocial,3/5/2011,false
374850,Jolene,Black,jblackfv@nasa.gov,1,Económica,Medio,Nuevo,Bajo,3/31/2009,Bajo,true,8/24/2004,Otro,8/28/2002,Académica,1/5/2020,false
657854,Noellyn,MacBarron,nmacbarronfw@techcrunch.com,6,Académica,Alto,Admitido,Alto,12/25/2020,Alto,false,1/22/2007,Asesoría grupal,7/9/2017,Económica,4/2/2009,true
119759,Christean,Sims,csimsfx@ucla.edu,5,Académica,Bajo,Nuevo,Bajo,9/13/2002,Bajo,false,3/15/2004,Asesoría grupal,5/10/2021,Académica,4/14/2001,false
345018,Flinn,Urry,furryfy@google.es,4,Múltiple,Alto,Media académica,Medio,7/23/2008,Bajo,false,12/12/2011,Talleres psicosociales,2/25/2017,Académica,1/2/2004,false
206421,Walden,Adolthine,wadolthinefz@sakura.ne.jp,7,Económica,Medio,Nuevo,Alto,3/7/2002,Muy Bajo,true,5/31/2009,Terapia individual,8/4/2002,Psicosocial,4/20/2020,true
380948,Seana,O'Dare,sodareg0@furl.net,9,Académica,Medio,Nuevo,Bajo,12/6/2003,Medio,true,11/4/2010,Otro,12/10/2019,Psicosocial,12/5/2022,false
238772,Morena,Eates,meatesg1@deliciousdays.com,1,Múltiple,Muy bajo,Nuevo,Alto,5/14/2010,Medio,true,7/30/2017,Asesoría grupal,3/4/2013,Académica,5/24/2001,true
998950,Dido,Beaconsall,dbeaconsallg2@purevolume.com,10,Académica,Muy alto,Media académica,Alto,6/18/2020,Medio,true,11/11/2003,Actividades de autocuidado,6/21/2002,Múltiple,8/24/2002,true
143874,Anatola,Cumberpatch,acumberpatchg3@answers.com,6,Psicosocial,Alto,Nuevo,Alto,7/5/2004,Bajo,false,5/29/2003,Talleres psicosociales,9/19/2002,Económica,1/21/2010,true
820072,Sonya,MacTrustie,smactrustieg4@wikimedia.org,3,Económica,Medio,Admitido,Medio,10/10/2017,Medio,false,10/9/2002,Terapia individual,5/10/2011,Múltiple,8/22/2020,false
993536,Tanner,Hacon,thacong5@ning.com,6,Múltiple,Bajo,Admitido,Alto,,Bajo,true,10/18/2013,Talleres psicosociales,6/22/2021,Académica,2/9/2016,false
683557,Tomaso,Bridle,tbridleg6@imageshack.us,10,Psicosocial,Bajo,Nuevo,Bajo,1/22/2004,Muy Bajo,true,12/1/2007,Asesoría grupal,4/12/2018,Académica,7/11/2015,false
198870,Darby,Pridmore,dpridmoreg7@domainmarket.com,3,Económica,Alto,Media académica,Medio,1/1/2017,Bajo,true,3/6/2009,Otro,8/23/2000,Académica,4/30/2004,false
622982,Etta,Peagrim,epeagrimg8@google.ru,2,Económica,Muy bajo,Media académica,Bajo,5/4/2001,Alto,true,7/3/2000,Talleres psicosociales,6/21/2003,Psicosocial,5/22/2019,true
658569,Dolli,Rossant,drossantg9@paginegialle.it,1,Económica,Muy bajo,Media académica,Bajo,11/19/2006,Muy Bajo,true,11/29/2006,Otro,2/1/2000,Académica,2/23/2021,true
67574,Jakob,Mollene,jmollenega@infoseek.co.jp,8,Psicosocial,Muy alto,Nuevo,Medio,12/5/2018,Alto,true,5/16/2014,Asesoría grupal,12/11/2013,Académica,3/16/2001,false
292178,Eamon,Tofano,etofanogb@yahoo.com,4,Académica,Alto,Nuevo,Bajo,8/12/2007,Medio,false,12/13/2022,Actividades de autocuidado,4/4/2008,Económica,5/2/2017,false
592870,Brady,McGrouther,bmcgrouthergc@businessinsider.com,3,Académica,Muy alto,Nuevo,Medio,8/23/2018,Bajo,true,7/21/2000,Talleres psicosociales,11/1/2019,Psicosocial,5/14/2005,true
531850,Pepito,Bier,pbiergd@4shared.com,5,Psicosocial,Medio,Nuevo,Bajo,5/10/2014,Medio,true,4/5/2009,Otro,12/24/2005,Múltiple,7/7/2015,false
379009,Rodd,Sigge,rsiggege@bing.com,6,Múltiple,Muy bajo,Nuevo,Medio,2/15/2022,Alto,true,9/27/2021,Otro,2/26/2019,Académica,1/29/2003,false
48424,Conrad,Loynton,cloyntongf@github.com,4,Académica,Alto,Media académica,Alto,4/21/2013,Muy Bajo,true,12/10/2019,Asesoría grupal,8/5/2011,Múltiple,1/14/2004,false
196109,Judon,Bertelet,jberteletgg@engadget.com,7,Múltiple,Alto,Nuevo,Alto,3/6/2008,Muy Bajo,true,7/31/2015,Terapia individual,12/16/2003,Económica,1/4/2015,true
296601,Jessa,Landis,jlandisgh@comsenz.com,10,Económica,Medio,Nuevo,Medio,7/21/2011,Bajo,false,6/26/2009,Asesoría grupal,8/10/2019,Económica,12/16/2012,true
850205,Simon,Lavis,slavisgi@furl.net,8,Económica,Muy alto,Admitido,Alto,6/28/2012,Medio,false,2/16/2019,Terapia individual,11/3/2009,Académica,11/27/2001,false
793047,Cyb,Kelway,ckelwaygj@about.com,8,Económica,Bajo,Admitido,Medio,6/25/2017,Medio,false,9/19/2010,Asesoría grupal,12/1/2013,Económica,7/16/2021,true
778922,Tann,Baythorp,tbaythorpgk@constantcontact.com,3,Económica,Muy alto,Nuevo,Medio,3/30/2013,Medio,false,1/12/2009,Terapia individual,5/7/2020,Psicosocial,12/15/2007,true
337399,Ania,Enticknap,aenticknapgl@odnoklassniki.ru,3,Múltiple,Muy bajo,Admitido,Bajo,6/5/2011,Bajo,true,3/30/2007,Asesoría grupal,10/25/2018,Psicosocial,11/28/2015,false
928508,Jemmy,Brelsford,jbrelsfordgm@spiegel.de,3,Económica,Medio,Media académica,Alto,10/5/2003,Bajo,true,3/26/2019,Asesoría grupal,6/17/2016,Múltiple,10/2/2015,true
225228,Danell,Prayer,dprayergn@biblegateway.com,1,Psicosocial,Alto,Admitido,Medio,2/28/2013,Muy Bajo,false,6/26/2017,Terapia individual,6/6/2016,Económica,12/24/2008,true
996630,Marilee,Sabberton,msabbertongo@tinypic.com,4,Académica,Bajo,Admitido,Bajo,10/8/2020,Medio,false,9/29/2008,Talleres psicosociales,10/24/2014,Académica,9/9/2003,false
580317,Cissy,Budnik,cbudnikgp@yellowpages.com,5,Múltiple,Muy bajo,Media académica,Bajo,9/24/2002,Medio,true,4/9/2022,Terapia individual,11/12/2014,Múltiple,6/24/2002,true
921313,Lance,Bosquet,lbosquetgq@home.pl,10,Psicosocial,Bajo,Media académica,Medio,,Muy Bajo,false,3/7/2011,Talleres psicosociales,9/12/2016,Académica,4/1/2021,true
110708,Les,Bradbury,lbradburygr@gnu.org,6,Múltiple,Medio,Nuevo,Medio,10/12/2006,Medio,true,3/28/2011,Terapia individual,4/22/2002,Económica,7/25/2006,false
646056,Sean,Bastard,sbastardgs@dmoz.org,4,Académica,Muy bajo,Media académica,Medio,10/26/2012,Muy Bajo,true,7/24/2008,Actividades de autocuidado,8/1/2002,Económica,2/15/2013,false
689704,Rene,Russ,rrussgt@discovery.com,6,Múltiple,Muy bajo,Media académica,Alto,1/23/2016,Bajo,false,11/19/2014,Actividades de autocuidado,9/24/2006,Múltiple,12/3/2021,false
43927,Goddard,Sammons,gsammonsgu@fastcompany.com,6,Económica,Medio,Media académica,Bajo,5/8/2003,Medio,true,8/1/2009,Otro,10/25/2005,Académica,10/11/2016,false
868820,Dalli,Filippo,dfilippogv@newyorker.com,7,Académica,Alto,Nuevo,Bajo,6/22/2013,Medio,true,12/10/2011,Terapia individual,7/15/2001,Académica,4/14/2007,false
33983,Lissa,Liversidge,lliversidgegw@illinois.edu,1,Económica,Muy alto,Admitido,Medio,7/3/2018,Alto,true,6/14/2021,Talleres psicosociales,1/19/2008,Económica,7/27/2004,false
110308,Veronike,Dudliston,vdudlistongx@google.cn,10,Múltiple,Bajo,Media académica,Bajo,12/23/2012,Muy Bajo,true,3/13/2017,Talleres psicosociales,4/12/2016,Académica,3/4/2011,true
980460,Debor,Dodds,ddoddsgy@instagram.com,2,Psicosocial,Bajo,Media académica,Medio,3/25/2017,Alto,false,4/23/2004,Terapia individual,7/2/2010,Académica,3/22/2002,true
804159,Kenon,Persich,kpersichgz@meetup.com,3,Económica,Bajo,Media académica,Alto,,Muy Bajo,true,9/9/2010,Actividades de autocuidado,2/13/2007,Psicosocial,3/26/2006,false
314208,Trenna,Olive,toliveh0@gov.uk,8,Económica,Muy bajo,Media académica,Bajo,4/25/2011,Bajo,true,3/16/2000,Otro,6/22/2005,Académica,2/4/2012,false
53500,Elysha,Le Page,elepageh1@gravatar.com,5,Psicosocial,Muy bajo,Media académica,Bajo,10/28/2009,Alto,false,5/19/2011,Talleres psicosociales,8/5/2010,Económica,12/26/2021,false
372907,Biddy,Ruggles,brugglesh2@desdev.cn,5,Académica,Alto,Nuevo,Alto,3/13/2008,Bajo,true,4/3/2004,Otro,8/3/2020,Académica,11/28/2010,true
380787,Grover,McKoy,gmckoyh3@amazon.co.jp,6,Económica,Muy alto,Admitido,Medio,6/29/2004,Bajo,false,4/28/2009,Talleres psicosociales,7/30/2004,Múltiple,6/11/2003,true
997150,Hall,Knoton,hknotonh4@facebook.com,7,Psicosocial,Alto,Nuevo,Bajo,11/17/2021,Alto,true,12/31/2006,Actividades de autocuidado,2/8/2011,Psicosocial,5/1/2001,false
461040,Arman,Oleshunin,aoleshuninh5@ibm.com,9,Psicosocial,Bajo,Media académica,Alto,9/27/2021,Medio,true,9/28/2002,Terapia individual,10/17/2001,Académica,1/11/2001,true
5534,Libbey,Antonignetti,lantonignettih6@engadget.com,2,Múltiple,Bajo,Nuevo,Bajo,4/4/2008,Bajo,true,12/3/2002,Actividades de autocuidado,7/10/2000,Económica,1/5/2005,true
338464,Darcy,Cressar,dcressarh7@reddit.com,4,Académica,Alto,Media académica,Medio,10/16/2007,Medio,true,7/12/2002,Talleres psicosociales,6/19/2011,Académica,1/22/2000,false
348488,Kitti,Buscombe,kbuscombeh8@bbc.co.uk,4,Académica,Medio,Media académica,Medio,3/2/2012,Muy Bajo,true,4/2/2010,Terapia individual,11/21/2010,Múltiple,5/20/2008,false
925921,Star,Slight,sslighth9@twitter.com,4,Económica,Medio,Nuevo,Bajo,5/27/2003,Bajo,false,4/1/2019,Otro,12/28/2011,Psicosocial,11/16/2014,true
457613,Pearle,Castille,pcastilleha@bravesites.com,5,Académica,Bajo,Media académica,Alto,5/12/2000,Medio,true,12/22/2017,Terapia individual,4/9/2000,Múltiple,5/7/2008,false
104926,Lorry,Pedlar,lpedlarhb@csmonitor.com,6,Académica,Alto,Media académica,Alto,4/21/2020,Medio,false,1/1/2009,Otro,9/3/2017,Económica,8/12/2019,true
599679,Jamie,Bluck,jbluckhc@usatoday.com,6,Académica,Bajo,Nuevo,Bajo,,Medio,true,7/28/2011,Talleres psicosociales,10/17/2002,Económica,2/15/2022,true
232455,Gonzalo,Gresswell,ggresswellhd@mysql.com,3,Psicosocial,Bajo,Media académica,Bajo,10/4/2015,Muy Bajo,false,6/13/2014,Talleres psicosociales,10/1/2004,Múltiple,4/30/2016,false
322763,Edith,Basile,ebasilehe@icq.com,9,Múltiple,Alto,Media académica,Bajo,6/28/2011,Bajo,false,2/13/2017,Asesoría grupal,10/26/2021,Múltiple,11/2/2005,false
762386,Rana,Hudghton,rhudghtonhf@google.co.uk,4,Múltiple,Muy alto,Admitido,Alto,2/24/2008,Muy Bajo,true,12/3/2020,Talleres psicosociales,8/10/2013,Académica,2/10/2016,true
391383,Culver,Gutsell,cgutsellhg@si.edu,3,Psicosocial,Muy alto,Admitido,Alto,3/23/2018,Alto,false,1/9/2003,Talleres psicosociales,2/18/2001,Académica,2/17/2005,true
425567,Rodd,Fison,rfisonhh@webnode.com,9,Múltiple,Bajo,Admitido,Bajo,3/3/2006,Medio,false,11/28/2022,Actividades de autocuidado,7/21/2007,Múltiple,12/13/2004,false
244330,Nellie,Hallett,nhalletthi@slate.com,4,Psicosocial,Muy alto,Admitido,Alto,9/28/2005,Bajo,true,3/7/2007,Terapia individual,12/12/2021,Académica,12/20/2008,true
136060,Vilma,Shoesmith,vshoesmithhj@latimes.com,4,Múltiple,Muy bajo,Media académica,Alto,6/10/2017,Bajo,true,5/19/2001,Talleres psicosociales,5/9/2001,Múltiple,9/14/2022,false
783176,Eduard,Shade,eshadehk@google.it,7,Económica,Alto,Admitido,Alto,7/3/2014,Bajo,false,10/15/2003,Actividades de autocuidado,4/28/2000,Múltiple,4/21/2000,true
323050,Jacquie,Kraft,jkrafthl@mlb.com,4,Económica,Bajo,Admitido,Bajo,7/12/2021,Alto,false,9/5/2018,Actividades de autocuidado,7/27/2011,Psicosocial,2/5/2009,false
790635,Roldan,McCraine,rmccrainehm@imgur.com,8,Económica,Muy alto,Nuevo,Alto,7/29/2018,Bajo,true,2/15/2008,Terapia individual,8/27/2001,Económica,10/22/2003,false
528200,Culley,Hellen,chellenhn@bigcartel.com,10,Psicosocial,Bajo,Nuevo,Bajo,3/17/2002,Medio,false,7/24/2010,Actividades de autocuidado,5/31/2014,Múltiple,1/29/2000,false
519383,Leonore,Muffitt,lmuffittho@slate.com,4,Económica,Muy bajo,Admitido,Medio,12/10/2019,Muy Bajo,false,11/29/2011,Asesoría grupal,12/5/2016,Psicosocial,3/6/2003,false
361441,Franciskus,Blenkinsop,fblenkinsophp@cornell.edu,7,Múltiple,Muy alto,Nuevo,Alto,6/11/2019,Alto,true,6/13/2021,Asesoría grupal,12/21/2020,Académica,8/30/2003,false
406914,Ode,Durning,odurninghq@nyu.edu,6,Económica,Alto,Admitido,Alto,9/19/2011,Bajo,true,8/2/2003,Asesoría grupal,11/8/2002,Múltiple,12/15/2004,true
599362,Stephenie,Ibeson,sibesonhr@jalbum.net,5,Múltiple,Muy alto,Media académica,Medio,4/26/2004,Bajo,false,10/16/2002,Talleres psicosociales,6/9/2016,Económica,12/15/2008,true
427451,Nanette,Muldrew,nmuldrewhs@mayoclinic.com,2,Económica,Muy bajo,Media académica,Bajo,9/25/2008,Bajo,true,8/9/2011,Otro,3/29/2001,Psicosocial,4/26/2015,true
337921,Timmi,Bakesef,tbakesefht@sourceforge.net,3,Psicosocial,Muy alto,Media académica,Medio,6/26/2004,Medio,true,5/31/2004,Terapia individual,10/31/2018,Económica,1/12/2014,false
788082,Gabrila,Fishbie,gfishbiehu@eventbrite.com,1,Académica,Bajo,Nuevo,Bajo,1/11/2000,Alto,false,2/11/2009,Otro,12/2/2010,Académica,4/9/2022,false
943478,Sharai,Aspey,saspeyhv@npr.org,4,Psicosocial,Muy bajo,Nuevo,Alto,5/18/2013,Muy Bajo,true,4/26/2018,Terapia individual,11/14/2019,Académica,11/17/2005,true
845141,Auberta,Bicker,abickerhw@bluehost.com,6,Académica,Bajo,Admitido,Bajo,1/10/2010,Medio,false,4/19/2009,Asesoría grupal,5/6/2017,Psicosocial,7/7/2022,false
104798,Rosamond,Clymo,rclymohx@last.fm,5,Económica,Muy alto,Admitido,Bajo,8/12/2009,Medio,false,5/1/2013,Terapia individual,6/16/2002,Económica,4/13/2022,false
122498,Enrichetta,Bleddon,ebleddonhy@jigsy.com,5,Académica,Alto,Admitido,Bajo,10/9/2017,Bajo,true,12/9/2017,Terapia individual,11/27/2011,Académica,7/23/2016,false
830569,Jessika,Fewkes,jfewkeshz@phoca.cz,6,Académica,Muy bajo,Nuevo,Medio,9/29/2002,Medio,true,4/20/2015,Terapia individual,12/19/2010,Múltiple,5/1/2009,true
900141,Quinlan,Isson,qissoni0@goodreads.com,1,Económica,Bajo,Admitido,Bajo,9/21/2007,Bajo,true,5/30/2009,Actividades de autocuidado,10/6/2016,Económica,4/18/2015,true
146687,Euphemia,Vasiliev,evasilievi1@instagram.com,6,Psicosocial,Alto,Media académica,Alto,12/16/2015,Medio,false,7/7/2004,Asesoría grupal,6/28/2000,Psicosocial,4/20/2015,false
616562,Reinald,Pothecary,rpothecaryi2@uiuc.edu,4,Psicosocial,Muy alto,Nuevo,Alto,6/4/2006,Bajo,false,10/12/2015,Talleres psicosociales,11/12/2007,Económica,3/26/2010,false
552847,Carey,Booeln,cbooelni3@cyberchimps.com,4,Psicosocial,Medio,Nuevo,Alto,2/28/2022,Muy Bajo,true,5/13/2016,Asesoría grupal,2/22/2020,Económica,11/6/2019,false
112027,Olympe,Tallboy,otallboyi4@twitpic.com,6,Psicosocial,Alto,Admitido,Medio,4/14/2021,Bajo,false,10/18/2021,Otro,6/25/2002,Psicosocial,6/8/2006,false
390867,Worthington,Myall,wmyalli5@qq.com,7,Psicosocial,Alto,Admitido,Bajo,4/14/2002,Muy Bajo,true,12/11/2011,Talleres psicosociales,11/23/2015,Económica,9/12/2006,false
429764,Riley,Tomasian,rtomasiani6@google.es,9,Múltiple,Medio,Nuevo,Alto,11/4/2004,Medio,true,5/27/2016,Otro,11/21/2001,Económica,9/19/2007,false
676687,Arel,Gutierrez,agutierrezi7@bing.com,8,Psicosocial,Muy alto,Nuevo,Alto,10/3/2018,Bajo,false,3/23/2003,Terapia individual,1/24/2012,Múltiple,8/3/2002,false
288211,Guntar,Kalinovich,gkalinovichi8@ow.ly,6,Académica,Bajo,Nuevo,Alto,2/16/2000,Medio,true,11/28/2014,Terapia individual,5/5/2016,Psicosocial,3/29/2004,true
475523,Eugen,Boyle,eboylei9@msu.edu,3,Económica,Bajo,Admitido,Medio,5/6/2012,Medio,false,11/29/2006,Asesoría grupal,12/31/2008,Múltiple,12/16/2021,false
649768,Auberon,Timperley,atimperleyia@wikia.com,3,Económica,Muy bajo,Admitido,Bajo,5/13/2012,Alto,false,4/18/2019,Asesoría grupal,6/27/2018,Académica,6/30/2018,true
568912,Regan,Hallbord,rhallbordib@facebook.com,10,Múltiple,Medio,Media académica,Alto,10/25/2021,Bajo,true,10/24/2013,Actividades de autocuidado,3/22/2010,Psicosocial,6/6/2016,false
604046,Jana,MacKimmie,jmackimmieic@about.com,2,Académica,Medio,Media académica,Alto,4/3/2020,Medio,true,4/18/2002,Terapia individual,10/27/2011,Psicosocial,6/16/2002,true
602664,Carroll,Larroway,clarrowayid@sohu.com,6,Económica,Alto,Admitido,Bajo,3/14/2003,Muy Bajo,false,7/14/2017,Otro,8/2/2020,Múltiple,5/14/2013,true
582566,Erich,Lerego,eleregoie@sbwire.com,8,Económica,Muy bajo,Nuevo,Medio,5/30/2005,Muy Bajo,false,10/15/2009,Terapia individual,3/2/2016,Económica,5/26/2003,true
854474,Ettore,Crump,ecrumpif@deviantart.com,4,Múltiple,Bajo,Nuevo,Bajo,7/29/2003,Alto,true,1/30/2017,Terapia individual,11/29/2000,Académica,12/15/2020,true
903068,Michal,Farland,mfarlandig@angelfire.com,1,Múltiple,Medio,Media académica,Bajo,1/14/2002,Bajo,false,1/31/2022,Otro,9/12/2007,Económica,9/28/2013,false
450620,Egor,Chamley,echamleyih@java.com,1,Económica,Muy alto,Media académica,Alto,,Alto,false,10/19/2011,Otro,9/11/2004,Académica,11/3/2005,true
700056,Glenn,McRavey,gmcraveyii@vistaprint.com,3,Económica,Alto,Nuevo,Alto,11/15/2006,Alto,false,10/24/2002,Otro,11/22/2017,Económica,8/24/2011,false
242383,Anthe,Dallan,adallanij@vimeo.com,7,Económica,Medio,Admitido,Bajo,8/25/2011,Bajo,true,7/3/2013,Otro,2/7/2010,Psicosocial,10/13/2006,true
753882,Chelsy,Lehenmann,clehenmannik@census.gov,10,Psicosocial,Bajo,Media académica,Medio,11/25/2001,Muy Bajo,true,1/16/2006,Talleres psicosociales,2/25/2005,Académica,6/14/2021,true
411544,Mortimer,Rudsdell,mrudsdellil@rakuten.co.jp,6,Psicosocial,Bajo,Nuevo,Medio,7/25/2002,Alto,false,12/31/2019,Talleres psicosociales,7/27/2004,Psicosocial,10/3/2009,true
391416,Kesley,Boscott,kboscottim@nba.com,10,Múltiple,Bajo,Nuevo,Medio,1/21/2014,Medio,true,4/22/2014,Otro,3/13/2014,Económica,3/30/2014,false
931480,Carlyn,Andreichik,candreichikin@ucla.edu,6,Múltiple,Medio,Admitido,Medio,4/12/2009,Alto,false,9/17/2003,Asesoría grupal,2/22/2017,Económica,6/22/2000,false
447216,Callida,Wagen,cwagenio@nasa.gov,5,Académica,Medio,Nuevo,Medio,11/12/2016,Bajo,false,10/16/2012,Actividades de autocuidado,10/8/2001,Económica,12/13/2010,true
770353,Robbyn,Fader,rfaderip@census.gov,1,Múltiple,Muy alto,Admitido,Bajo,5/14/2010,Bajo,false,6/7/2008,Asesoría grupal,8/14/2014,Múltiple,11/23/2011,true
31102,Gauthier,Fratczak,gfratczakiq@baidu.com,5,Económica,Bajo,Nuevo,Bajo,5/15/2009,Bajo,false,4/21/2006,Talleres psicosociales,7/22/2022,Económica,3/9/2009,false
909519,Keely,Bacup,kbacupir@ted.com,10,Psicosocial,Alto,Media académica,Medio,11/23/2006,Alto,false,9/21/2014,Terapia individual,7/7/2005,Económica,4/20/2021,true
246992,Parrnell,Iiannoni,piiannoniis@twitpic.com,8,Psicosocial,Bajo,Admitido,Alto,6/10/2020,Alto,false,4/12/2012,Talleres psicosociales,8/10/2016,Académica,12/3/2003,false
416100,Lettie,Barlace,lbarlaceit@123-reg.co.uk,5,Académica,Muy bajo,Nuevo,Bajo,,Alto,false,1/20/2007,Asesoría grupal,8/1/2011,Psicosocial,7/16/2016,false
24368,Stanton,Huckstepp,shucksteppiu@census.gov,3,Psicosocial,Medio,Media académica,Alto,8/2/2001,Bajo,true,9/13/2003,Asesoría grupal,7/26/2003,Económica,8/28/2010,true
744084,Rebekkah,McCleary,rmcclearyiv@cocolog-nifty.com,2,Económica,Muy bajo,Media académica,Alto,1/31/2017,Alto,false,9/12/2007,Otro,2/17/2006,Económica,5/3/2012,true
732300,Tremain,Demko,tdemkoiw@opera.com,3,Económica,Muy alto,Media académica,Medio,6/15/2005,Medio,false,12/12/2010,Actividades de autocuidado,8/12/2017,Académica,5/31/2009,false
35039,Giacobo,Le Brun,glebrunix@google.com.hk,8,Múltiple,Bajo,Media académica,Alto,4/16/2001,Bajo,false,12/23/2021,Talleres psicosociales,3/9/2014,Académica,4/22/2015,false
381070,Mersey,Gibb,mgibbiy@apache.org,2,Múltiple,Alto,Media académica,Medio,3/9/2021,Muy Bajo,true,3/19/2015,Actividades de autocuidado,10/15/2008,Académica,11/30/2011,false
917289,Davidson,Cuphus,dcuphusiz@nba.com,10,Económica,Bajo,Media académica,Alto,4/4/2002,Medio,true,12/30/2004,Terapia individual,1/25/2015,Psicosocial,8/8/2003,true
506495,Marcos,Karel,mkarelj0@drupal.org,6,Académica,Medio,Nuevo,Alto,1/2/2020,Medio,false,11/1/2014,Terapia individual,10/21/2002,Psicosocial,12/23/2021,true
568308,Lynde,Hayes,lhayesj1@ucsd.edu,10,Académica,Muy bajo,Media académica,Bajo,11/15/2014,Alto,false,10/3/2019,Asesoría grupal,11/8/2005,Económica,7/27/2017,false
359700,Otha,Hammell,ohammellj2@nature.com,7,Académica,Muy alto,Nuevo,Medio,2/10/2022,Bajo,false,11/17/2010,Talleres psicosociales,2/2/2000,Académica,6/1/2012,true
486024,Susie,Gallichiccio,sgallichiccioj3@sakura.ne.jp,5,Múltiple,Muy bajo,Nuevo,Bajo,8/22/2002,Bajo,false,8/20/2011,Talleres psicosociales,12/14/2008,Psicosocial,8/9/2004,false
804849,Lionel,Wattam,lwattamj4@theglobeandmail.com,3,Académica,Muy bajo,Nuevo,Medio,7/22/2011,Bajo,false,9/6/2007,Asesoría grupal,6/18/2001,Académica,3/12/2012,true
710160,Hatty,Laws,hlawsj5@quantcast.com,9,Psicosocial,Muy alto,Nuevo,Bajo,6/12/2010,Alto,false,4/6/2002,Talleres psicosociales,3/30/2005,Múltiple,3/12/2017,false
445109,Ximenez,Lambertz,xlambertzj6@arstechnica.com,6,Múltiple,Bajo,Media académica,Alto,5/27/2019,Alto,true,8/30/2005,Terapia individual,11/24/2004,Económica,12/19/2018,true
609443,Ardene,Charters,achartersj7@cbslocal.com,8,Psicosocial,Alto,Media académica,Bajo,12/10/2003,Alto,false,3/2/2015,Actividades de autocuidado,4/30/2010,Psicosocial,9/4/2020,false
18369,Silvie,MacGorrie,smacgorriej8@ovh.net,9,Económica,Bajo,Nuevo,Alto,,Alto,false,10/1/2014,Asesoría grupal,12/26/2007,Múltiple,4/24/2013,false
749470,Imogen,Macconaghy,imacconaghyj9@comcast.net,9,Múltiple,Medio,Admitido,Alto,3/27/2015,Medio,true,7/30/2003,Otro,1/15/2001,Académica,5/10/2005,false
478218,Gil,Luby,glubyja@wunderground.com,4,Académica,Muy bajo,Media académica,Medio,7/11/2007,Alto,false,1/11/2007,Asesoría grupal,2/17/2002,Académica,10/17/2017,false
270631,Roxanne,McGloughlin,rmcgloughlinjb@google.nl,1,Múltiple,Medio,Nuevo,Bajo,3/23/2018,Bajo,false,2/11/2004,Asesoría grupal,3/11/2018,Económica,7/26/2012,true
464780,Denny,Birrell,dbirrelljc@ebay.com,4,Psicosocial,Bajo,Nuevo,Bajo,12/13/2007,Muy Bajo,false,6/11/2014,Asesoría grupal,7/23/2004,Académica,1/19/2009,true
591028,Belia,Baudon,bbaudonjd@tinyurl.com,3,Múltiple,Muy bajo,Nuevo,Bajo,11/21/2001,Muy Bajo,false,11/7/2002,Otro,6/25/2017,Económica,4/18/2001,true
268728,Daisi,Bessant,dbessantje@blogger.com,10,Psicosocial,Muy alto,Nuevo,Medio,10/30/2020,Muy Bajo,true,5/1/2012,Terapia individual,7/15/2006,Psicosocial,3/28/2018,false
996274,Cordie,Mattiuzzi,cmattiuzzijf@indiatimes.com,1,Psicosocial,Medio,Nuevo,Bajo,7/25/2006,Bajo,false,9/8/2020,Actividades de autocuidado,6/5/2009,Psicosocial,9/16/2003,true
453719,Angel,Durbann,adurbannjg@hostgator.com,8,Académica,Muy alto,Admitido,Bajo,,Medio,true,3/12/2003,Otro,3/19/2022,Múltiple,3/17/2022,false
765357,Bert,Josskovitz,bjosskovitzjh@nsw.gov.au,8,Múltiple,Alto,Nuevo,Alto,,Muy Bajo,true,12/1/2005,Terapia individual,6/18/2005,Académica,1/7/2011,true
834410,Othella,Folshom,ofolshomji@about.com,8,Académica,Bajo,Media académica,Alto,1/6/2009,Alto,false,9/13/2011,Otro,9/22/2020,Múltiple,11/3/2018,true
503630,Frankie,Mitkov,fmitkovjj@vk.com,7,Económica,Muy bajo,Nuevo,Alto,12/6/2000,Alto,true,11/5/2013,Actividades de autocuidado,4/24/2008,Múltiple,4/2/2010,true
800968,Bail,Merriton,bmerritonjk@eventbrite.com,3,Académica,Muy alto,Admitido,Bajo,9/17/2017,Muy Bajo,false,4/27/2010,Terapia individual,2/23/2004,Académica,6/14/2016,true
308256,Elvina,Crisp,ecrispjl@army.mil,2,Académica,Muy bajo,Nuevo,Alto,7/31/2022,Medio,false,5/31/2019,Terapia individual,1/25/2015,Académica,8/12/2008,false
705794,Rachael,Beaufoy,rbeaufoyjm@infoseek.co.jp,6,Múltiple,Medio,Admitido,Bajo,3/22/2009,Medio,false,6/28/2019,Terapia individual,9/28/2015,Psicosocial,9/15/2002,false
530297,Lauralee,Eneas,leneasjn@cloudflare.com,1,Múltiple,Bajo,Admitido,Medio,1/28/2008,Medio,false,11/23/2012,Otro,12/18/2016,Múltiple,7/26/2013,true
623267,Brennen,Acres,bacresjo@google.com,7,Múltiple,Alto,Media académica,Alto,,Medio,false,7/22/2001,Otro,11/8/2015,Económica,10/24/2001,true
592639,Stevana,Cleynaert,scleynaertjp@i2i.jp,2,Psicosocial,Alto,Admitido,Medio,7/15/2007,Alto,false,8/29/2020,Terapia individual,2/5/2021,Múltiple,1/31/2021,false
640853,Siusan,MacMechan,smacmechanjq@surveymonkey.com,3,Económica,Muy bajo,Admitido,Bajo,6/16/2006,Bajo,false,6/28/2009,Actividades de autocuidado,5/19/2020,Académica,11/23/2020,true
686281,Farand,Abramamovh,fabramamovhjr@mapy.cz,7,Psicosocial,Medio,Media académica,Alto,6/29/2007,Medio,false,12/16/2005,Talleres psicosociales,8/5/2002,Económica,9/20/2016,false
943007,Avrit,Hayzer,ahayzerjs@wisc.edu,1,Múltiple,Muy alto,Admitido,Medio,12/22/2018,Alto,false,5/26/2018,Talleres psicosociales,5/13/2019,Académica,3/18/2012,true
45067,Natty,Redler,nredlerjt@lulu.com,6,Económica,Muy alto,Media académica,Medio,12/12/2020,Bajo,true,11/19/2021,Otro,12/29/2007,Económica,1/28/2018,false
934681,Flo,Morant,fmorantju@bloomberg.com,5,Económica,Muy alto,Media académica,Medio,8/24/2010,Medio,true,1/3/2021,Terapia individual,1/21/2002,Múltiple,6/18/2011,false
771829,Jillane,Govett,jgovettjv@1688.com,7,Múltiple,Medio,Nuevo,Medio,9/11/2014,Muy Bajo,true,12/4/2012,Terapia individual,7/14/2008,Psicosocial,7/9/2001,true
989533,Keely,Dayes,kdayesjw@abc.net.au,10,Académica,Alto,Admitido,Alto,7/19/2002,Alto,true,9/18/2019,Actividades de autocuidado,7/31/2002,Psicosocial,2/4/2005,false
784778,Vincent,Lovelock,vlovelockjx@geocities.com,3,Múltiple,Medio,Admitido,Alto,12/16/2020,Muy Bajo,false,8/3/2015,Actividades de autocuidado,2/21/2000,Psicosocial,3/8/2012,true
691986,Renelle,Burton,rburtonjy@chronoengine.com,8,Psicosocial,Medio,Admitido,Medio,2/6/2009,Bajo,true,5/5/2020,Actividades de autocuidado,1/13/2000,Económica,8/21/2008,false
414923,Kelley,Petronis,kpetronisjz@printfriendly.com,7,Económica,Alto,Nuevo,Bajo,12/14/2005,Bajo,false,12/5/2016,Otro,1/13/2012,Económica,1/13/2011,true
27759,Kris,O'Shiels,koshielsk0@youtube.com,1,Múltiple,Muy bajo,Admitido,Medio,9/19/2004,Medio,false,9/12/2014,Asesoría grupal,11/1/2011,Económica,10/15/2021,false
16473,Arin,Kupker,akupkerk1@washingtonpost.com,7,Económica,Muy bajo,Admitido,Medio,5/25/2019,Bajo,true,9/7/2017,Otro,5/14/2005,Económica,9/30/2012,true
842823,Dorie,Simonini,dsimoninik2@fastcompany.com,8,Económica,Muy alto,Nuevo,Alto,9/27/2015,Bajo,true,5/4/2002,Otro,2/14/2022,Psicosocial,7/14/2000,true
923741,Ronna,Slyvester,rslyvesterk3@reference.com,7,Económica,Medio,Nuevo,Bajo,5/7/2022,Bajo,false,5/29/2011,Asesoría grupal,8/3/2007,Económica,2/4/2003,false
292372,Rolf,Easdon,reasdonk4@msn.com,2,Múltiple,Muy alto,Media académica,Medio,6/19/2005,Medio,false,11/20/2013,Asesoría grupal,12/8/2019,Psicosocial,6/3/2008,false
442852,Janenna,Polet,jpoletk5@booking.com,6,Múltiple,Alto,Nuevo,Medio,6/5/2001,Bajo,true,2/9/2013,Asesoría grupal,4/18/2016,Psicosocial,5/9/2002,false
27530,Aurelia,Skeen,askeenk6@webnode.com,2,Académica,Alto,Nuevo,Bajo,12/14/2007,Muy Bajo,false,6/27/2000,Terapia individual,7/4/2006,Académica,12/20/2005,true
1754,Seline,Slinn,sslinnk7@booking.com,5,Psicosocial,Bajo,Nuevo,Alto,5/18/2004,Bajo,false,3/14/2006,Talleres psicosociales,4/29/2004,Académica,7/1/2021,true
537417,Raven,Kerslake,rkerslakek8@blogspot.com,2,Académica,Alto,Media académica,Medio,9/30/2020,Bajo,true,8/3/2007,Asesoría grupal,9/19/2007,Económica,4/9/2022,false
130279,Timmie,Hamlet,thamletk9@marketwatch.com,6,Múltiple,Bajo,Admitido,Bajo,5/28/2006,Medio,false,2/1/2015,Otro,11/22/2018,Múltiple,3/24/2006,false
643563,Moreen,Arendt,marendtka@dailymotion.com,2,Académica,Bajo,Admitido,Alto,10/11/2007,Alto,true,5/8/2011,Terapia individual,1/15/2004,Académica,6/16/2003,true
969949,Trix,Savine,tsavinekb@usgs.gov,1,Académica,Alto,Admitido,Alto,5/3/2007,Medio,false,7/1/2004,Asesoría grupal,7/4/2000,Múltiple,7/10/2001,true
732433,Kacy,Gooly,kgoolykc@zdnet.com,9,Psicosocial,Bajo,Nuevo,Medio,6/30/2004,Alto,false,6/25/2010,Talleres psicosociales,2/23/2019,Múltiple,2/2/2005,true
537443,Keelia,Cozens,kcozenskd@odnoklassniki.ru,1,Económica,Medio,Admitido,Alto,4/7/2001,Bajo,false,7/2/2006,Terapia individual,10/25/2005,Académica,3/1/2014,true
288415,Ynes,Ellershaw,yellershawke@mayoclinic.com,5,Psicosocial,Bajo,Nuevo,Alto,1/31/2004,Bajo,false,9/28/2003,Terapia individual,8/28/2007,Económica,7/27/2013,false
40522,Gran,Dilgarno,gdilgarnokf@geocities.com,9,Académica,Alto,Nuevo,Alto,4/1/2011,Medio,false,12/10/2004,Asesoría grupal,11/23/2018,Académica,1/24/2009,false
620535,Enrico,Scorer,escorerkg@eepurl.com,5,Múltiple,Muy bajo,Media académica,Bajo,8/19/2012,Medio,false,4/23/2008,Otro,10/19/2002,Académica,5/19/2006,false
876044,Derward,Mordey,dmordeykh@state.gov,5,Psicosocial,Alto,Admitido,Bajo,7/29/2015,Bajo,false,5/23/2007,Talleres psicosociales,6/2/2022,Académica,5/2/2022,false
420018,Grenville,Runge,grungeki@youku.com,5,Psicosocial,Bajo,Nuevo,Medio,11/12/2012,Medio,true,1/14/2011,Otro,11/24/2001,Psicosocial,9/15/2013,false
114063,Bay,Avory,bavorykj@blogger.com,10,Económica,Alto,Media académica,Bajo,12/24/2014,Medio,false,11/24/2001,Actividades de autocuidado,3/5/2020,Múltiple,8/7/2020,false
242799,Zachery,Huge,zhugekk@github.com,8,Económica,Bajo,Nuevo,Alto,,Muy Bajo,false,1/10/2004,Otro,5/7/2017,Múltiple,4/28/2000,true
68330,Leonore,Vizor,lvizorkl@sfgate.com,7,Académica,Medio,Admitido,Alto,2/23/2019,Medio,true,6/23/2022,Terapia individual,12/5/2014,Múltiple,3/12/2013,true
628018,Stefa,Maiden,smaidenkm@bravesites.com,9,Académica,Medio,Nuevo,Bajo,7/30/2011,Bajo,false,8/12/2019,Otro,7/25/2007,Económica,7/3/2017,true
948916,Nathanael,Woodfin,nwoodfinkn@de.vu,4,Académica,Muy alto,Nuevo,Bajo,8/20/2002,Bajo,false,7/26/2017,Talleres psicosociales,7/22/2019,Psicosocial,6/18/2009,false
306231,Iormina,Crunden,icrundenko@bing.com,5,Múltiple,Muy alto,Nuevo,Bajo,1/26/2015,Muy Bajo,true,8/22/2021,Terapia individual,3/2/2014,Múltiple,7/1/2021,false
302948,Brigg,Goncaves,bgoncaveskp@netvibes.com,7,Psicosocial,Bajo,Media académica,Bajo,3/6/2018,Alto,true,9/7/2000,Actividades de autocuidado,3/18/2005,Múltiple,2/25/2007,true
34457,Joachim,Lorman,jlormankq@themeforest.net,3,Psicosocial,Muy bajo,Admitido,Bajo,8/15/2018,Medio,true,10/20/2006,Talleres psicosociales,1/2/2015,Académica,9/24/2007,false
1095,Steve,Hallatt,shallattkr@phpbb.com,9,Económica,Bajo,Admitido,Medio,4/16/2000,Bajo,false,8/9/2021,Asesoría grupal,4/11/2001,Académica,6/16/2005,true
743856,Helsa,Robrow,hrobrowks@senate.gov,10,Económica,Bajo,Media académica,Bajo,12/29/2012,Muy Bajo,false,8/4/2017,Terapia individual,6/27/2006,Múltiple,9/22/2000,true
128460,Caitrin,Leavold,cleavoldkt@samsung.com,3,Múltiple,Bajo,Nuevo,Medio,8/26/2010,Medio,true,7/11/2018,Asesoría grupal,12/14/2005,Psicosocial,10/10/2005,false
29445,Gill,Weight,gweightku@hud.gov,2,Múltiple,Bajo,Nuevo,Bajo,11/28/2013,Medio,true,7/29/2001,Otro,1/26/2007,Psicosocial,7/6/2016,true
993136,Jania,Leopard,jleopardkv@imgur.com,3,Económica,Muy bajo,Nuevo,Bajo,10/26/2017,Bajo,true,6/16/2012,Talleres psicosociales,9/21/2006,Múltiple,8/2/2008,false
169935,Temple,Kempston,tkempstonkw@storify.com,1,Económica,Muy bajo,Admitido,Bajo,8/25/2001,Muy Bajo,false,1/28/2015,Asesoría grupal,12/28/2002,Psicosocial,1/17/2017,false
454443,Gustaf,Jansie,gjansiekx@bluehost.com,10,Psicosocial,Bajo,Admitido,Bajo,6/3/2020,Muy Bajo,true,6/18/2022,Asesoría grupal,7/12/2014,Económica,12/23/2010,true
565158,Deeyn,Turnell,dturnellky@flickr.com,10,Múltiple,Bajo,Nuevo,Medio,4/12/2018,Bajo,true,6/20/2022,Talleres psicosociales,2/29/2020,Múltiple,12/20/2003,false
381934,Lisle,Wynes,lwyneskz@mashable.com,5,Múltiple,Alto,Nuevo,Medio,6/28/2020,Bajo,false,6/30/2017,Terapia individual,2/23/2021,Económica,9/10/2010,true
774115,Jeanette,Peiro,jpeirol0@ycombinator.com,10,Económica,Muy alto,Admitido,Alto,4/27/2018,Alto,false,4/13/2022,Terapia individual,8/12/2012,Psicosocial,8/13/2006,false
251960,Iolanthe,Clemo,iclemol1@dailymail.co.uk,3,Económica,Muy bajo,Nuevo,Alto,4/1/2001,Alto,false,9/12/2016,Actividades de autocuidado,2/25/2022,Múltiple,3/18/2001,true
483410,Kennith,Philippet,kphilippetl2@ask.com,1,Académica,Muy bajo,Nuevo,Medio,3/14/2008,Alto,true,12/23/2011,Otro,7/18/2009,Académica,7/24/2013,true
370532,Randy,Troak,rtroakl3@jimdo.com,8,Económica,Muy bajo,Nuevo,Bajo,8/2/2000,Muy Bajo,true,8/13/2003,Otro,9/14/2010,Académica,3/13/2020,false
367122,Mickey,Benn,mbennl4@wsj.com,9,Múltiple,Muy bajo,Media académica,Alto,11/29/2004,Bajo,true,9/27/2019,Actividades de autocuidado,1/2/2009,Psicosocial,8/14/2009,true
4761,Rabbi,Willarton,rwillartonl5@marriott.com,9,Múltiple,Medio,Nuevo,Alto,1/3/2022,Medio,true,8/28/2019,Otro,5/13/2018,Múltiple,3/1/2008,false
727374,Carrie,Gurnett,cgurnettl6@paginegialle.it,9,Psicosocial,Muy alto,Admitido,Alto,10/9/2000,Muy Bajo,false,3/6/2000,Otro,1/24/2020,Psicosocial,10/28/2018,true
607877,Even,Burnand,eburnandl7@jigsy.com,10,Académica,Muy alto,Admitido,Alto,5/24/2002,Muy Bajo,false,8/31/2012,Otro,4/4/2002,Psicosocial,7/14/2001,true
355239,Oralle,Kempstone,okempstonel8@icq.com,4,Económica,Muy alto,Admitido,Alto,10/5/2010,Muy Bajo,false,7/29/2018,Asesoría grupal,5/4/2006,Económica,3/18/2008,false
581816,Ginni,Wyche,gwychel9@last.fm,2,Múltiple,Bajo,Media académica,Bajo,7/4/2011,Bajo,false,6/16/2009,Actividades de autocuidado,10/2/2015,Múltiple,11/28/2022,true
176041,Theobald,Scourge,tscourgela@joomla.org,6,Psicosocial,Bajo,Admitido,Bajo,1/11/2013,Muy Bajo,true,6/4/2004,Talleres psicosociales,6/15/2008,Académica,8/11/2016,false
25152,Truman,Dyott,tdyottlb@dedecms.com,1,Académica,Alto,Admitido,Alto,5/6/2016,Alto,false,11/11/2002,Otro,2/28/2000,Psicosocial,9/30/2018,false
988157,Demetria,McEwen,dmcewenlc@t.co,4,Económica,Alto,Admitido,Bajo,10/29/2008,Muy Bajo,true,2/4/2017,Terapia individual,10/17/2010,Múltiple,8/14/2009,false
540375,Arturo,Championnet,achampionnetld@gnu.org,8,Múltiple,Medio,Admitido,Medio,9/29/2010,Alto,false,1/29/2012,Terapia individual,9/27/2015,Psicosocial,6/2/2000,false
724452,Aubrie,Dimsdale,adimsdalele@reddit.com,5,Múltiple,Muy alto,Media académica,Alto,11/15/2000,Alto,false,5/26/2019,Talleres psicosociales,7/30/2000,Psicosocial,11/13/2006,false
782545,Creigh,Valasek,cvalaseklf@fda.gov,3,Académica,Alto,Media académica,Medio,7/6/2012,Muy Bajo,true,5/28/2010,Otro,6/2/2011,Múltiple,7/15/2005,false
835013,Winnie,Yackiminie,wyackiminielg@zdnet.com,8,Múltiple,Alto,Nuevo,Medio,10/26/2012,Medio,true,3/18/2022,Actividades de autocuidado,8/5/2022,Psicosocial,7/30/2015,false
432703,Byron,Haugh,bhaughlh@hubpages.com,6,Económica,Bajo,Nuevo,Bajo,3/15/2006,Medio,false,10/4/2012,Actividades de autocuidado,2/12/2017,Económica,12/27/2022,true
288485,Michal,Crates,mcratesli@usa.gov,5,Académica,Medio,Admitido,Bajo,8/13/2001,Alto,true,2/20/2019,Terapia individual,7/8/2017,Académica,3/14/2000,true
315108,Chane,Antonoczyk,cantonoczyklj@reference.com,6,Múltiple,Bajo,Admitido,Alto,3/6/2010,Bajo,false,6/29/2000,Terapia individual,6/16/2014,Psicosocial,4/18/2011,true
186428,Arty,Osbourne,aosbournelk@buzzfeed.com,7,Psicosocial,Alto,Media académica,Medio,9/26/2017,Bajo,true,6/22/2009,Otro,1/4/2016,Económica,10/31/2017,true
391042,Lacy,Labbez,llabbezll@issuu.com,1,Psicosocial,Muy alto,Admitido,Medio,11/25/2000,Medio,false,4/22/2020,Actividades de autocuidado,7/27/2011,Académica,5/20/2021,true
279177,Devonna,Mangam,dmangamlm@spotify.com,10,Psicosocial,Bajo,Media académica,Bajo,8/18/2019,Alto,true,2/25/2022,Otro,6/18/2015,Académica,6/19/2022,true
17968,Norina,Carayol,ncarayolln@altervista.org,4,Psicosocial,Medio,Media académica,Medio,10/29/2010,Medio,false,5/30/2017,Actividades de autocuidado,10/22/2008,Económica,11/20/2004,false
169627,Katusha,Barrows,kbarrowslo@go.com,2,Académica,Muy bajo,Nuevo,Bajo,9/7/2015,Medio,false,5/12/2002,Otro,7/28/2008,Académica,7/15/2001,true
693470,Earl,Duke,edukelp@pinterest.com,5,Múltiple,Alto,Admitido,Bajo,1/2/2013,Medio,true,5/30/2020,Talleres psicosociales,6/13/2004,Académica,4/12/2010,false
682720,Hillier,Farndon,hfarndonlq@cloudflare.com,3,Económica,Muy bajo,Admitido,Medio,5/21/2020,Muy Bajo,true,3/16/2017,Actividades de autocuidado,1/1/2011,Académica,1/18/2019,false
766999,Marius,Chatterton,mchattertonlr@sina.com.cn,9,Múltiple,Muy alto,Nuevo,Medio,,Bajo,false,1/17/2010,Actividades de autocuidado,8/10/2019,Múltiple,9/28/2008,true
48922,Laurice,Bromhead,lbromheadls@symantec.com,8,Múltiple,Alto,Admitido,Bajo,2/13/2008,Muy Bajo,false,6/25/2021,Otro,10/17/2005,Económica,5/18/2016,false
231955,Denny,Lipprose,dlipproselt@fotki.com,2,Múltiple,Muy alto,Admitido,Alto,11/5/2002,Alto,false,5/17/2019,Otro,2/13/2022,Psicosocial,7/3/2014,true
177590,Nicky,Obert,nobertlu@webnode.com,7,Económica,Muy bajo,Admitido,Bajo,11/15/2018,Bajo,true,1/2/2016,Talleres psicosociales,1/10/2020,Psicosocial,12/30/2005,false
470022,Hatti,Jeakins,hjeakinslv@4shared.com,5,Económica,Muy bajo,Nuevo,Alto,,Alto,true,5/2/2007,Actividades de autocuidado,3/12/2022,Académica,5/29/2007,false
765820,Adrea,Tames,atameslw@cmu.edu,4,Psicosocial,Medio,Admitido,Alto,10/8/2010,Medio,false,1/14/2008,Terapia individual,5/9/2009,Económica,3/19/2013,true
674176,Jolynn,Ingley,jingleylx@foxnews.com,8,Económica,Muy alto,Admitido,Medio,6/19/2003,Bajo,true,5/24/2007,Actividades de autocuidado,4/29/2004,Psicosocial,5/7/2002,true
938805,Ernestus,Copperwaite,ecopperwaitely@discovery.com,4,Psicosocial,Medio,Admitido,Bajo,3/14/2002,Alto,true,5/13/2022,Asesoría grupal,6/3/2006,Múltiple,9/30/2021,false
555837,Shalne,Yukhin,syukhinlz@rambler.ru,3,Académica,Alto,Admitido,Medio,7/2/2010,Bajo,false,1/14/2005,Asesoría grupal,8/10/2009,Académica,10/31/2006,false
481555,Barbee,Botger,bbotgerm0@cisco.com,6,Múltiple,Medio,Nuevo,Medio,2/27/2019,Muy Bajo,false,8/30/2003,Actividades de autocuidado,5/24/2005,Económica,10/24/2018,true
211137,Hammad,Dymick,hdymickm1@amazon.co.uk,3,Académica,Muy alto,Nuevo,Medio,1/2/2006,Medio,false,9/29/2018,Otro,9/17/2021,Múltiple,10/25/2017,false
296638,Kalila,Langfitt,klangfittm2@china.com.cn,6,Múltiple,Muy bajo,Admitido,Bajo,9/26/2010,Alto,false,9/12/2017,Actividades de autocuidado,4/21/2018,Académica,10/12/2009,true
159906,Othilie,McLane,omclanem3@uiuc.edu,10,Académica,Alto,Media académica,Alto,4/18/2000,Muy Bajo,false,9/12/2007,Terapia individual,9/11/2004,Múltiple,12/23/2015,false
149059,Gabie,Fuggle,gfugglem4@irs.gov,5,Económica,Medio,Admitido,Bajo,,Bajo,true,7/9/2003,Talleres psicosociales,10/16/2011,Múltiple,6/26/2017,false
369423,Nat,Chalk,nchalkm5@instagram.com,2,Múltiple,Bajo,Media académica,Bajo,8/4/2018,Muy Bajo,true,12/28/2014,Terapia individual,7/10/2022,Académica,9/29/2022,false
433617,Trescha,Burnard,tburnardm6@foxnews.com,5,Económica,Muy alto,Media académica,Medio,2/26/2005,Medio,false,9/1/2013,Terapia individual,11/22/2002,Económica,4/28/2006,false
970165,Jo ann,Stent,jstentm7@scientificamerican.com,5,Económica,Muy alto,Nuevo,Medio,2/5/2018,Muy Bajo,true,9/3/2006,Asesoría grupal,10/6/2016,Económica,4/15/2008,false
759609,Karel,Itzcovich,kitzcovichm8@altervista.org,8,Múltiple,Bajo,Nuevo,Bajo,8/20/2001,Alto,false,1/17/2019,Terapia individual,8/17/2013,Económica,9/11/2012,false
63155,Constance,Rathbourne,crathbournem9@hao123.com,5,Psicosocial,Muy bajo,Nuevo,Medio,4/28/2003,Medio,false,8/12/2016,Asesoría grupal,4/11/2014,Económica,11/22/2013,true
953393,Morly,Steward,mstewardma@cnet.com,4,Académica,Muy bajo,Admitido,Bajo,11/23/2004,Muy Bajo,false,7/4/2006,Terapia individual,9/6/2020,Psicosocial,2/13/2002,true
322939,Osbert,Breitling,obreitlingmb@feedburner.com,9,Psicosocial,Alto,Admitido,Alto,2/16/2002,Muy Bajo,true,3/20/2013,Otro,1/28/2010,Múltiple,7/7/2000,true
191971,Teena,Vedenyakin,tvedenyakinmc@ox.ac.uk,8,Psicosocial,Muy alto,Media académica,Alto,4/10/2014,Muy Bajo,false,10/9/2005,Talleres psicosociales,7/15/2022,Académica,8/14/2001,true
347799,Briant,Pancast,bpancastmd@ed.gov,9,Múltiple,Alto,Media académica,Bajo,3/25/2012,Medio,false,2/16/2003,Otro,4/1/2019,Económica,11/8/2002,true
421222,Wilbert,Serfati,wserfatime@wunderground.com,9,Académica,Muy alto,Admitido,Alto,7/28/2005,Muy Bajo,true,9/27/2007,Otro,4/17/2002,Múltiple,10/17/2018,true
673150,Lorrayne,Grenter,lgrentermf@smugmug.com,7,Psicosocial,Muy bajo,Admitido,Medio,10/17/2001,Bajo,false,3/25/2001,Otro,4/18/2003,Múltiple,11/15/2020,true
868466,Tracie,Cicero,tciceromg@google.it,7,Económica,Muy alto,Media académica,Medio,8/2/2013,Bajo,false,3/22/2011,Asesoría grupal,8/14/2002,Múltiple,8/26/2022,false
831955,Stanislaus,Gonet,sgonetmh@ca.gov,7,Psicosocial,Muy bajo,Admitido,Alto,12/2/2022,Bajo,false,11/18/2015,Talleres psicosociales,4/8/2004,Económica,3/31/2005,false
823569,Jaynell,Liversage,jliversagemi@desdev.cn,9,Múltiple,Alto,Admitido,Alto,10/25/2010,Alto,true,9/30/2014,Asesoría grupal,10/22/2007,Económica,11/17/2019,true
189263,Gabriella,Mazzilli,gmazzillimj@gmpg.org,3,Económica,Muy alto,Nuevo,Alto,11/2/2019,Alto,true,1/10/2021,Otro,7/17/2007,Múltiple,6/5/2022,true
615717,Ewen,Kenwell,ekenwellmk@archive.org,8,Económica,Medio,Admitido,Medio,4/18/2016,Alto,false,6/7/2006,Otro,1/30/2022,Académica,5/15/2005,true
248460,Ferdie,Dearden,fdeardenml@alibaba.com,7,Múltiple,Alto,Admitido,Medio,3/14/2022,Muy Bajo,true,12/11/2021,Asesoría grupal,10/8/2016,Económica,4/12/2000,false
67822,Peggy,Spilisy,pspilisymm@bluehost.com,2,Psicosocial,Muy alto,Media académica,Bajo,6/1/2008,Bajo,true,5/12/2019,Otro,1/11/2005,Académica,1/16/2012,true
457498,Shalne,Ridesdale,sridesdalemn@chronoengine.com,10,Económica,Muy alto,Media académica,Medio,2/2/2015,Alto,false,6/10/2022,Terapia individual,3/27/2008,Académica,3/2/2021,true
308981,Daniel,Macon,dmaconmo@delicious.com,2,Económica,Muy alto,Admitido,Medio,7/7/2022,Medio,false,6/14/2018,Actividades de autocuidado,10/28/2009,Psicosocial,11/9/2015,false
756161,Josey,Joss,jjossmp@opera.com,4,Académica,Bajo,Media académica,Medio,,Medio,true,11/23/2006,Asesoría grupal,3/1/2005,Múltiple,1/31/2003,true
634866,Michail,Ghilardini,mghilardinimq@yale.edu,10,Psicosocial,Muy bajo,Admitido,Bajo,8/18/2006,Alto,false,3/23/2010,Actividades de autocuidado,4/16/2022,Psicosocial,5/25/2017,false
968398,Rosaline,Primarolo,rprimarolomr@foxnews.com,6,Académica,Muy bajo,Nuevo,Alto,9/11/2007,Alto,true,1/30/2004,Terapia individual,5/22/2002,Académica,4/20/2004,true
641570,Iolanthe,Praten,ipratenms@amazon.de,3,Económica,Muy alto,Admitido,Alto,1/8/2016,Medio,false,7/25/2018,Talleres psicosociales,10/25/2006,Múltiple,9/12/2000,false
951032,Caryn,Cinderey,ccindereymt@unblog.fr,5,Múltiple,Muy bajo,Admitido,Bajo,2/19/2003,Medio,false,1/16/2013,Otro,7/21/2005,Económica,1/18/2010,false
459780,Vaclav,Bunny,vbunnymu@cafepress.com,5,Psicosocial,Muy bajo,Nuevo,Medio,9/1/2012,Bajo,false,2/12/2022,Terapia individual,9/2/2022,Académica,7/19/2020,false
479744,Chucho,Cockcroft,ccockcroftmv@lulu.com,10,Económica,Medio,Media académica,Medio,,Bajo,false,3/31/2003,Actividades de autocuidado,12/12/2004,Psicosocial,2/9/2014,true
262917,Stevie,Castellan,scastellanmw@ucsd.edu,7,Académica,Muy alto,Media académica,Bajo,6/6/2009,Bajo,false,12/18/2000,Otro,4/8/2002,Psicosocial,12/20/2010,true
559614,Tiphanie,McGilben,tmcgilbenmx@angelfire.com,8,Económica,Alto,Admitido,Alto,7/16/2014,Medio,true,3/29/2022,Asesoría grupal,9/1/2002,Psicosocial,2/15/2018,true
846958,Kerry,Mowles,kmowlesmy@flickr.com,7,Académica,Medio,Nuevo,Alto,9/17/2018,Muy Bajo,false,2/22/2021,Asesoría grupal,5/13/2010,Psicosocial,4/9/2021,true
67404,Ninnetta,Cuniam,ncuniammz@pinterest.com,6,Económica,Medio,Admitido,Bajo,7/22/2017,Medio,false,2/3/2003,Terapia individual,2/26/2018,Académica,8/30/2017,false
296093,Demott,Mosson,dmossonn0@bloglovin.com,4,Múltiple,Alto,Admitido,Bajo,5/27/2012,Bajo,false,12/3/2022,Actividades de autocuidado,4/10/2011,Psicosocial,2/14/2002,true
309546,Octavius,MacKaig,omackaign1@sfgate.com,3,Académica,Bajo,Admitido,Alto,7/30/2008,Muy Bajo,false,1/10/2009,Asesoría grupal,3/24/2003,Académica,11/27/2014,false
477164,Costanza,Corryer,ccorryern2@amazon.com,6,Académica,Alto,Media académica,Alto,2/2/2000,Muy Bajo,true,5/11/2010,Asesoría grupal,5/26/2015,Psicosocial,9/16/2003,false
753123,Elroy,Hickeringill,ehickeringilln3@businessinsider.com,1,Económica,Medio,Media académica,Bajo,3/14/2003,Bajo,false,10/15/2011,Asesoría grupal,6/12/2000,Múltiple,1/17/2003,false
550222,Garrett,Brixey,gbrixeyn4@netscape.com,9,Psicosocial,Muy alto,Nuevo,Medio,12/2/2015,Medio,false,8/31/2022,Otro,3/25/2006,Económica,12/13/2014,true
131876,Edie,Ebbrell,eebbrelln5@sfgate.com,4,Psicosocial,Medio,Admitido,Bajo,10/8/2014,Medio,true,6/16/2022,Talleres psicosociales,2/3/2001,Psicosocial,1/28/2014,false
516430,Vanni,Cyster,vcystern6@mediafire.com,6,Económica,Muy bajo,Nuevo,Medio,9/7/2012,Bajo,false,12/3/2006,Otro,1/12/2014,Académica,11/22/2016,true
664739,Corine,Wearing,cwearingn7@sfgate.com,4,Económica,Alto,Admitido,Medio,7/24/2009,Muy Bajo,true,6/15/2001,Terapia individual,9/13/2016,Económica,4/13/2003,false
54234,Petronia,Rodinger,prodingern8@last.fm,9,Académica,Bajo,Nuevo,Bajo,4/17/2005,Alto,true,6/26/2003,Actividades de autocuidado,5/15/2014,Económica,10/26/2009,true
72285,Odette,Pargeter,opargetern9@furl.net,10,Psicosocial,Muy alto,Nuevo,Medio,12/5/2008,Medio,true,10/26/2001,Terapia individual,6/24/2015,Psicosocial,5/12/2015,true
389985,Debee,Crayke,dcraykena@discuz.net,8,Académica,Muy bajo,Media académica,Medio,10/26/2019,Medio,false,3/21/2018,Otro,7/1/2011,Económica,6/13/2018,false
812476,Loralyn,Sandcraft,lsandcraftnb@answers.com,5,Psicosocial,Bajo,Nuevo,Medio,9/29/2018,Medio,true,4/18/2004,Terapia individual,3/11/2016,Múltiple,6/1/2004,true
399754,Cammy,Blunsum,cblunsumnc@plala.or.jp,10,Psicosocial,Bajo,Admitido,Medio,9/11/2006,Muy Bajo,true,2/20/2002,Actividades de autocuidado,12/30/2007,Académica,11/3/2003,true
823800,Jaclin,Detheridge,jdetheridgend@behance.net,6,Múltiple,Muy alto,Media académica,Alto,3/28/2020,Medio,false,1/7/2022,Otro,4/22/2019,Económica,5/4/2010,false
648482,Ricky,Kilby,rkilbyne@netvibes.com,9,Múltiple,Muy bajo,Admitido,Alto,3/2/2018,Alto,true,10/21/2011,Terapia individual,7/3/2011,Múltiple,1/16/2000,true
825896,Stanfield,Bastow,sbastownf@epa.gov,6,Psicosocial,Alto,Nuevo,Alto,6/5/2014,Muy Bajo,true,7/18/2009,Talleres psicosociales,4/7/2004,Económica,5/21/2005,true
745662,Gabby,Bakeup,gbakeupng@wordpress.com,3,Múltiple,Medio,Nuevo,Medio,10/24/2003,Bajo,false,6/11/2006,Terapia individual,10/12/2009,Psicosocial,9/14/2011,true
686914,Annis,Van T'Hoog,avanthoognh@sfgate.com,3,Académica,Muy bajo,Nuevo,Medio,5/23/2005,Muy Bajo,false,1/8/2011,Talleres psicosociales,10/28/2021,Múltiple,3/31/2013,false
624258,Marcelo,Jirek,mjirekni@indiatimes.com,10,Múltiple,Medio,Nuevo,Alto,10/29/2004,Muy Bajo,true,3/23/2015,Talleres psicosociales,11/8/2016,Múltiple,2/8/2004,true
221369,Eulalie,Riggulsford,eriggulsfordnj@purevolume.com,5,Económica,Muy alto,Admitido,Bajo,5/17/2002,Medio,false,10/29/2000,Otro,2/2/2020,Múltiple,9/5/2017,false
514642,Davidson,Macer,dmacernk@wufoo.com,7,Económica,Alto,Media académica,Medio,8/5/2017,Bajo,true,1/11/2018,Asesoría grupal,11/30/2000,Económica,5/28/2013,false
224363,Krishnah,Toppes,ktoppesnl@artisteer.com,6,Psicosocial,Bajo,Media académica,Bajo,5/3/2003,Medio,false,8/23/2014,Actividades de autocuidado,10/23/2018,Psicosocial,12/6/2012,true
523945,Wyatt,Agronski,wagronskinm@phoca.cz,8,Económica,Muy alto,Media académica,Medio,12/23/2011,Alto,true,2/20/2003,Asesoría grupal,12/3/2014,Psicosocial,8/3/2001,true
394721,Kathlin,Clemmett,kclemmettnn@slideshare.net,7,Psicosocial,Medio,Media académica,Bajo,,Medio,true,4/24/2010,Otro,2/26/2022,Múltiple,2/24/2011,false
868807,Tiffany,Standrin,tstandrinno@samsung.com,10,Múltiple,Alto,Media académica,Medio,2/25/2012,Bajo,false,2/16/2009,Otro,11/1/2005,Académica,8/25/2007,false
263471,Reinaldos,Kopacek,rkopaceknp@twitter.com,2,Económica,Muy bajo,Nuevo,Alto,6/9/2002,Alto,true,9/5/2009,Otro,5/19/2009,Económica,10/19/2008,false
883143,Leighton,Duferie,lduferienq@google.ca,5,Académica,Muy bajo,Media académica,Bajo,5/16/2001,Alto,false,9/16/2007,Talleres psicosociales,11/6/2022,Académica,12/30/2003,true
130552,Bondy,Kirkam,bkirkamnr@google.co.uk,10,Múltiple,Muy alto,Media académica,Bajo,11/19/2011,Bajo,true,6/8/2004,Actividades de autocuidado,7/15/2000,Académica,6/1/2017,false
551171,Adrianna,Gill,agillns@go.com,8,Académica,Medio,Admitido,Bajo,4/18/2011,Alto,true,11/4/2020,Actividades de autocuidado,3/28/2010,Psicosocial,5/1/2009,true
903329,Ker,Comusso,kcomussont@dailymotion.com,7,Múltiple,Muy bajo,Media académica,Bajo,5/17/2002,Medio,false,11/30/2017,Actividades de autocuidado,2/6/2003,Múltiple,10/30/2007,true
317833,Fidel,Niblock,fniblocknu@biblegateway.com,5,Múltiple,Medio,Admitido,Alto,3/31/2005,Muy Bajo,true,5/11/2012,Asesoría grupal,2/1/2022,Múltiple,5/9/2001,true
562629,Jdavie,Parell,jparellnv@angelfire.com,9,Psicosocial,Muy bajo,Nuevo,Medio,1/19/2009,Medio,false,10/18/2012,Talleres psicosociales,6/28/2019,Académica,4/20/2017,false
471324,Gavrielle,Oliveto,golivetonw@vistaprint.com,5,Múltiple,Muy alto,Admitido,Bajo,6/29/2021,Bajo,true,4/13/2007,Terapia individual,12/7/2011,Múltiple,8/26/2009,false
914033,Ban,Gullane,bgullanenx@huffingtonpost.com,2,Económica,Alto,Media académica,Medio,6/5/2010,Medio,true,11/7/2002,Terapia individual,8/5/2022,Psicosocial,2/25/2006,true
665751,Pammy,Pippard,ppippardny@oakley.com,1,Psicosocial,Bajo,Media académica,Alto,10/10/2006,Muy Bajo,false,9/1/2011,Talleres psicosociales,11/25/2000,Múltiple,8/14/2002,true
945423,Dalton,Pattie,dpattienz@istockphoto.com,6,Académica,Muy alto,Nuevo,Bajo,5/26/2021,Bajo,false,11/14/2021,Talleres psicosociales,1/14/2007,Psicosocial,3/31/2009,false
786394,Vaughan,Goggin,vgoggino0@plala.or.jp,4,Académica,Medio,Media académica,Bajo,1/2/2018,Medio,false,5/22/2014,Talleres psicosociales,9/17/2019,Psicosocial,10/11/2001,false
606004,Marlane,Raecroft,mraecrofto1@tuttocitta.it,5,Académica,Medio,Admitido,Bajo,12/11/2015,Medio,true,3/26/2016,Asesoría grupal,6/7/2013,Psicosocial,12/12/2021,true
748536,Aprilette,Ryhorovich,aryhorovicho2@apache.org,3,Académica,Medio,Admitido,Bajo,2/14/2009,Medio,true,7/1/2015,Terapia individual,1/24/2017,Económica,11/10/2009,true
3552,Aldous,Edgley,aedgleyo3@ask.com,10,Académica,Alto,Admitido,Bajo,4/25/2019,Medio,false,11/7/2001,Asesoría grupal,8/1/2004,Académica,1/10/2017,true
159652,Cristi,Dougliss,cdouglisso4@usatoday.com,6,Psicosocial,Muy alto,Nuevo,Medio,6/17/2017,Bajo,false,10/20/2000,Asesoría grupal,9/10/2002,Múltiple,11/6/2015,false
472168,Rebeca,Hayer,rhayero5@ameblo.jp,6,Múltiple,Medio,Media académica,Alto,6/22/2006,Medio,true,6/19/2019,Talleres psicosociales,2/6/2022,Económica,10/1/2003,false
779254,Ashlin,Braams,abraamso6@bandcamp.com,2,Múltiple,Medio,Media académica,Bajo,1/3/2005,Medio,true,12/16/2022,Terapia individual,12/4/2001,Psicosocial,5/1/2013,false
899733,Barbi,Nacci,bnaccio7@theatlantic.com,1,Económica,Alto,Nuevo,Medio,12/21/2010,Alto,false,4/11/2004,Otro,3/16/2022,Psicosocial,6/18/2010,false
74112,Christopher,Bothen,cbotheno8@dion.ne.jp,7,Académica,Muy alto,Media académica,Bajo,8/18/2017,Medio,true,6/2/2017,Actividades de autocuidado,9/28/2007,Psicosocial,3/28/2008,false
334580,Blanch,Ankrett,bankretto9@cam.ac.uk,6,Psicosocial,Muy bajo,Admitido,Bajo,8/21/2004,Alto,true,5/1/2017,Terapia individual,11/12/2012,Múltiple,11/17/2017,false
667283,Wendell,Plascott,wplascottoa@whitehouse.gov,3,Psicosocial,Medio,Admitido,Bajo,1/9/2009,Alto,false,8/15/2002,Talleres psicosociales,10/24/2016,Económica,9/25/2002,true
969521,Martin,Pagitt,mpagittob@hugedomains.com,1,Académica,Bajo,Media académica,Alto,8/7/2006,Alto,true,10/18/2003,Otro,9/19/2002,Múltiple,8/9/2001,true
393496,Lamond,Keoghane,lkeoghaneoc@flickr.com,7,Económica,Alto,Nuevo,Bajo,5/18/2014,Medio,true,7/17/2022,Otro,10/6/2021,Académica,10/8/2019,false
117891,Joshuah,Bearsmore,jbearsmoreod@ycombinator.com,1,Múltiple,Bajo,Media académica,Alto,2/1/2012,Bajo,false,12/12/2016,Asesoría grupal,2/9/2004,Académica,8/17/2018,true
638848,Eolanda,Jurczyk,ejurczykoe@youtube.com,6,Económica,Alto,Nuevo,Medio,8/5/2007,Muy Bajo,true,6/15/2015,Talleres psicosociales,9/14/2004,Psicosocial,2/11/2010,true
388810,Bowie,Studeart,bstudeartof@cyberchimps.com,3,Psicosocial,Medio,Nuevo,Bajo,7/21/2021,Bajo,false,1/3/2019,Otro,9/22/2012,Económica,8/11/2011,false
380343,Marissa,Schriren,mschrirenog@nhs.uk,10,Económica,Medio,Nuevo,Bajo,10/22/2015,Bajo,true,4/21/2021,Asesoría grupal,3/9/2010,Económica,3/10/2022,true
361644,Leshia,Bennen,lbennenoh@nsw.gov.au,2,Económica,Muy bajo,Admitido,Alto,12/22/2010,Bajo,true,2/10/2016,Talleres psicosociales,7/20/2019,Económica,9/24/2010,true
690998,Jacky,Serck,jserckoi@ox.ac.uk,1,Económica,Alto,Nuevo,Bajo,6/28/2001,Medio,true,12/14/2010,Talleres psicosociales,8/27/2021,Múltiple,11/15/2022,true
216787,Chrissie,Sommerscales,csommerscalesoj@rediff.com,3,Múltiple,Muy alto,Nuevo,Medio,8/3/2004,Medio,false,1/23/2010,Talleres psicosociales,6/16/2019,Académica,11/21/2012,false
685579,Asher,Scarf,ascarfok@aol.com,4,Académica,Muy alto,Media académica,Medio,12/30/2002,Bajo,false,5/23/2002,Terapia individual,6/18/2013,Múltiple,1/26/2004,true
595610,Britni,Nitto,bnittool@amazon.com,9,Múltiple,Muy bajo,Nuevo,Medio,3/25/2012,Alto,false,8/8/2021,Actividades de autocuidado,5/25/2011,Académica,7/8/2022,true
640144,Nonna,Crosfield,ncrosfieldom@washingtonpost.com,6,Múltiple,Muy bajo,Media académica,Bajo,11/29/2000,Medio,true,3/17/2002,Asesoría grupal,3/1/2013,Económica,5/10/2000,true
218441,Davita,Ruzic,druzicon@lycos.com,3,Económica,Alto,Admitido,Bajo,9/24/2020,Medio,false,10/31/2009,Asesoría grupal,7/12/2016,Económica,9/28/2022,false
333413,Gwyn,Wieprecht,gwieprechtoo@fda.gov,1,Psicosocial,Muy bajo,Admitido,Alto,2/3/2015,Medio,false,11/20/2017,Asesoría grupal,9/17/2022,Económica,6/4/2017,false
211280,Clerc,Dumberrill,cdumberrillop@aboutads.info,9,Académica,Muy bajo,Media académica,Medio,5/20/2021,Medio,false,11/22/2017,Otro,3/23/2018,Psicosocial,8/29/2011,true
885967,Guss,Straneo,gstraneooq@europa.eu,9,Múltiple,Bajo,Nuevo,Alto,8/20/2013,Alto,false,3/2/2017,Asesoría grupal,5/17/2017,Académica,7/2/2022,true
199199,Brigg,Klimkowski,bklimkowskior@aboutads.info,7,Académica,Alto,Admitido,Bajo,3/10/2013,Muy Bajo,false,10/3/2011,Terapia individual,6/11/2018,Psicosocial,9/10/2004,true
540610,Cecile,Jordon,cjordonos@smh.com.au,8,Académica,Muy bajo,Admitido,Bajo,1/27/2022,Medio,false,11/12/2007,Otro,5/9/2004,Académica,3/31/2012,true
185728,Emalee,Volcker,evolckerot@livejournal.com,1,Económica,Muy bajo,Media académica,Medio,3/25/2018,Medio,false,12/8/2016,Otro,8/12/2016,Académica,8/6/2017,true
809177,Toby,Bruyet,tbruyetou@economist.com,8,Múltiple,Muy alto,Nuevo,Bajo,12/10/2021,Alto,true,8/12/2000,Otro,12/31/2021,Económica,3/19/2014,false
927684,Charley,Jancey,cjanceyov@google.nl,5,Académica,Muy alto,Nuevo,Bajo,4/30/2019,Alto,false,4/5/2017,Asesoría grupal,11/25/2000,Académica,3/18/2007,true
634801,Meier,Bogue,mbogueow@vistaprint.com,5,Académica,Alto,Media académica,Bajo,,Medio,true,12/4/2004,Terapia individual,9/24/2020,Múltiple,8/23/2009,false
94081,Letty,Reyburn,lreyburnox@netvibes.com,6,Psicosocial,Bajo,Nuevo,Alto,4/18/2013,Muy Bajo,false,3/14/2008,Otro,3/13/2009,Económica,1/22/2002,false
110501,Grannie,Zanetto,gzanettooy@gnu.org,9,Múltiple,Medio,Nuevo,Alto,3/10/2008,Alto,true,2/2/2010,Asesoría grupal,11/16/2015,Económica,11/28/2018,false
932915,Ketti,Indge,kindgeoz@examiner.com,4,Múltiple,Alto,Admitido,Medio,9/26/2002,Muy Bajo,false,3/11/2005,Asesoría grupal,8/11/2019,Múltiple,1/22/2018,false
358752,Gloriana,Parzizek,gparzizekp0@tripod.com,5,Académica,Muy bajo,Media académica,Medio,5/5/2002,Alto,true,6/6/2019,Terapia individual,9/7/2004,Múltiple,12/6/2010,false
672770,Sam,Charlewood,scharlewoodp1@posterous.com,10,Múltiple,Medio,Nuevo,Alto,11/6/2015,Medio,false,10/7/2020,Otro,11/30/2003,Académica,4/1/2018,true
969378,Neddie,Slane,nslanep2@github.io,4,Académica,Muy bajo,Admitido,Medio,8/19/2008,Bajo,true,1/25/2022,Talleres psicosociales,1/24/2020,Académica,7/13/2013,false
812087,Rebbecca,Gregan,rgreganp3@usatoday.com,10,Psicosocial,Alto,Nuevo,Alto,1/3/2021,Muy Bajo,true,4/5/2012,Asesoría grupal,3/25/2017,Económica,9/22/2014,true
861796,Tamma,Caslett,tcaslettp4@google.cn,5,Académica,Alto,Media académica,Alto,,Muy Bajo,true,12/13/2014,Talleres psicosociales,7/28/2000,Psicosocial,7/29/2013,true
235236,Fairlie,Torrejon,ftorrejonp5@jimdo.com,10,Académica,Muy bajo,Admitido,Medio,3/19/2020,Medio,true,12/19/2014,Otro,2/17/2019,Múltiple,10/8/2005,true
786847,Lurline,Marcoolyn,lmarcoolynp6@sciencedaily.com,7,Múltiple,Alto,Admitido,Medio,5/7/2006,Bajo,false,12/24/2008,Actividades de autocuidado,4/16/2000,Psicosocial,1/19/2013,true
336707,Cahra,Cahalin,ccahalinp7@cam.ac.uk,2,Académica,Alto,Media académica,Alto,,Muy Bajo,true,8/9/2010,Actividades de autocuidado,4/12/2004,Académica,12/18/2012,false
48645,Johanna,Herreran,jherreranp8@ifeng.com,10,Académica,Muy bajo,Media académica,Medio,8/14/2002,Muy Bajo,false,4/10/2002,Otro,12/5/2001,Económica,6/6/2009,false
248231,Kahlil,Dolligon,kdolligonp9@blog.com,4,Múltiple,Medio,Admitido,Bajo,4/23/2000,Alto,false,11/20/2013,Terapia individual,1/12/2013,Psicosocial,3/25/2000,true
783225,Bancroft,McCaughan,bmccaughanpa@csmonitor.com,4,Múltiple,Muy bajo,Nuevo,Bajo,12/21/2002,Alto,true,5/16/2006,Asesoría grupal,10/5/2014,Múltiple,12/23/2019,false
415992,Pearline,Halling,phallingpb@4shared.com,5,Psicosocial,Alto,Admitido,Alto,11/13/2000,Bajo,false,6/9/2000,Terapia individual,5/12/2012,Académica,5/21/2000,false
101751,Jackie,Spollen,jspollenpc@mashable.com,8,Múltiple,Bajo,Nuevo,Alto,3/30/2020,Alto,true,6/13/2017,Actividades de autocuidado,7/6/2001,Económica,4/7/2009,true
851950,Moses,Craine,mcrainepd@list-manage.com,7,Económica,Medio,Admitido,Bajo,,Alto,true,6/29/2015,Otro,6/20/2015,Académica,11/15/2002,false
330079,Justin,D'Angeli,jdangelipe@diigo.com,4,Psicosocial,Muy bajo,Nuevo,Medio,3/26/2002,Muy Bajo,true,11/26/2012,Asesoría grupal,3/3/2018,Psicosocial,6/13/2022,true
224181,Hansiain,Shervil,hshervilpf@tumblr.com,1,Académica,Alto,Admitido,Alto,10/12/2018,Muy Bajo,false,4/29/2006,Actividades de autocuidado,2/2/2000,Múltiple,7/28/2004,true
751244,Jo,Measor,jmeasorpg@zdnet.com,1,Múltiple,Muy alto,Media académica,Medio,10/16/2014,Medio,false,6/6/2017,Asesoría grupal,5/1/2003,Psicosocial,4/17/2003,false
455923,Flossy,Byard,fbyardph@noaa.gov,2,Psicosocial,Bajo,Nuevo,Alto,9/8/2003,Bajo,true,3/6/2007,Actividades de autocuidado,8/18/2004,Psicosocial,6/14/2022,true
768782,Travis,Hull,thullpi@wiley.com,4,Académica,Bajo,Nuevo,Bajo,12/19/2017,Bajo,true,1/18/2009,Actividades de autocuidado,4/21/2019,Psicosocial,7/21/2001,false
736218,Aubine,Kemer,akemerpj@ovh.net,10,Económica,Medio,Admitido,Medio,6/13/2021,Alto,false,8/22/2000,Talleres psicosociales,3/16/2009,Psicosocial,6/28/2017,false
695496,Teodorico,Allnatt,tallnattpk@sina.com.cn,3,Múltiple,Muy bajo,Nuevo,Medio,3/13/2005,Alto,false,7/11/2012,Otro,12/3/2017,Académica,9/5/2002,false
393467,Reyna,Kurth,rkurthpl@sourceforge.net,10,Académica,Muy bajo,Admitido,Medio,,Medio,true,8/6/2015,Terapia individual,11/9/2012,Psicosocial,2/5/2022,false
751581,Yvor,Dana,ydanapm@behance.net,8,Económica,Alto,Nuevo,Bajo,2/11/2005,Alto,false,12/3/2005,Terapia individual,9/27/2022,Psicosocial,9/7/2020,false
5983,Shandra,Leheude,sleheudepn@wix.com,6,Académica,Alto,Media académica,Alto,11/8/2001,Muy Bajo,true,2/16/2019,Terapia individual,3/11/2010,Múltiple,3/9/2009,true
365709,Joye,Boman,jbomanpo@booking.com,8,Múltiple,Muy bajo,Media académica,Alto,1/5/2009,Muy Bajo,true,9/4/2022,Asesoría grupal,7/18/2015,Económica,6/19/2021,false
844071,Hilton,Stearndale,hstearndalepp@google.co.uk,3,Múltiple,Muy bajo,Admitido,Alto,,Medio,false,5/20/2014,Talleres psicosociales,8/7/2016,Económica,9/7/2018,true
566264,Hewett,Emeny,hemenypq@google.com,9,Múltiple,Bajo,Admitido,Medio,5/30/2014,Medio,true,11/17/2004,Terapia individual,6/16/2010,Académica,5/13/2012,false
174948,Candra,Bennit,cbennitpr@wsj.com,5,Psicosocial,Muy alto,Media académica,Medio,12/26/2005,Muy Bajo,true,1/12/2001,Otro,9/2/2022,Psicosocial,8/13/2005,true
780379,Zorina,Sacco,zsaccops@microsoft.com,8,Académica,Medio,Admitido,Alto,,Medio,false,12/6/2001,Terapia individual,5/17/2021,Múltiple,8/23/2010,true
367958,Marcelline,Tanswell,mtanswellpt@arstechnica.com,2,Múltiple,Medio,Media académica,Alto,12/21/2011,Alto,true,7/29/2021,Asesoría grupal,7/12/2008,Múltiple,9/12/2017,false
657553,Angela,Jurek,ajurekpu@github.com,2,Psicosocial,Bajo,Nuevo,Bajo,7/21/2013,Bajo,false,6/9/2002,Talleres psicosociales,1/23/2012,Múltiple,11/26/2014,false
822824,Nathalie,Bebbell,nbebbellpv@weather.com,10,Académica,Muy bajo,Media académica,Medio,8/6/2000,Bajo,false,2/7/2010,Terapia individual,2/26/2008,Económica,10/13/2018,true
449995,Maxi,Rallin,mrallinpw@instagram.com,7,Económica,Bajo,Media académica,Bajo,7/9/2013,Bajo,false,3/25/2022,Terapia individual,4/20/2006,Económica,10/22/2006,false
953775,Maxine,Thomlinson,mthomlinsonpx@whitehouse.gov,3,Múltiple,Alto,Nuevo,Bajo,6/12/2008,Alto,false,8/23/2020,Otro,8/8/2018,Académica,4/11/2006,false
831151,Zacharias,Seymer,zseymerpy@exblog.jp,8,Económica,Muy bajo,Nuevo,Bajo,4/25/2014,Muy Bajo,true,7/15/2001,Actividades de autocuidado,2/3/2013,Múltiple,2/15/2003,true
147504,Juliette,Engeham,jengehampz@sciencedirect.com,4,Psicosocial,Medio,Media académica,Bajo,2/22/2008,Bajo,false,7/9/2008,Talleres psicosociales,12/27/2010,Psicosocial,10/16/2004,false
880800,Annalee,Womersley,awomersleyq0@mozilla.org,4,Psicosocial,Medio,Media académica,Medio,7/2/2015,Muy Bajo,false,6/3/2014,Terapia individual,1/22/2003,Académica,6/10/2002,true
752839,Mag,Hebard,mhebardq1@comcast.net,2,Psicosocial,Muy alto,Admitido,Medio,9/5/2016,Bajo,true,7/21/2011,Actividades de autocuidado,3/14/2006,Psicosocial,6/22/2005,true
423158,Marlena,Revington,mrevingtonq2@yahoo.com,1,Múltiple,Muy alto,Admitido,Medio,6/2/2016,Bajo,false,5/24/2019,Asesoría grupal,1/11/2003,Psicosocial,12/31/2013,true
595195,Kylie,Lanning,klanningq3@prlog.org,10,Académica,Muy alto,Media académica,Medio,2/4/2001,Bajo,false,9/5/2019,Terapia individual,12/11/2012,Múltiple,1/22/2000,false
718292,Rowney,Vellden,rvelldenq4@hibu.com,7,Académica,Muy alto,Admitido,Alto,4/28/2001,Bajo,false,5/4/2011,Asesoría grupal,9/4/2021,Psicosocial,12/30/2009,true
364132,Skye,Wolstencroft,swolstencroftq5@indiegogo.com,5,Económica,Muy bajo,Nuevo,Bajo,1/3/2016,Medio,true,9/13/2004,Asesoría grupal,8/23/2006,Psicosocial,2/18/2007,false
839697,Aprilette,Bellee,abelleeq6@intel.com,3,Psicosocial,Muy bajo,Media académica,Bajo,,Medio,false,6/21/2003,Actividades de autocuidado,11/13/2012,Económica,6/27/2019,true
751813,Phillis,Khristoforov,pkhristoforovq7@sfgate.com,2,Múltiple,Medio,Media académica,Medio,10/2/2017,Medio,true,7/20/2005,Actividades de autocuidado,10/5/2001,Académica,4/8/2010,true
917285,Merla,Bliss,mblissq8@tumblr.com,3,Académica,Medio,Media académica,Alto,4/9/2013,Medio,false,9/20/2019,Otro,4/24/2012,Psicosocial,1/24/2005,true
62966,Fran,Curado,fcuradoq9@tinypic.com,2,Múltiple,Bajo,Nuevo,Bajo,1/4/2005,Medio,false,6/24/2015,Asesoría grupal,7/5/2013,Económica,1/25/2003,false
360665,Sunny,Mathissen,smathissenqa@businesswire.com,8,Académica,Alto,Nuevo,Alto,1/22/2002,Bajo,false,7/1/2004,Asesoría grupal,5/12/2009,Múltiple,3/2/2002,false
209936,Jefferson,Wabersich,jwabersichqb@jugem.jp,9,Psicosocial,Medio,Nuevo,Alto,,Muy Bajo,false,11/24/2003,Terapia individual,5/8/2016,Económica,7/6/2016,false
308651,Dave,Hampson,dhampsonqc@amazon.de,8,Múltiple,Bajo,Nuevo,Medio,8/25/2022,Medio,false,5/22/2012,Actividades de autocuidado,7/27/2003,Múltiple,11/13/2020,false
175617,Butch,Scolli,bscolliqd@123-reg.co.uk,5,Académica,Muy bajo,Admitido,Alto,,Bajo,false,8/1/2017,Actividades de autocuidado,6/14/2008,Académica,12/6/2020,false
138205,Jamima,Woolston,jwoolstonqe@ezinearticles.com,10,Académica,Alto,Admitido,Bajo,9/4/2006,Bajo,false,9/9/2019,Talleres psicosociales,8/13/2018,Múltiple,12/2/2014,true
930378,Steffane,Bruinsma,sbruinsmaqf@skype.com,8,Múltiple,Muy bajo,Admitido,Medio,4/7/2008,Bajo,true,11/12/2012,Talleres psicosociales,9/6/2009,Económica,1/8/2004,true
182998,Gussi,Cromie,gcromieqg@arizona.edu,4,Múltiple,Muy alto,Admitido,Alto,,Bajo,true,6/13/2012,Actividades de autocuidado,9/19/2012,Psicosocial,2/26/2022,true
552788,Jacenta,Barme,jbarmeqh@plala.or.jp,9,Económica,Muy alto,Admitido,Bajo,11/22/2012,Medio,false,8/17/2014,Asesoría grupal,7/28/2008,Múltiple,9/24/2012,false
456231,Yetty,Cordelet,ycordeletqi@msu.edu,3,Múltiple,Medio,Nuevo,Alto,5/29/2000,Bajo,false,6/23/2009,Asesoría grupal,7/4/2003,Académica,7/26/2016,true
713374,Norri,Phillimore,nphillimoreqj@pcworld.com,7,Múltiple,Muy bajo,Media académica,Alto,12/1/2000,Medio,true,4/14/2007,Talleres psicosociales,1/6/2013,Económica,11/18/2015,true
7992,Keane,Woller,kwollerqk@github.com,8,Académica,Muy bajo,Media académica,Medio,9/15/2009,Bajo,false,1/13/2000,Talleres psicosociales,5/13/2002,Económica,4/13/2021,true
517126,Lucie,Murfin,lmurfinql@loc.gov,5,Económica,Bajo,Admitido,Medio,6/1/2005,Medio,true,3/5/2005,Asesoría grupal,9/3/2015,Académica,10/31/2018,true
422428,Emilee,Outerbridge,eouterbridgeqm@g.co,10,Múltiple,Alto,Nuevo,Alto,10/16/2022,Muy Bajo,false,9/14/2015,Talleres psicosociales,2/6/2004,Académica,9/8/2008,true
469319,Hilly,Hounsom,hhounsomqn@reddit.com,2,Psicosocial,Alto,Media académica,Bajo,8/28/2022,Bajo,false,8/3/2004,Terapia individual,1/4/2019,Académica,5/2/2014,false
503982,Rebekah,Titlow,rtitlowqo@usatoday.com,1,Psicosocial,Bajo,Nuevo,Bajo,9/22/2001,Alto,true,5/9/2022,Otro,5/20/2021,Económica,1/9/2006,false
541237,Merwin,Diddams,mdiddamsqp@cafepress.com,5,Psicosocial,Muy alto,Admitido,Medio,12/27/2012,Muy Bajo,true,9/13/2021,Asesoría grupal,11/1/2001,Económica,6/14/2011,true
30265,Pammi,Charrier,pcharrierqq@npr.org,1,Psicosocial,Bajo,Media académica,Medio,6/12/2020,Alto,true,7/3/2017,Terapia individual,2/2/2006,Económica,12/3/2016,true
170512,Giavani,Bastick,gbastickqr@uol.com.br,7,Psicosocial,Muy bajo,Media académica,Alto,8/24/2006,Medio,true,10/31/2020,Asesoría grupal,4/29/2019,Económica,12/21/2021,false
712938,Shalne,McChesney,smcchesneyqs@narod.ru,7,Múltiple,Bajo,Nuevo,Alto,10/6/2000,Medio,false,10/9/2006,Talleres psicosociales,3/29/2003,Múltiple,7/4/2006,true
993010,Currey,Hickisson,chickissonqt@harvard.edu,2,Múltiple,Muy alto,Media académica,Medio,7/19/2015,Muy Bajo,false,10/12/2002,Asesoría grupal,12/28/2005,Múltiple,6/20/2006,true
653250,Roxanne,Heeran,rheeranqu@archive.org,3,Psicosocial,Bajo,Admitido,Alto,2/12/2002,Bajo,false,8/23/2013,Asesoría grupal,5/14/2001,Múltiple,6/21/2008,false
126141,Lev,Arnson,larnsonqv@java.com,2,Académica,Muy bajo,Nuevo,Medio,2/15/2019,Muy Bajo,true,4/27/2005,Otro,2/22/2015,Económica,4/25/2009,false
910980,Audrey,Isacke,aisackeqw@addthis.com,3,Múltiple,Muy alto,Media académica,Alto,1/30/2013,Muy Bajo,true,7/17/2008,Otro,2/10/2015,Académica,10/30/2015,false
597470,Nathalie,Paz,npazqx@51.la,6,Económica,Bajo,Nuevo,Alto,2/14/2002,Alto,false,12/12/2014,Terapia individual,11/21/2003,Múltiple,9/26/2003,false
338072,Jonathon,Galliard,jgalliardqy@sphinn.com,3,Académica,Alto,Nuevo,Bajo,10/27/2005,Alto,true,3/25/2006,Terapia individual,8/3/2018,Económica,11/24/2001,false
36290,Sibel,Burwell,sburwellqz@seattletimes.com,9,Múltiple,Alto,Admitido,Bajo,10/12/2020,Bajo,false,3/28/2013,Talleres psicosociales,1/25/2002,Psicosocial,8/2/2003,false
952044,Riki,Grinyakin,rgrinyakinr0@twitter.com,10,Psicosocial,Muy alto,Admitido,Alto,1/3/2015,Bajo,false,5/29/2011,Terapia individual,2/27/2022,Económica,8/8/2006,false
683067,Bobbette,Drydale,bdrydaler1@dropbox.com,2,Económica,Muy alto,Admitido,Bajo,1/29/2000,Bajo,false,2/14/2013,Talleres psicosociales,2/15/2010,Académica,9/10/2022,true
171879,Barrie,Tortis,btortisr2@webnode.com,3,Múltiple,Bajo,Media académica,Alto,8/9/2001,Medio,true,2/17/2009,Talleres psicosociales,12/8/2008,Múltiple,8/9/2010,false
838410,Avrom,Vasiljevic,avasiljevicr3@barnesandnoble.com,9,Económica,Bajo,Nuevo,Medio,2/5/2020,Alto,false,8/15/2020,Asesoría grupal,5/7/2015,Psicosocial,7/24/2008,false
992900,Alicea,Smithson,asmithsonr4@paypal.com,9,Múltiple,Muy bajo,Media académica,Medio,7/26/2011,Bajo,false,5/14/2003,Talleres psicosociales,9/11/2003,Múltiple,10/22/2005,true
529669,Kristos,Dearness,kdearnessr5@arstechnica.com,2,Psicosocial,Muy alto,Media académica,Alto,7/12/2009,Alto,false,8/19/2002,Terapia individual,5/1/2000,Múltiple,3/8/2014,true
335507,Thaine,Magrannell,tmagrannellr6@toplist.cz,1,Académica,Medio,Admitido,Alto,12/21/2016,Medio,true,4/25/2018,Talleres psicosociales,2/10/2006,Económica,5/27/2006,false
365100,Augustina,Wrotchford,awrotchfordr7@over-blog.com,8,Académica,Alto,Admitido,Medio,12/21/2011,Alto,false,11/16/2008,Terapia individual,11/9/2015,Múltiple,8/3/2005,true
448125,Ber,Geale,bgealer8@archive.org,2,Psicosocial,Alto,Media académica,Bajo,7/31/2001,Medio,false,6/6/2012,Actividades de autocuidado,10/24/2020,Económica,5/7/2005,false
590599,Blondell,Dwire,bdwirer9@addtoany.com,4,Múltiple,Medio,Media académica,Alto,4/16/2004,Bajo,true,2/10/2009,Terapia individual,9/3/2002,Psicosocial,8/2/2009,false
873870,Beniamino,Prosch,bproschra@wufoo.com,6,Económica,Bajo,Nuevo,Medio,1/10/2010,Medio,false,1/3/2013,Terapia individual,4/26/2016,Académica,2/8/2017,true
76155,Cherish,Erat,ceratrb@eepurl.com,8,Académica,Muy bajo,Media académica,Medio,,Alto,false,1/28/2013,Actividades de autocuidado,6/6/2012,Económica,1/12/2018,true
457584,Nolie,Shrimptone,nshrimptonerc@wikispaces.com,8,Económica,Medio,Media académica,Bajo,5/18/2018,Muy Bajo,true,9/14/2003,Asesoría grupal,2/27/2001,Académica,1/2/2021,true
405890,Sharleen,de Guise,sdeguiserd@fda.gov,5,Académica,Bajo,Nuevo,Alto,12/20/2006,Medio,false,10/2/2007,Otro,5/5/2015,Académica,3/23/2009,false
861167,Gwyneth,Ullett,gullettre@amazonaws.com,3,Académica,Alto,Admitido,Medio,11/14/2018,Muy Bajo,false,9/7/2007,Talleres psicosociales,11/26/2006,Económica,12/19/2004,false
747708,Noella,Volk,nvolkrf@freewebs.com,3,Psicosocial,Bajo,Nuevo,Alto,11/25/2011,Medio,false,2/6/2005,Terapia individual,8/23/2012,Académica,7/27/2006,true
153124,Felice,Dearing,fdearingrg@desdev.cn,1,Académica,Medio,Media académica,Alto,,Muy Bajo,false,1/7/2021,Terapia individual,7/3/2004,Económica,2/1/2003,false
330636,Fallon,Kunzelmann,fkunzelmannrh@virginia.edu,7,Psicosocial,Medio,Nuevo,Medio,10/24/2007,Muy Bajo,true,7/25/2011,Otro,3/29/2015,Múltiple,9/16/2011,false
961283,Otha,Feasley,ofeasleyri@youku.com,5,Académica,Muy alto,Nuevo,Bajo,9/25/2006,Muy Bajo,false,10/28/2021,Actividades de autocuidado,10/11/2016,Académica,7/13/2020,false
169420,Kattie,Simmings,ksimmingsrj@blogtalkradio.com,4,Económica,Muy alto,Admitido,Medio,9/12/2006,Muy Bajo,true,3/4/2012,Asesoría grupal,2/26/2017,Académica,5/8/2006,false
370406,Rosmunda,Romagnosi,rromagnosirk@mozilla.com,8,Psicosocial,Bajo,Media académica,Alto,3/4/2008,Bajo,false,9/25/2014,Otro,4/29/2009,Académica,7/11/2018,true
641075,Jeddy,Jakel,jjakelrl@irs.gov,9,Académica,Medio,Nuevo,Alto,6/19/2007,Alto,true,2/13/2022,Terapia individual,3/12/2003,Académica,9/10/2014,false
673546,Dinnie,Swansbury,dswansburyrm@mysql.com,9,Psicosocial,Alto,Media académica,Bajo,3/13/2020,Muy Bajo,false,11/6/2000,Otro,6/30/2010,Múltiple,5/18/2004,false
258908,Andie,Remmer,aremmerrn@amazon.com,6,Psicosocial,Alto,Admitido,Alto,8/30/2011,Alto,true,4/11/2006,Asesoría grupal,3/27/2016,Múltiple,10/12/2013,false
744573,Gregoire,Brennenstuhl,gbrennenstuhlro@whitehouse.gov,9,Académica,Alto,Admitido,Alto,12/15/2013,Alto,true,11/11/2020,Terapia individual,9/6/2010,Económica,4/26/2021,true
847743,Beck,Steketee,bsteketeerp@army.mil,2,Económica,Muy bajo,Media académica,Medio,2/21/2019,Bajo,true,6/23/2019,Talleres psicosociales,6/9/2006,Múltiple,11/1/2003,false
983516,Lynnett,Growcock,lgrowcockrq@rakuten.co.jp,10,Académica,Bajo,Nuevo,Alto,9/17/2010,Bajo,false,5/13/2018,Asesoría grupal,7/22/2013,Económica,11/4/2004,true
916143,Hinda,Calcott,hcalcottrr@desdev.cn,7,Múltiple,Muy alto,Admitido,Alto,5/27/2014,Bajo,true,5/16/2003,Asesoría grupal,5/30/2017,Psicosocial,7/14/2014,false
